replicate,network_seed,opinion_seed,producer_assignment_seed,simulation_seed
0,65583179,623656047,245378476,1832619589
1,1194509389,1579171980,1902511893,1430609973
2,1482489492,1896230959,1048920119,250429967
3,1132718658,885118435,1141311234,155065781
4,371536372,1587245653,2019921348,1393904558
5,324311484,1095705029,1991909492,944388054
6,2121008945,1973173988,1944269170,1858624059
7,1916677604,1189820944,166401295,716351159
8,1685978544,1771017367,506871175,1174460861
9,740747344,1958366663,1806432353,1029771407
10,506514354,96537337,2093210988,956364330
11,1252895936,1781374035,453508379,547598160
12,1902963570,593402330,104636275,58341444
13,1333099144,1752229242,814891589,1623148903
14,1502157319,2084073645,939317761,2107716982
15,943190730,1603547288,258471579,1317470266
16,1619001051,88199783,468718653,1065860094
17,2095206080,1351970783,1716090267,1594584142
18,299726,648046976,1271296286,93653058
19,412174899,1250674395,904324063,475938414
20,570655263,259640012,114634243,1298803230
21,1489728226,312760727,172210595,382781186
22,932438464,1115376772,811878723,444850776
23,340984472,244382419,1241527055,47020221
24,1504888931,2098693957,1631480379,465320965
25,1941860795,1863823949,1857177730,1660649778
26,1547060142,2118319168,710754626,1934725687
27,240571604,1657949388,1387948581,1017997520
28,1193795466,1456735872,532578292,1971406028
29,658632477,401663494,674270626,2102547212
30,361595229,1092928766,1855070567,1234322566
31,1303914238,1754440525,1360141923,722888444
32,62831229,75979754,57517079,598333392
33,825852196,429972640,1374293398,1632490341
34,1777798622,1206185612,1859461057,264825292
35,717018728,859911327,995596699,1550636445
36,818180769,2037291052,1792062898,970195804
37,295927604,1875602067,1028679280,312482743
38,1372858890,1422337970,962826212,434241109
39,2119612469,1576351691,1796017318,1450837653
40,1985321432,823933397,909635928,1023840883
41,337246826,501583835,1745168422,12847236
42,1287628092,1965680293,185086855,708986269
43,1460015478,2090072299,1667446771,98586251
44,1344457956,691025273,332700792,444576700
45,1855647487,63158886,439458993,1834353061
46,560863661,730443665,2145273919,1958561162
47,1758961961,2088231003,757797410,1369118
48,672193298,2124512806,1654038981,1351968834
49,1334381808,389615178,811236578,971450778
50,827599667,91397264,1739890502,1566565571
51,1391030767,222152092,322752307,1594044038
52,1109092959,312638414,2022393895,370949095
53,1000855095,1907985908,1209348577,497822167
54,965053607,1576556800,756295425,329862244
55,191591643,1144924932,1937653397,778890675
56,175242133,638869457,1823885194,255340214
57,1839126186,1870160365,1293644128,1548957518
58,2022873289,272329480,2034777638,318373562
59,51904844,1496967971,58558910,1617344534
60,1432442171,1025902284,2132394949,218128397
61,666606988,1656292906,1379885613,852462275
62,1452183140,551211323,129187787,640863030
63,1261504252,1353003070,66822872,1238465200
64,725963712,938137101,706191908,1242671089
65,2100300384,1941532472,2063167695,1944305798
66,1390708644,1097138598,1721849170,848040038
67,709739252,902232106,12753647,9191541
68,1233648267,1032836479,2074219073,50870773
69,1236102420,1726142062,1539978084,254329043
70,1480124507,939835119,548355277,1544309904
71,2045955917,919381770,1226312690,1565089176
72,1330656287,26685229,1661733457,1191105186
73,1377866226,614223409,496501890,8922680
74,377042939,1716439454,2098536086,1706854715
75,1352610295,269490611,475375024,733364371
76,214899129,1974831382,715873258,1425347024
77,891497154,1882254038,1651993432,1142732496
78,1279078117,1981224746,373269261,51727827
79,1427906900,571605316,313610571,1919568862
80,1057075717,719044195,696572064,881935079
81,2052143238,1310987054,1339360786,572894871
82,94205027,294791076,706657983,1751050969
83,735596747,2085766956,2025258723,1284650224
84,1280679357,1509720672,1760644402,1286868126
85,1613406066,1598780261,473139980,2033502625
86,382994125,741491909,733744586,1271529684
87,1252974983,89902410,1021617003,2144681633
88,1439456811,1587032944,1947004189,767671929
89,1262306871,1759988972,1062271297,1810307812
90,1591164733,1304254351,745090288,575375459
91,681316370,1231662270,1622524527,514537177
92,186910270,208002429,526029968,1395405912
93,1816216186,1444962540,303654737,600253024
94,1379170177,1797317351,1827811023,1821679746
95,1407486841,723207488,1243275275,8801997
96,1473575146,707272091,2065029947,2051533775
97,1227958697,862268710,1124574916,67371877
98,457398646,1637362505,1530986775,678268343
99,1383888509,905945390,421827964,1997473392
100,981701929,2079685671,1573209505,89674116
101,1207635081,584347374,1282047904,1337096935
102,862488181,1365461782,1051302691,642387728
103,152198684,495395718,1397154948,2011104910
104,2035976366,1063091625,1929613810,1268869010
105,455203061,1738600127,804753083,93862244
106,1199030206,1844522169,248394382,1863892686
107,600581010,657590430,1268094073,919320422
108,498853763,1575424619,437941179,110087835
109,739932538,1054400975,71223841,148539675
110,478680277,669702015,1052778858,978148341
111,527998972,1161847924,1467638994,1258588826
112,2127730533,1339554705,1249746206,642309787
113,422202473,434656257,1054061324,1539515692
114,874948957,1002890780,1123654708,1365297776
115,928536096,1541941241,1607196904,525174468
116,1647651220,1855407708,995139450,830058878
117,278853193,610856718,839820710,203559487
118,1252903381,1140476841,554901723,1355528575
119,1150467987,1762956337,1603468648,920186431
120,1167542922,1531854236,2001985634,1311234691
121,763534203,172976772,830105774,284070050
122,1934009528,571346815,1446162159,1890493555
123,870343440,368659194,1923953485,1696002139
124,1490178144,1299990632,1264610012,1996337022
125,714603858,532217218,1768070980,1736958403
126,444210835,416825076,1126549719,1356292366
127,358967831,2069686114,1612244608,1295284174
128,1994389323,771238993,513340007,1716220321
129,715546289,1179234651,1352600271,1506424772
130,1952823029,85831193,2072645431,455826034
131,1225158453,641083562,1893919617,1197779841
132,1832499170,592574500,1395207258,1252295961
133,1994919679,650246677,590172941,713780355
134,984320701,1201079186,727143391,799511940
135,191638758,1963839590,118253272,881077320
136,1593604884,2129326710,117226754,1949780520
137,1549703841,1799360640,43787276,623020721
138,1201792297,886584116,725901327,668761327
139,210464351,1095664211,1633642810,331752710
140,1030213535,1188678273,79012816,1664201529
141,305795067,1186666523,1864324587,1909621674
142,379043800,177978984,1773839640,1684159322
143,1339850184,605086582,1314375600,2130204794
144,206302629,98405050,1648547605,1118841171
145,1999854996,1754483385,1369035351,977332341
146,1073121005,1864391309,1718577211,1617271895
147,468507057,1299145043,1979664583,212752102
148,170847833,213584397,82751921,1799643828
149,1488121265,1374536927,623841720,1956540150
150,1910763879,268682768,1299227607,473324494
151,799158238,1528565291,1403564229,292517868
152,2145830457,613894631,1259513799,1670600113
153,158164612,801092443,1294533815,1087595680
154,978277817,1899901994,377671612,835896065
155,1223945851,858876432,2004503244,1983429866
156,1958143603,606648916,40862048,847647129
157,1681857778,1941775896,1886918509,517989621
158,1683823696,1873899652,1209421007,1378907436
159,1589265868,682069957,256759065,493748042
160,435729852,1324931623,1921188837,1334893183
161,609828531,1961828086,864457016,472098694
162,512312248,389074462,482576245,149641566
163,998207914,1839352887,572341555,128499128
164,1192274004,794559973,1646442295,999953595
165,1181379465,2121974816,1710700683,501045525
166,728336396,1997753297,1044065099,1994462906
167,2100684206,1016375237,298666939,1441376246
168,1934483841,325044337,1535313364,1989670201
169,171698472,794203876,87201565,1827682854
170,1470096327,2066821761,1014319372,1546906187
171,456071600,1851133760,1556736690,1673998362
172,1181662108,1855395187,1064099953,1028754313
173,973435669,1233411606,2041755152,881366387
174,680520759,1951207216,135208961,1146877736
175,342901489,477643752,563285684,364515372
176,1489916022,614985962,1133253330,1629044944
177,621897014,1196239315,633827437,201935989
178,912668344,661851318,608432591,384876939
179,2084165900,97063206,782066241,1430833082
180,1811762528,1163164323,519731923,654069084
181,1154648791,1308767284,445565291,1650486729
182,1550469046,480390541,1625710102,2047379018
183,1872759510,660556316,1852316788,513830090
184,279209836,1811321627,672183872,773032315
185,1446467904,1686691042,502684046,1746737999
186,1256225894,38619435,2033198648,850972544
187,1802799878,1458307026,1549666402,489320726
188,2073551931,716513926,243972097,2134315051
189,683219953,1479496338,1081920685,2036616370
190,1262298073,1308921746,768336331,1785073323
191,839558758,34755734,1235457322,480196449
192,556382846,1864505249,1451909072,1161591304
193,579906901,64122650,775394587,1251415110
194,143936299,1311029587,128741524,1598363095
195,1879581795,924329763,2079761650,1233881872
196,1323610710,504025762,642499834,650697568
197,1774036566,133062227,1527093156,1940878550
198,388613935,562486402,1739756790,904458492
199,782893800,985713405,361775643,834920488
200,1500685623,422212831,193142362,721698781
201,478497259,1873156002,49658377,1207422254
202,1654059209,1079356347,1748000822,47493858
203,508357084,138747195,1290601906,246464739
204,1964544487,1755005254,458537974,2122303307
205,1816460350,196765562,569407591,714180568
206,48420904,1335237603,1460766274,412331802
207,36906955,518824852,819097100,195173392
208,29472212,1316323564,223726020,739245854
209,893800355,2119491037,2101615491,1047175317
210,1112960800,2119283391,109524568,1677878367
211,1928620801,1573858171,1430229393,853910339
212,1137302265,684549103,950644913,763196711
213,409736954,760853616,1454309302,693693532
214,1333734558,1293261164,83870461,2014663417
215,1990433826,1969755048,13579233,1605380188
216,1676104917,23362290,1273245499,1645284855
217,570647089,565460735,2081552704,575831681
218,1896190308,1763826945,288788435,1864075636
219,1789998289,2097992412,1823238,1715443128
220,744540552,1421438157,1908701308,952568508
221,178579938,673075338,1814177734,453636038
222,471491146,2110774823,491975409,1295101116
223,113600335,2145328451,720447191,869301976
224,1979926448,350508185,580125042,724391681
225,356836230,642426111,2069245675,86518392
226,1556213222,765151789,376008812,1118117473
227,365799355,845836023,1336537896,1633802807
228,690321666,524308075,1668604164,369355165
229,1876558469,60640910,1888288939,1943343440
230,512051437,1775323477,139205086,157866018
231,1365690168,1390845824,1683345238,2008876665
232,875209415,1486464447,329154566,993182539
233,827296978,1576290836,1253821685,1574422103
234,505753742,547255060,1999256480,1740207144
235,1369771138,1089849540,781234787,1366409808
236,1943991817,519529328,977714179,660024677
237,495108812,715166655,1781250535,1884305784
238,1805574359,1582842353,1029146020,2075088656
239,1852842572,2128129292,1392112796,254222746
240,597020798,1119231789,487283722,1727283055
241,1984060605,1680315225,25650532,2025876116
242,1467074890,2139163984,1041950161,1288187367
243,611969671,1845068071,1955526425,485999734
244,615734543,2076612350,1245620529,199137562
245,693881904,1897724224,129781853,1800015116
246,279065141,694154404,2053931552,2042764637
247,421013957,60272857,917192050,2079650897
248,1832838571,1477028189,558005505,780267257
249,1317210212,740231635,1375027782,1017997525
250,793112790,754376078,866027465,279202721
251,544722925,280585387,685879210,1834322542
252,1042253555,2087571404,808680045,2124370476
253,132288806,1589411262,54645971,2028206836
254,145337243,770226285,1449408419,311010833
255,7006643,2804154,322839573,1382228023
256,304016990,1393018000,2007946536,645639455
257,1953002553,756119616,1341627464,1825260877
258,1297553976,539932730,1355593850,1157157352
259,1418605991,1864959474,1830932881,39455921
260,1066057322,371028727,1475488662,311909467
261,338598284,705595884,801997318,738580849
262,615932317,379680382,1102045327,637782731
263,379440119,1712580432,143633266,1209403114
264,1937687453,1425079932,1394772987,1318444353
265,588277413,1575935202,1926636088,834172440
266,1877486589,71232731,524639033,179788023
267,1253390180,704675681,1583047690,1802174308
268,118018314,1597030360,1495506254,401764899
269,386722356,614442855,173044416,872637105
270,1464853584,2143173407,1320858307,2042943231
271,415537889,746167627,2106643741,229533473
272,1445427651,324244910,1165434137,1324482796
273,1981814403,999833989,184866527,413709924
274,302366400,1155054921,819368656,1592759469
275,1224067994,1629417669,1072249331,1345679228
276,170532850,449304065,418211606,446026004
277,562933603,1221050785,1473209235,1748982601
278,228450984,78940277,368176277,1357529780
279,2092381736,1146036533,2116269175,1245762215
280,468889315,933130136,662430767,1015811011
281,1421884528,1008234633,1722169450,1379414299
282,1311056690,2097075782,652140174,255435801
283,1616550995,413148226,1301601761,1923787917
284,2112119577,740769251,1039489063,476503865
285,151691526,1232623232,1023020781,1204330795
286,1183847227,265305347,1006316258,2120242139
287,1536885671,715129105,193018099,462405387
288,530231255,939215782,1134667458,1869928247
289,37372224,151669200,1254277317,1471507320
290,7884127,1174722307,932116850,649274159
291,1723914061,731002070,638932132,1050351338
292,736064729,342313369,1348005756,854142591
293,613919051,1514302664,401144765,1203796822
294,1509199912,1780770715,182148029,1970707092
295,2109354996,48337509,693483638,961208251
296,1371861168,649779405,290628493,1105372306
297,179634921,11247543,448848877,1446979093
298,1372342204,1551523376,396771625,522435214
299,542614077,646558008,1628410721,1033758887
300,2020236408,944144768,1466417643,1423613681
301,1197209679,1775456948,597485290,1792825466
302,1661714973,711518816,213081552,1839332026
303,732679041,495121178,1225421640,101455997
304,1014069026,1766962243,791887325,2077665583
305,1109743164,1669100288,1871646339,187184784
306,223911999,1524101477,1433835658,849327641
307,1587335041,1621033839,238466363,1946952826
308,1655533978,1414127961,57693054,1738751927
309,1223307001,607169818,146396012,1441994923
310,261030802,1647880639,1170402428,541102980
311,521596019,452853957,1657842758,909515620
312,1893813402,129750789,91635896,810380990
313,1702380960,505458625,1703856066,1878302536
314,486943270,1981075245,421572169,510290909
315,1730678300,851423717,1850095822,434006546
316,1625507530,1886351841,1365049678,1190835093
317,541753874,1949195434,272919411,794559366
318,962661258,1992520391,116934392,2093362224
319,1385023707,99041926,121766540,437490643
320,574985668,1970071879,1014016955,1605697684
321,934145968,137241237,768500247,2087117507
322,235051717,736939303,2131006071,941325772
323,1535992052,526963056,1942901180,104631389
324,1845059815,91336756,1046023536,2117524927
325,1163634243,1475157130,96212780,1463350648
326,522185731,703180114,251866904,151079706
327,323370171,1309847822,715108975,1476639895
328,1183126517,1809718442,1448225434,1640362823
329,1028919348,557268369,1451353742,282895480
330,84426581,1281610337,1346488512,798194651
331,1658424134,174608511,1208697088,354069035
332,752562834,795879159,223580820,1167169002
333,830311081,1109151252,860755636,1200565039
334,605791814,237895840,1509724905,733937948
335,236203695,281065459,2040982992,1010664973
336,560294111,117719517,2146981963,1525748513
337,1056797953,1083652964,1515296253,734015866
338,2057831607,639281431,913911691,1532076392
339,365842194,1421952197,1757133646,698530768
340,1057524121,201069569,115326274,2074543139
341,142584782,1792693534,1076072988,740421212
342,607799039,501708243,1882026660,1669590301
343,1555157073,1668861625,833457735,1241116258
344,971967441,1211991603,1656929720,656375409
345,1196077238,1045181410,621534059,541969005
346,921942961,912959397,2029514446,1322671294
347,688024643,713391976,1053297627,433971774
348,2062789658,1706837164,1020494542,1558014085
349,793291700,1779762021,1215985070,2103616594
350,1861194560,670991191,1207000055,471194124
351,285350172,186589218,1015563569,410971462
352,1037039336,1258507885,753598333,1763480610
353,1506646861,792107778,2077691603,1365571858
354,1247225285,1953897648,1424158129,1273356519
355,1452943814,751711200,1153396021,1539623615
356,2039685465,1483395094,2015045753,1136379368
357,1007458197,282585219,1661017235,2060468167
358,723420173,941954798,1147769933,437844120
359,559683720,1955164399,1092702917,1161411186
360,1277439029,870337242,961151014,811069091
361,88775792,2126927815,2025175997,272584755
362,510253326,991475224,1757539657,907397642
363,2007568032,316967322,1299603180,548108990
364,1492750233,551975009,461567483,427548455
365,199049677,132764610,786312365,498215591
366,1682018054,406151824,1184313757,1874548796
367,758441549,1324142927,1842705591,2105444011
368,777275099,1604699231,1004655934,1741264258
369,694609353,2022454322,1759999288,1876456358
370,762618228,898474259,968108079,398021233
371,884610932,429539813,1310361524,2135360684
372,362660898,1354740770,1362264156,1605192203
373,2074592494,538069608,1762671627,1025279665
374,558984605,1331973482,266074534,549804394
375,717533875,1877591670,656440543,1216932773
376,1902327474,58843652,1243643990,1592783293
377,1451325851,211351085,727333378,1077369566
378,1373526086,1541721100,1142800804,547869736
379,190070057,1673247405,1327355885,709915479
380,848638033,1195723268,599694348,28317351
381,372087057,1787593210,1315507121,1833711213
382,1882085924,307288034,666049034,761678812
383,1641786020,1022895210,1997032355,1052981090
384,875033083,1176562901,1635389493,1478994951
385,1602160597,881385757,470650949,88689468
386,2058417379,491584484,1441729949,1879612191
387,786409705,388157916,434203922,218644132
388,1501151161,916849002,927799731,469604223
389,905083849,1661823034,188091431,1071538313
390,1352210386,789936200,2024011312,1170446372
391,635972303,2021555625,2036290923,135844524
392,2143500325,1104952021,511087489,717501487
393,109725277,1175720217,1151816737,737087063
394,2113267244,1562264854,1055166090,1599412122
395,93843744,821581630,1585669569,651994891
396,497287819,1092403246,1818157208,543585214
397,961201772,224955204,1374033487,1914605646
398,1792928155,2003123794,1891383306,599289596
399,1622249705,839700921,1662161347,833219578
400,2126942863,207525242,247779251,1794437943
401,116185575,1214204593,1032919115,1359862471
402,30024340,581744154,1799327772,2056397634
403,358982893,298400348,692418284,766834378
404,1222068410,503128089,215550213,1467713691
405,2105331490,1341255681,1497425478,1151654434
406,1507027388,67534179,1011229416,947433721
407,1811217955,1614198160,536431512,1747843080
408,1693013530,1274128557,2015146996,985883873
409,1437447528,1676500955,958803607,1935735268
410,1106317645,1140685183,58912405,949104939
411,1094090365,27425040,1671473720,640451224
412,471495402,331340988,753247216,219297407
413,523421246,1000473441,1662989165,1173607293
414,314944526,1123558719,445611881,2077604003
415,1280084278,643805086,307310460,1656764550
416,1335339601,1743492111,104865374,805514846
417,1126746009,774523981,1014652422,666408075
418,802338102,613543680,1225004208,1922479160
419,800938914,270716810,309499172,1515197408
420,183040985,1065589994,1289580335,1796833730
421,1617655012,791147811,1400062202,1715725911
422,432596624,1689549678,1774284932,419384874
423,1187222195,1615175508,24286520,1394410481
424,479495899,1630415865,835804375,341251781
425,214651272,1951162584,753123756,1983341716
426,1900311373,2008860561,1503555806,806637991
427,385880229,884029211,1447133800,983774281
428,1736733004,624421969,1210793263,964096202
429,1634864354,1648002661,1180690291,1464572567
430,90471042,1779045769,538363333,1200087764
431,165364561,1656326308,1302963862,345537181
432,1362945383,891750537,241329078,1583957550
433,1238363706,1356359004,1567290184,8595699
434,1657392510,752994659,562022408,1161906547
435,1929205134,42678494,327893214,338146612
436,1506647326,715087664,1480148958,715010770
437,1714871495,1697019241,785777789,154902440
438,983847436,1467706511,716292461,1820767011
439,746789181,377785558,275617166,153822777
440,1999864710,298591675,1858006890,888473448
441,380596216,1723047983,1777018847,407815251
442,1159051462,2024172445,1359152434,17762429
443,695373579,1754416924,1689941766,795566388
444,260848071,1745664858,105494435,441478545
445,425807700,2067908714,1562245939,11993696
446,1236550636,430957842,1252824974,2102785599
447,981783001,1017257335,105141464,514056509
448,1850318127,249548779,1606083674,52179405
449,106399245,37159674,1914507616,1445031192
450,328582499,1651949956,354802557,809479900
451,1858150768,295649289,1898576566,1487339657
452,396831091,458630326,2053157906,1629647807
453,48349549,2133505372,1218557707,712838089
454,74773757,1789255618,1131961553,2141507465
455,632834244,124219919,1251192787,602054729
456,1929589725,769969641,2143504664,1351066643
457,313448763,1273316722,1210962829,2090664848
458,710969012,254103277,1792999343,867764157
459,797552362,1464308632,1853990452,1598746131
460,516871802,1590530541,838135501,903433436
461,503640126,1758897206,2007133554,1959079093
462,1062575585,1341472906,1791390635,1486300629
463,1284857720,2086736257,1704922992,1589193844
464,986637628,694654507,3889143,353873842
465,1119790884,1358272537,1447594609,1257007209
466,1176427278,479925395,524386397,1818022304
467,587741184,1650086971,231023485,1993347606
468,1907495605,1034282066,868665185,1703625666
469,768562400,2039949815,1578532976,1871460674
470,1845055079,1748324348,1453737955,1399966560
471,97168140,2008964467,808983797,70866699
472,1095979982,145985920,711302569,4569653
473,2014513590,1318835129,391521963,1553517615
474,837834833,992990586,1066396152,813462941
475,1167113319,2007783876,1977451792,281015482
476,133532443,1132749584,258752619,1145323801
477,1333648156,769469144,664453622,740873177
478,894708651,1337927185,1708201208,1962889963
479,1885529868,409877514,1760741434,3055905
480,657493166,770282290,404457413,903604567
481,919605125,1521465646,1238832709,695934072
482,713203925,269078483,584019606,772588693
483,1096307225,2013416956,1612214385,107482865
484,217760758,758993211,893099363,77300412
485,979868296,1598947881,348925884,1354455093
486,1237824292,1029211711,1011540720,1211388898
487,1093247851,1785364703,1099334446,1849762966
488,1619254856,1679216441,1068355962,1792225915
489,1960044954,1162987496,755304963,340650576
490,1536888811,577135865,682953516,875682743
491,1413976852,332329103,1412355010,1838738339
492,1472935948,1990499585,369105941,1860556984
493,2144634582,1084771851,1997172597,1724588795
494,51453741,440230969,1858421362,1488378887
495,479304757,550598735,1141543730,809286288
496,1723860464,1298470412,1832557113,1657413662
497,1335846978,435393744,970413595,1677157815
498,872013216,606648063,2118788121,1347383914
499,2098859783,163271170,1827644952,105029822
500,1269844762,1177468108,841265575,1150771276
501,368935554,1477798270,449402701,131522502
502,1915278604,281059179,1248427174,1862919977
503,617016970,2085742892,1618976413,1768517989
504,888014219,1225288067,2126506338,2001879880
505,874833596,360218651,1480527532,597719200
506,264658232,1886965759,509144249,287801296
507,890231768,979918267,951410593,410439969
508,802995658,655113053,991187196,2112471087
509,2005907053,265629913,2030558874,1996574325
510,772402611,1406408111,1885282963,209161003
511,1437882873,1472382030,1910297964,341169826
512,1820217449,476163300,1571111765,1693370637
513,2051257249,439906421,1716671665,2145432311
514,636199454,1238594960,1257850141,470484053
515,833289912,378557185,679499965,1227626388
516,1510471819,1191136490,2062731023,782985734
517,848505335,1757457884,1549165526,559800603
518,836705833,587051582,1243025498,1388139397
519,1327535401,1671020695,1074997539,712551318
520,644085674,994639680,982237433,470853024
521,121531608,1339485202,1262627696,1985888140
522,1321963781,296459446,444297315,440213818
523,365217370,2034636586,988837501,1933816359
524,1899433307,2116100646,1451271394,1681658042
525,1086389168,949659743,1246728404,741494114
526,1255948412,346688764,1676635642,1824104438
527,2087391841,1040589358,1383069846,499324758
528,1054021168,258873254,962550249,987509190
529,1495337096,2061478812,359141010,400970584
530,270156747,1732531815,934880483,1711755247
531,1953195443,1792854534,1670099019,348187818
532,115654898,142608779,145723186,399385549
533,4735145,817794729,1193452888,1993701517
534,2061038895,970058529,1032917991,209790226
535,717361853,1839510642,1465972799,211310302
536,1080044709,1683278853,1313170575,528395748
537,1119455041,209647067,576491603,277910088
538,1278312973,1681098185,822075208,492828628
539,1874903517,513204471,42238652,564284076
540,1787922576,686557514,1283572451,439955864
541,1579241951,841749291,413410228,1827107754
542,101233359,1691392026,1714126917,980078603
543,1615708617,603755473,452504557,1151563907
544,168698807,1643160654,489797569,1515051383
545,1925646691,1829782692,1007871834,1425119298
546,1928030045,169299281,1742148407,1725032841
547,1613872778,1661448326,32635581,1259988412
548,1394115907,1154656275,1662546496,1356006080
549,647791078,1816246975,574293121,521817243
550,135369451,1661589555,1597805959,428282773
551,2089550664,1300943375,217768187,1325493841
552,502426778,227537650,1815622865,1566828368
553,1736737079,1104440163,1741647242,223351320
554,1764107902,1361713633,2055531216,270262973
555,906318907,1540035490,1616751949,618279654
556,1062535164,2089465093,302745800,242558132
557,1035421003,2034213405,1348334957,141319753
558,11488676,361159267,402114329,1807596668
559,1582969928,1113033992,1338288835,767232316
560,2027925922,253804810,2000491012,2074376468
561,130105365,2129093676,529494105,878061789
562,842692311,968424684,1502596830,448178288
563,133472367,1274609054,281129872,18587346
564,1541379375,1081269393,93579827,1088248687
565,1984258474,1667698959,2032973155,871419473
566,2050653152,1654470661,526258492,1329633970
567,227668452,704736058,1281581901,17432440
568,1240242288,501260019,1616423180,1699706047
569,977673746,2042762792,1031263646,2119850729
570,1689319122,476510074,1928711238,1285401126
571,1167441938,1701876128,909809015,1259978343
572,642080089,194410227,1915735375,1240083771
573,1423489705,38724087,2005329964,897189206
574,327531739,1490067633,1093302435,1125299356
575,101796662,1001964205,1749909224,1341480741
576,1232902113,984196572,1699773773,1084343716
577,1257620132,1125546164,1312581878,967503572
578,587660900,729165580,332608459,1047373261
579,1998089017,315171866,3953921,1878586783
580,1137705027,1179950348,446337804,274956047
581,565214828,26315020,348233356,117336143
582,939521978,431023636,2129574418,192582281
583,454631629,1025032506,2145879654,683563804
584,1409168484,1836033799,1197644189,1583661927
585,1624198244,7877070,709195939,44358298
586,1345465860,534394779,1095308921,715123263
587,1992447755,1203742784,907215264,973372594
588,1927390931,1923074861,1456140748,140597936
589,1663359661,1609360558,1384427839,1443141004
590,1861278525,887889317,1487089834,1319537421
591,1461224093,367325689,1674409099,258473398
592,2025158078,1353257616,1286963144,632384995
593,741519112,708963910,394852649,1349796982
594,684843701,1924599160,1053818760,206776154
595,1986854234,1804976927,1707681085,1045744658
596,786946253,1608130887,291676663,331898863
597,1990985511,775103852,683420773,54766274
598,650399242,211400795,1362149486,402208057
599,1907343239,356144586,636920366,1790612458
600,1360920829,1687441984,1706690574,903603078
601,256909,2068256617,661429121,952985074
602,1433850378,169411341,2038486183,1314647973
603,213033668,177360207,206152128,1243190351
604,384317527,1541913290,877159307,720443744
605,1720964240,1477209061,689642007,662654034
606,916333869,209149124,1528380016,1615234532
607,1480925957,2018001711,118570637,205346314
608,1812594918,1705478293,100930971,1855761535
609,1528722615,2052999829,1866879406,805052486
610,451247718,1574134491,926813928,127317196
611,1030022790,155410479,1456509985,1265738802
612,1567338138,9631942,248145779,655868665
613,2138610121,989237620,1108500309,599946213
614,39007689,1937907193,2021817181,1428802271
615,1006174105,2084809472,336216401,526905977
616,1434953476,394995389,927268004,1230922312
617,1563906443,290034124,612231028,1420191505
618,1486270061,25894341,1421518570,125934015
619,299080047,862435757,94662456,1946070514
620,1570575356,1615684352,525170858,562231060
621,2116181983,944342827,2042497951,576313251
622,1033026849,2084389057,1222763120,360934010
623,505964558,901536279,379980428,2098464116
624,42535125,461240197,1293019143,244254091
625,2129626892,947044129,123250889,1215357797
626,1095438796,203629411,1124325918,829438056
627,1671026343,528175491,337206645,935453036
628,1174468237,510113219,1320499238,2140747471
629,1093246330,255988541,232966726,1814478223
630,331033669,409168516,788588631,352610279
631,1674888140,1557215208,484638941,393708369
632,643883798,1505683477,415290651,758594242
633,1293737662,1956562769,2008754971,77399934
634,814220390,898136610,1312310226,497125486
635,886370595,1661984459,2088137302,2094464339
636,661483415,913810123,2003286547,199858695
637,121257833,1357175308,489147014,1451544440
638,548516947,1383987648,1922370050,2098175052
639,1657052338,227100127,1429921358,1283973204
640,969085329,1793978253,959975346,1575416811
641,1676034593,776044123,36378876,192402371
642,1480499418,2028240093,687177903,141248626
643,1497990356,502073293,2021308256,1296524737
644,805044240,1362043640,1976142678,1387902951
645,701700666,107423203,820910598,422059879
646,920733117,689152512,1073526907,1452825076
647,1490151734,1165204226,1593240970,615874181
648,50788204,1272804216,1003021642,194620595
649,2057858370,683792358,1297209434,807308370
650,1005074716,1654269587,1328740992,1418129394
651,1438874728,4830459,747159766,315100342
652,1205100741,381979234,1065421080,330506920
653,141103699,773373842,1662094095,1159804879
654,1837391904,90631200,1646619981,49208172
655,163894088,1275804003,884556116,2134991021
656,876354653,258625075,1272860889,543690419
657,422716067,1839897355,1098950753,870788944
658,1245133411,1052568332,722083401,1281677019
659,838794771,787134196,291712482,1134814029
660,58339706,1710652964,601342526,1039683704
661,690245835,903175516,2120769584,1698686106
662,981978807,65971747,880433013,1169683978
663,36085181,1692021533,790841599,2083538073
664,1351890212,515006945,694866681,1710625826
665,322968136,1731468844,662665786,1309857737
666,1903470903,2146767012,1777768996,2075887930
667,805154914,662983152,2046921807,833711825
668,1907930869,1170066802,1708537784,1466806512
669,858281502,72147960,1669556993,1209734419
670,117918621,1649490136,1363889458,1977238193
671,1568849041,193458000,412513332,308490336
672,1614297200,1134465853,413636202,1255054936
673,663343658,1424545664,972488167,1760440004
674,190381211,1625051654,1823376039,1880511167
675,1581127801,1158370599,718080725,2027336637
676,1100663865,1805534104,665986710,671380815
677,289903102,531180729,1420760167,1675864089
678,510353625,1860235909,616096911,1437910827
679,107645644,581453706,2012884090,1735354627
680,1100447469,1259821969,1794127009,1824833553
681,678632380,1006273694,144567906,1554636682
682,1594849306,365309337,1518959827,489455266
683,1068583630,645779490,1627134626,1185054851
684,854437920,1659263843,1596181438,615957279
685,96296956,358670731,930746881,183041892
686,1195616809,1853687929,835543909,1209284634
687,1599261939,1171082938,833037735,101993953
688,1660471800,2129935391,2079974354,2144662203
689,1070622632,1881400926,1172454704,458932785
690,419618444,1237861919,2111217295,3108378
691,1553264701,1166257479,739706490,1102750559
692,2295373,787076251,2145708159,246334337
693,325686052,1291668654,1876812127,1540082796
694,1328256686,1673481020,2062474710,693029035
695,760273111,723377375,1211948086,923498749
696,838133051,1767541204,1113397071,1487735435
697,61213836,1589733378,1237381265,1032867144
698,1462483596,785477706,1174123454,1122448556
699,444598604,1742765252,518260478,1509549254
700,1463363906,190688855,1266624217,130352786
701,1472050903,383827460,118652302,411527632
702,1476717075,1677871689,1383270570,53890385
703,1993845239,1420469454,1880790360,458155294
704,759345765,1177889265,2013069387,364389019
705,854437517,1941416122,95882063,679638574
706,1922561474,1695300113,1093539400,1112763552
707,1940052425,1363140904,2008827570,695980008
708,1734643181,1367643312,1467772054,837901916
709,108192376,1336555922,1036878190,2018354577
710,1798807953,216449819,1263750037,1973313021
711,389490961,783655978,1913461343,258356486
712,1299765998,919236845,1342684591,1185147680
713,1306298294,95013926,1639292406,1993737187
714,194815128,1361398158,953034638,1928572874
715,1848348054,1256895675,244151092,1336216127
716,494923455,485832846,127372225,1147415497
717,816246309,1493012586,91294590,596847814
718,1379123187,878879056,2096584688,1054767451
719,1483980281,571774034,1587693342,788728760
720,1323807615,455770983,1274000326,1730369540
721,1963053140,656361708,1737006644,1771341988
722,2009714244,2141485595,664564686,432858440
723,411900756,511706561,8995829,297096939
724,295592332,237188883,871885790,1300044649
725,231428891,620298329,178937203,999449689
726,1287191702,1141798772,1034252443,1486631803
727,567269204,1351891180,849623579,1818129178
728,1862269699,1135685862,1363532975,806950228
729,550999531,132914882,1349382523,172291045
730,1569111428,1639133228,1347828999,261239167
731,1110378612,1268606414,866825116,985475763
732,39036234,2096068500,478026541,1143598559
733,1163364051,1700090525,1499628741,1725239575
734,1652057412,1425652598,759428414,1167895810
735,1256196312,824143861,167362130,2091070654
736,492881763,1723944236,1066979930,987561339
737,1765207915,1270731653,1288638231,620547212
738,723117539,877421549,11210275,321610831
739,1981297567,114563629,1380336849,920957948
740,1652251837,1983806738,1688288297,13579421
741,1467281138,460764668,783794113,1522544404
742,302967967,495110232,574081766,1138862874
743,768503222,604893375,988437117,1976638424
744,82976480,860200292,2093583262,533879246
745,267863318,659708004,1191770009,445561895
746,1483210589,1513720417,955942827,381514545
747,555169748,719085487,1274585235,460246516
748,1357864088,1648550497,506537218,1352201164
749,48010148,1798489770,78453824,567736286
750,1598402582,281104320,557151224,163324794
751,1384768239,1235429085,1528556777,1682211033
752,894245430,1179700778,579210802,2146414435
753,139959322,2036294954,1414026098,2020603061
754,157014362,1014415069,1574597436,1421929860
755,292430219,1151605995,61872175,1694116724
756,1198322785,1207141465,234099186,2092337388
757,125784285,95470685,1243066442,850237605
758,1748216888,1103686321,1559809809,550878788
759,863789583,1567193050,1977822320,2004988707
760,1619834930,665149344,1293435914,1687587560
761,1577231363,1219270044,1824123784,962558517
762,1130619246,1970444279,3593896,1667783027
763,1709734719,365015796,534616274,1504799310
764,1947221903,2119356343,2064527720,888516041
765,516668609,1447020689,1979271512,302835130
766,710923517,592731139,572190152,1470061028
767,1194319537,630502054,1730127304,109155247
768,179933030,862626281,804897506,801386578
769,922214058,692101044,1396065341,955294080
770,892769574,347798872,30159119,1764533472
771,1716518788,2080662637,161390963,6199846
772,143102309,1852872179,2072997571,1159335757
773,1603771175,950491948,299060016,646073258
774,389402849,569687568,343463334,2078945436
775,241485683,1446409994,675714364,748130600
776,1713385986,1949256222,2022070476,406022638
777,393749034,660731377,776843265,2002422665
778,2072533812,98945993,1387475492,2006980362
779,1365582712,201521916,815405292,1284647341
780,1296164870,1983475980,1192171380,1608828990
781,1860579798,283699585,929875063,1095140271
782,2045599330,2059801452,1547513037,220225146
783,466698394,1458872147,736403351,947216823
784,1905709634,1839165453,937539635,171872164
785,2098617095,1052869458,438152955,1030571614
786,1509032452,467329649,1156380584,1951795133
787,884560084,569030400,842213611,1980150634
788,1759206324,1380390331,1427349596,40613280
789,826397842,1579919818,1495983470,1446207258
790,1303156131,1018314639,1562563509,586358777
791,1568493259,1525741660,401501705,1364106774
792,230372796,430412221,2013436206,80495701
793,1042536950,1582099852,565975437,1802324976
794,219085655,1006138301,35423694,1101388049
795,1610390524,1595465212,1512141879,438947327
796,835365162,1962792399,97669404,1152683452
797,2073639193,501557633,1532558808,2006656924
798,1285230928,554355589,1085523934,1230075083
799,897593644,194531165,1324967916,547919563
800,1704901787,771444791,1237892166,1940817876
801,469395516,1087720044,775902101,721156578
802,228888923,556770967,2102440080,1351762269
803,1000340057,1606949482,1777422166,1534493791
804,1012206939,1701445224,436035658,1685238208
805,436998107,29170799,539523675,2126761165
806,1888941521,207127442,1340662194,1502494643
807,740789970,1120842789,1343803271,233235613
808,742172741,788118553,995511158,325378562
809,1605496775,1336321488,1981044561,1838534736
810,297904789,918350108,579661848,604268061
811,1432599565,1650080739,1146748982,1976694591
812,1203934411,426689844,1657980502,1577690047
813,13270872,1991841910,125146325,799089451
814,1112127459,771495553,1722467089,1055031824
815,1574322793,1328515048,128776877,159097150
816,344499020,513805847,573957469,787760050
817,1894337376,1700377610,673307087,794010621
818,91067842,1855222008,1769370137,218771092
819,1671102218,1203986869,983492697,982973604
820,2096155555,596990124,2039919728,1668153849
821,678793322,2134171969,1029207645,1740353133
822,1407835505,1940135876,699913387,744658988
823,1820622984,655729338,11715872,1110489098
824,1905597733,1617719995,17619137,2136100884
825,1368206865,1496228721,629417069,1891937895
826,1525602431,1658164407,114762367,608438699
827,1210301214,2082947064,2122536335,1174642143
828,1135551342,1458794355,1000377005,2139433313
829,2011636872,622894115,340595273,479606253
830,807818340,1223318292,1900773041,620160266
831,1793614882,2055452426,123046788,295983724
832,2067217544,997886298,572531288,1743328875
833,636524547,854139029,1314404323,1378045085
834,1426749829,52281329,93142294,775122240
835,1679685162,1554339534,1809081151,584745932
836,221342713,143958584,1783546887,993667255
837,792625028,1717206222,180862404,763303070
838,1582445574,1211416188,2027680414,1736303725
839,1685713227,963134027,1181992342,2129426674
840,943464388,484997843,1648278692,452137869
841,1398555524,779981017,2093193491,806123278
842,538051044,2061913856,1144518558,388717763
843,607558129,1637318338,909162563,1726048158
844,1727367927,412980980,2059295286,1909785098
845,1898089866,1571838307,1935227857,963833390
846,492505615,24606209,1510154737,1208514858
847,2085088931,1023240790,1946951735,697168974
848,1501660674,1120778685,1584156433,263588567
849,101386724,1383454496,455370098,403137120
850,1187154012,1494079281,1465309391,1280392245
851,265113731,1705955234,1036094034,1359540527
852,360225368,251285991,214902931,1122158028
853,33468747,29866629,610402948,2041785005
854,622571177,1770763192,1227247930,236031903
855,456198354,526059754,1674842641,2143834883
856,2047228342,8027385,368884203,615888454
857,498569052,1717076688,846559148,1862368313
858,1985631904,267369440,740411221,290187486
859,836037870,836909965,727100353,1179181445
860,42550358,1123208981,1662298757,1912680652
861,1848850966,565297572,44418813,2055003037
862,1131362649,1347508283,207836929,216766275
863,1511227215,865278204,1992914831,1085418780
864,1500622930,2115988051,537018280,1444935912
865,9161802,453649,1695271132,1248716162
866,556948517,1690170412,1887702439,319403625
867,1085299069,1699936488,612147188,1920623535
868,1558419679,1113192595,1014314053,1619244089
869,186101336,1547744238,1670086612,261165395
870,612221334,1508048153,392553490,1063827347
871,355105752,987656249,452266115,621204337
872,254616125,1504036157,760363461,436211962
873,416442714,36957581,1917268359,1097510823
874,74205561,1640729352,440409798,167433083
875,1051794002,835027283,83003425,2112786734
876,1686462558,1882646053,962909980,417236527
877,2100059396,741879357,1377313598,590781772
878,982780946,968022855,863275346,1691800694
879,1193459385,1320430288,2011360353,2080865370
880,841522064,640225962,2133525811,870191941
881,1039054013,1995035714,1034668511,443777319
882,17138785,1289703301,672401754,2119153609
883,614019774,1812415907,2030234266,1670957122
884,908889668,2118694153,1288545561,628003197
885,1997812218,1000152278,133498393,505370639
886,1418935776,672472213,1891152520,1671161978
887,872109613,382842030,961482304,495836334
888,2035209484,2100641763,1194553864,203156448
889,305045224,2143668048,1610570228,419862731
890,116173230,225677952,1119575607,146321588
891,857657187,2120974806,361904634,1711491925
892,992654565,340666923,1476136464,1777825305
893,539864447,1300403436,1453287405,1172280686
894,774328173,889322369,1078583503,1140270856
895,1006364920,1807225470,173502982,1479339543
896,1468258027,129855041,1447458501,1077248442
897,1653578875,80898719,1816814471,644724256
898,1741569579,341174462,1232833605,1435075949
899,1030828705,1775554131,353870101,1010913628
900,326282918,140011505,1150463810,1666211924
901,2135390833,1634400708,1726116921,1068940289
902,450341917,2123307039,1052191574,2090961946
903,1563670107,1219126848,1526889842,206356114
904,951710448,264070812,1106552674,894411916
905,541199009,1003291404,2112977744,742602814
906,1829535766,1410027373,414848388,1555293280
907,902922545,262553454,1406215725,1180192251
908,1923103795,605943860,377869411,1021213518
909,2001238777,1049486384,1263586987,1487450035
910,97547460,1353983790,1438234797,292797574
911,1123091018,1888921072,1248914926,2078254043
912,608132992,484047006,986000619,419527688
913,834614261,1174712887,107855260,1470159810
914,2030598488,931641307,702803223,1060220502
915,1294333578,782694736,893208243,774932353
916,1071942701,1194747901,1350855197,1110382847
917,915245588,936692147,727302676,412736610
918,1714269479,1830886118,549489798,1141990274
919,68801304,1935926497,229254985,1251874971
920,1605546549,1385712958,1733628733,1961904752
921,651629082,2114881048,1465428145,954924375
922,183485003,482739833,1752921115,1948286869
923,1663453021,757790336,869052482,284553057
924,285420602,457280417,1263616277,258960340
925,16476114,592206134,1388634885,583077261
926,269340370,1733092937,228397573,920088957
927,1743908946,1130817456,340112194,81377016
928,794789998,512243500,1481232104,1038600636
929,1993256399,1469437969,712490699,1381105370
930,269419810,890297596,1400558362,983315861
931,520928872,1250871995,1439176996,893513859
932,152909485,1662478558,713281644,1180831918
933,76504820,975943574,621643781,704569486
934,1814219399,1116379739,1260666827,537872886
935,321681553,273517018,1618019774,1991334629
936,533909035,1064997956,1330757401,1704534196
937,763064467,1323233139,1557405996,1426301757
938,2026335965,777283778,2008640755,486847060
939,1922659580,350996155,987983106,1748573729
940,1668170533,1944937165,752246675,1310366195
941,2030088588,1492064922,1150094890,719172701
942,1432704539,1368968891,457550614,294272605
943,1398427100,967451901,134352364,657015463
944,1905855827,1842465447,1822802865,961499887
945,1867242429,1217488895,1178711987,200205345
946,1538216130,1524463484,1960582733,409040275
947,1527837751,281803312,530507287,388548748
948,225000844,53033847,1142275129,549896771
949,2126898971,1109039879,964422170,1338545312
950,4807432,1356103825,507976753,1341415143
951,33269555,2012679807,1801717664,184626885
952,1061581465,1217319428,2136132945,1597156764
953,516413188,2044505683,1904431333,1941892569
954,12250256,1345030414,1950706096,534147771
955,1337497545,445253226,2058597212,216114556
956,1701466483,1187306571,1422771756,288169793
957,1419537248,174426189,88584055,169038355
958,1014649049,1167837359,192033304,2119900142
959,1430310768,1442434597,1108216925,1788675531
960,1944196407,1959197973,1668847612,956223533
961,1048780587,303337269,1780590584,2056488568
962,1649871248,1331744109,31982431,349030880
963,1167519497,630456249,687746619,774720104
964,138194230,1673544279,1560732699,1755213136
965,5242594,1424125065,623300457,1595374309
966,841007514,542313586,512601919,1860751974
967,104623164,1668872904,1810653169,1584106282
968,1390024058,1037780924,1372891663,225227512
969,630001760,1728139902,701306864,516063062
970,829690358,576371737,576520719,1908675843
971,1651818772,874745675,747958999,135659711
972,10691656,1406081486,1321513236,337297873
973,90320463,368505384,142237028,1801129214
974,33583355,116014167,2000471242,365907615
975,1699062283,841217216,1535942487,1584699613
976,1836088681,152153107,1092106598,267803226
977,2084146975,1512226113,1360304673,553229005
978,1495747510,323154307,1301625331,1142436388
979,1105760244,257089954,689059672,1452081790
980,1167696493,510982606,1958191291,1219415033
981,700582949,66484373,56463798,1388449926
982,543039286,217666872,85884284,1024881574
983,2026605967,1242218767,486940474,1532261148
984,1075513100,768678583,995350161,1349961011
985,1455631783,532394253,2110027135,1802357146
986,1588707384,1444282833,1117109158,194676539
987,973206017,28068324,802041079,301307872
988,1381594976,1527452571,490909635,281967849
989,430013259,1256018725,1736118151,802420040
990,767304722,528767196,818361088,1558111008
991,1595640514,100785224,1387199116,1985341529
992,735546952,1856906863,1341465019,814797790
993,568048957,432392145,1098989196,125182472
994,1206529506,698562335,451007894,2137125843
995,1487651509,421670689,246756815,1074710515
996,904196847,767653974,208258952,1951753539
997,405498731,1801092626,1292227992,334599109
998,1320706507,414593199,919571248,321394743
999,1444264303,2020591682,1018256450,833785760
1000,868092288,934171239,1711291820,1973475128
1001,1651992157,245863138,130776852,70195455
1002,1090237826,1747480346,1313852663,2142415816
1003,462626911,666545110,582948994,1660236475
1004,539872359,20312669,1577757720,177432684
1005,1796867745,1097369289,1819601913,1932803224
1006,1497980495,1682402722,1036106713,1450920095
1007,1377433444,356890116,33626225,1452907316
1008,1437442827,776813355,2015737842,1732649756
1009,1807845761,44210162,1582237889,1698314338
1010,1718336939,1770363766,1175550374,695764230
1011,1005989980,395255361,1318876304,29292614
1012,198952043,1140279785,1527235335,895537679
1013,50770340,1023125450,369078313,299096653
1014,289315963,400597690,694600352,931074599
1015,1604416647,1306807275,1216766620,1644815726
1016,1087744712,1391042405,1708732247,920261304
1017,700561544,1138539249,665880080,1083328852
1018,1424749480,784074420,2099540697,972012932
1019,1505060624,635031702,180853082,1819671539
1020,2020948493,1526719364,581967398,1295860315
1021,1800590601,1708980660,2099445435,1419205160
1022,1319089963,1355266396,259342560,2035061818
1023,1334125033,887772604,1775084100,1367334306
1024,1997837302,1337166279,349595854,622505606
1025,1552357453,581523149,603329010,606711261
1026,2114154186,745305380,1353622267,1416441052
1027,189082208,2139798512,9920385,1337481554
1028,1747302144,1880434553,117097973,492656224
1029,1790692974,97825248,1070363760,1167012651
1030,995909003,1505213110,1148153790,1146910041
1031,1483601133,80320652,1860400007,95039572
1032,1386563257,1350888732,291511287,1363763744
1033,2128178102,1288075192,1472031921,1604407807
1034,1868947179,700467116,1726675420,147141995
1035,946671691,1763049622,1966772337,259189522
1036,1933057062,1233681204,49840156,2030363985
1037,793761354,25539921,379876635,555369640
1038,210969489,241751514,1182953244,1131942794
1039,895606653,892548276,1427370264,1691812888
1040,1448464996,1797362997,1321065426,914666445
1041,1840606141,536486726,1620627329,98233726
1042,465983353,1294731663,1655029116,1203905187
1043,365659953,76387698,1169655613,329289807
1044,396908370,1943582345,1643133651,2127440479
1045,1446672684,715310307,886217126,1215345840
1046,1407145223,1494107258,1664779067,1315248118
1047,173762337,1605116553,715953933,1904770187
1048,1073919861,1990193558,1584754200,1784448862
1049,608275958,2123848188,1314870603,1696291518
1050,1705345429,1954408062,2141279055,693428299
1051,1654800347,822411374,1015248601,224918068
1052,1044988468,1136108434,1883211881,812481235
1053,489721062,127756607,182125571,784083041
1054,1983372066,718899199,438698760,1004304572
1055,1439933273,171588218,1859840834,388659325
1056,252396643,1686466687,42270149,1735773490
1057,395909230,1171592243,583201340,1048089840
1058,1167179311,332977630,668417221,1226082683
1059,2114573160,1043590268,625779695,675866679
1060,1213590497,959213403,639699537,696304520
1061,1545487107,1657979077,936338603,1184622591
1062,1067981809,1034101621,728891655,1764988707
1063,681030451,1844091085,49900200,1871745359
1064,31891706,1317905106,1111839724,1949955821
1065,1314756763,653666993,541646304,1039154823
1066,830624496,630907475,1717831330,502896073
1067,1296525176,232985756,788066636,101689178
1068,1185677882,1267707132,1312288342,1466167231
1069,1868007860,430139178,1690255179,1344949562
1070,1193612212,484301250,703048779,1739718081
1071,1998036247,2012648152,58769093,378926262
1072,1556451396,826172303,2095158874,179477691
1073,1271417766,1310073035,1260958457,602814372
1074,1052009059,1799766293,256468075,1948726904
1075,2055735077,957388267,812468204,428978080
1076,1777688585,1433358259,1906432486,5873800
1077,600318857,710613035,2055754270,1914283885
1078,217903068,1565292721,2005838450,1962543656
1079,1199280035,1721685599,658067942,1408352981
1080,1535738926,480805017,1328998771,1885664094
1081,1079241360,1307180922,909738126,674115020
1082,963155108,999497836,1554391052,272528315
1083,1549861212,1614609991,151209761,1995406298
1084,394352077,936611036,1303572529,1890434466
1085,945914721,1761439611,1611107157,186907206
1086,1215678945,518707163,796924876,1836477672
1087,1026893275,1359342072,177198720,966856064
1088,731534565,384829683,1549098825,1190531442
1089,749488983,1039480745,1095648577,1631879673
1090,1603946529,1341092136,1882329883,1770294965
1091,380042244,2030821631,1182661179,2031742147
1092,1841080975,1797897895,548277593,790533148
1093,312274695,955011838,285099390,768572437
1094,1891995628,955784995,1743875662,181242045
1095,499255007,1818827460,596023707,287896192
1096,1718268511,1393328872,733210587,228205145
1097,477148282,70639309,1617227086,60316807
1098,1823896914,1540217433,1786498607,1481704175
1099,832886113,1255401683,350056391,941480479
1100,1956327412,1614103826,763485358,979340566
1101,1223379846,135219049,1125753271,1743065913
1102,730945590,336644993,116754663,1190785224
1103,1601828470,1622895293,303510038,1696363972
1104,1372862298,1729013324,1484953720,131693334
1105,392648222,1857671086,1074238938,1213694566
1106,2031144105,142625561,709630844,1724446663
1107,1953353736,1305783770,1947465426,1412471218
1108,1896084861,1682272142,838432272,1301242933
1109,1645218874,1021938700,1666584900,1230048349
1110,1721444167,999487839,265992029,1372747704
1111,2122794930,296999045,1709317116,1778140679
1112,1376788624,1971557234,441384440,951128012
1113,1925478764,343365162,1586269409,293870006
1114,2007573116,2134676686,778272524,1062709871
1115,541792739,995966155,891963920,48267779
1116,2092185842,652518372,1860976662,298865321
1117,1876355902,170056477,661500886,233616988
1118,506545346,282959157,70539825,1922495416
1119,1746075169,200782532,1473068080,159447667
1120,192496909,555307312,32699244,1560179330
1121,1439989997,1116075962,251451931,1574581530
1122,500917891,1421098596,564707526,1304867682
1123,931537189,1648715589,1288707792,1817709548
1124,1273478030,143748177,621955115,220331536
1125,787800649,1229750189,1885738258,1178273204
1126,1210355765,311534919,1734662033,1151180712
1127,668699491,382322200,1768810633,641866243
1128,447522659,658904265,1313689974,238948761
1129,1363488224,400486218,24741082,323313788
1130,566285250,1171005821,1007687017,625503645
1131,1988380104,1640306173,485391608,1783994689
1132,757602554,162704839,1497549891,749053854
1133,650156601,1163407043,805736259,46113844
1134,1757628018,472214543,387460491,533146064
1135,1379176332,1654935439,1736651577,388015808
1136,2127225613,722499068,564321003,1549783113
1137,395163959,1710705679,1131053706,1275788217
1138,2068063891,1102018075,556182303,2141412127
1139,1863979189,91906641,901634925,2015062329
1140,499643949,129160679,105526414,2115622571
1141,2080916236,1535614738,1429462047,516574669
1142,799379198,1674526592,1649428777,358355496
1143,1793638486,1186684237,2087255885,1554907897
1144,1414162472,1703684449,1498284026,2071465761
1145,145022421,1560451274,1258470086,790634566
1146,590347518,851979515,1382399838,615341751
1147,920026155,811942828,1194824593,1624582381
1148,1078149510,1288974103,963992371,852235253
1149,1650757548,307176541,1336580599,55733040
1150,1276018884,3811778,142263445,250230490
1151,1706733545,962907736,743132506,1333582555
1152,1635946098,1757042955,1603216741,1488761985
1153,2130125901,699718267,292127232,70361060
1154,267152573,1252067411,382123395,1768995706
1155,194834932,938092248,1758429651,1401583770
1156,810835077,1151466391,88822147,1949443778
1157,1050776420,1508268275,906978706,1184550280
1158,1856532177,1162194087,1047390407,2019787339
1159,826488455,1168656668,800174219,874838189
1160,1317491829,807070496,728378253,913686445
1161,1188906019,192048409,2063723001,706329155
1162,180245304,1889983784,2000481843,296010396
1163,2124642077,1305019263,1532684615,1740518695
1164,623773080,992489759,823113395,1290666254
1165,416698077,1948422666,1586763395,812815637
1166,1188807071,1504211596,869780482,1512573246
1167,2020074843,1060536557,369246062,1838218358
1168,747029843,1721206398,523366497,670870999
1169,1610019165,563553345,1856673167,1380168708
1170,2138011317,1123145181,1843570688,562702818
1171,1649719280,359407412,58299378,872763578
1172,91544489,283739376,1012680380,1073256566
1173,1224793678,481237281,2003133399,406252011
1174,1418363912,883026801,1965011748,937267203
1175,331397156,1892815731,48120064,118684896
1176,625257671,2056620025,1721094495,393056743
1177,502519787,63740169,1189242457,2101082037
1178,869080974,96243084,704262762,2110306933
1179,648879850,1159105436,657998612,1732925845
1180,38937675,38972847,369054361,1622835888
1181,578414888,1298560335,2116417994,1176111095
1182,1273388058,447980200,1959533444,2099945016
1183,2090508227,1881569304,268879845,229736509
1184,2055138216,264959338,615513455,1923502618
1185,1443283839,280977630,1559282019,1970060515
1186,609095465,1881503103,1733364172,1524215408
1187,1614888602,41991346,78516039,1267766076
1188,1830244258,1079451681,1525505874,1598566267
1189,592146171,1592246286,826710234,1551953327
1190,1258739381,723753735,1992931871,498449513
1191,1107536044,514202490,359795979,788408318
1192,1545638004,376037351,1230153095,2090888912
1193,1051435324,953052564,476139488,2033246867
1194,753478365,75889860,2136276143,700610433
1195,1638199438,1423828502,1008231634,644989006
1196,647028301,668823966,1159165231,2074505493
1197,1002628336,1883597579,896290849,332743128
1198,1387720321,1330230756,1210255680,784486356
1199,506935292,1278421478,616715660,275787023
1200,2034263863,1516885369,1130376353,1536274764
1201,1137067769,137709822,1299805890,1440320572
1202,2099695311,181108927,771653764,949815876
1203,687949322,1510226623,492885226,1496356766
1204,1395104413,1044470428,1063856065,1899697410
1205,1618124929,1089680269,1054327671,1750337063
1206,227569744,1142942500,1805311293,1157093024
1207,2096309893,1322902488,2101785211,971606741
1208,173114236,2135292274,908255318,679052733
1209,1068280859,1013686022,813069324,298974845
1210,783942490,2052475052,1173858304,57316382
1211,1714168854,1589088339,2001868467,25816683
1212,2129575843,1082056838,1442504566,591618094
1213,1269074137,681061718,1399552619,1163917274
1214,681523126,244952971,1014809811,378327646
1215,37261358,1766256595,2083153093,690095717
1216,31900164,1398269284,113802593,1168830139
1217,718295981,838602791,1436629567,758679
1218,848172115,1667137054,1423536525,803997569
1219,1458830263,1748428188,1300008156,1119324033
1220,780733964,455652169,740297508,235185767
1221,1167444806,941526468,858023860,1849847044
1222,1643991238,692019333,1518813084,1828583054
1223,211321702,1540319484,2081415833,1211778414
1224,1203210592,1983563621,997602615,1606230514
1225,1636185274,539397494,1770303053,1230797575
1226,859452205,1515076747,1642056869,314754948
1227,1168956214,99417436,431342116,998658770
1228,94442652,1143147212,1047345827,1695505760
1229,1544392871,1818746719,1983882036,42437873
1230,939894906,1401552664,768443710,743608742
1231,1134571337,1727114165,662321700,1517559093
1232,1050776115,1038004249,69874473,145967194
1233,267953308,1093871780,1775671945,2092694337
1234,459795223,1411795056,53506781,1062297619
1235,1660583655,1130989880,972471463,761618440
1236,1292833984,871597453,1474713253,94592970
1237,459714198,164340171,1911931810,589954165
1238,2096412548,638455371,71229409,2038609129
1239,1829748338,216810481,1975047381,1584942665
1240,1730013860,1744909744,1682778104,867154573
1241,1217305261,875596243,909199813,226535090
1242,1887459832,287443308,365220643,1874134354
1243,1978627357,1498721715,1959350053,1698271592
1244,354061482,8229907,21727884,1776175083
1245,2039313997,1576332851,912422980,1995701300
1246,2017163173,1564811563,1731337833,1565603756
1247,834549981,66962158,1358757472,625490180
1248,1611468458,1506466658,2016175740,1697055519
1249,213598816,1172940274,1621062434,936550521
1250,931577663,1924906491,2127814618,646316555
1251,2102791894,483256981,599006104,1946435553
1252,522715796,1669287987,672543308,70914648
1253,766924893,283647480,1822287307,2001224241
1254,943461113,1443903244,1246508312,506204485
1255,194466439,1006370679,795053799,667424987
1256,729419356,1006073812,12464587,1322557714
1257,1931361779,1942974794,1461018862,606059787
1258,1786909397,1672314834,2081691514,1835486054
1259,555935454,1086892787,31303633,2033648787
1260,2101559992,966487341,1311612571,1590425139
1261,344460253,2032829786,1689986594,1699053755
1262,846444018,1966824945,1688313261,1490480683
1263,1460127007,308718192,871064329,391057316
1264,4522181,1560774465,1807856150,873703970
1265,1027730147,907553165,1123043612,606921446
1266,1272007808,826024626,384491708,1131896087
1267,331494985,764032213,1038926894,305924201
1268,92914865,617613405,1870275918,2076154240
1269,535737329,1706820617,867540303,60440172
1270,484398782,1366206853,1296353692,459402044
1271,420331057,1482230073,879858173,1251576093
1272,665134768,746763892,1576800698,1643579921
1273,484651539,1781282669,1119938438,1379501672
1274,1198438795,1727442716,877611268,820739622
1275,154464362,2071330445,704673053,368975579
1276,993672790,1723290664,709601278,149136606
1277,858653324,1204236550,823530031,68605752
1278,804432304,750943414,684323388,1516610955
1279,933609322,1387631357,1036498712,1905653245
1280,355732467,1640357095,1905567628,1642800830
1281,691258658,1393537666,26188426,975510898
1282,656635596,732475747,1925644394,1223807149
1283,1992313770,2142714030,955373673,555398513
1284,1240172756,8904507,1219467826,49312384
1285,2142612438,868033828,75605432,1683439858
1286,385341588,209853466,212669018,1042880491
1287,269618281,2029108724,1161059329,2040016885
1288,2080179471,1715515560,1558755332,1452154701
1289,818651516,1207485638,1389209683,2077990073
1290,2091388656,1991796120,1333241878,1454142156
1291,1244167302,761067290,1356033375,2133002007
1292,1567463817,1015390376,898771861,1675333479
1293,1796283214,332302979,199843114,734047241
1294,422313351,1929186876,960133479,2057554688
1295,1510136739,980631004,875111289,1008131487
1296,65500823,1201229638,1885517400,1751525139
1297,66443529,1570001217,964935203,133420949
1298,1444457533,1392879877,2142594522,58772258
1299,1069486286,1316083959,345409908,1545845584
1300,966294300,1860449933,1255988786,734656953
1301,501970095,1068006314,2017208963,837746392
1302,2137646518,873083082,1176579813,234127669
1303,1311728781,100809950,208263127,734921385
1304,1921015226,2394050,1164499543,1544134848
1305,537215973,1107018934,1805862350,1092147389
1306,314136899,900047699,132742855,1036993943
1307,1477533680,113242268,590656690,794851937
1308,1274183052,1852677826,264879221,915125789
1309,1151604977,456911259,1984207122,1627009703
1310,1513911294,1524236988,1716250379,541494522
1311,2126188456,108606460,756170966,749908118
1312,1859196810,1417083752,611728886,426865420
1313,258482079,1995922479,269871341,1313629267
1314,426709600,875338472,76396714,204067574
1315,1276671697,50183062,971605426,763114060
1316,2084436131,1739751337,1622612041,409731728
1317,1325123481,2282921,246461483,1328045785
1318,906718070,1077809944,1152275691,1533556402
1319,1144403100,1303256274,130069075,2033761569
1320,530323953,1722037952,374763702,178613442
1321,209963329,620300131,1778046124,626117520
1322,412840673,1768550761,161865021,955736304
1323,810138663,2036454989,1593104221,207316787
1324,183197346,2088862262,1664728665,1757136759
1325,2113312563,468373828,960385753,869876542
1326,1187352091,454611184,585616262,1543734748
1327,677809488,365084853,1796710079,290231179
1328,231049661,267160321,307273594,607096118
1329,2133378131,930521373,1495614330,1020176112
1330,1734599461,1962774987,1860135206,1075538817
1331,1748515805,1989577557,1540129206,854719158
1332,1752639488,1688043727,1109194226,1313253209
1333,1063161799,1943927285,1383301005,851677299
1334,288107535,125154925,1892370295,2056666024
1335,1917106149,1568513531,1410488848,1269438017
1336,798853058,1220790662,1544714637,1605484974
1337,1311882822,2113315894,798554643,1992349705
1338,837574866,1947238765,423273678,1234517789
1339,2034105003,1583655017,2083536037,1214711229
1340,1273516345,1131007589,2011634105,92383057
1341,1610213228,1428276432,840120075,2083087666
1342,447238982,279639679,1498552995,1975648257
1343,803790056,1244855045,909630411,203012198
1344,1147337076,1351252544,728520745,1664577028
1345,666479761,1806396207,1293658306,317572174
1346,705937967,1637894779,1191040978,295685319
1347,1638447291,70566054,1874267813,515977029
1348,1524865090,469542641,658573220,1426919574
1349,76480556,688744233,2055561016,872303018
1350,633603781,1281336748,1859272185,1138315018
1351,2047052646,1624945572,1341380638,232463748
1352,576540544,1157073805,543633112,573192262
1353,1105433137,258274888,1968320599,1458571422
1354,58822180,754259675,842140999,1373423776
1355,2005261989,707315296,1122589688,1317263251
1356,1440843425,777049652,1914607404,995855565
1357,1217062357,1190113568,1902590206,346714430
1358,1959547826,2101867146,254935031,675075594
1359,1465958209,681627652,50401191,2037849456
1360,673137370,1474042816,161109285,307736190
1361,892611184,803149697,1846848537,946297752
1362,1897234623,1033665797,929846661,462825414
1363,1763836780,1020270836,1583760061,70868854
1364,24834502,130580371,1323757322,661759703
1365,664765111,1248564517,860702443,1503647406
1366,131255584,822704983,2071867877,21683416
1367,1793303212,950949564,1659894295,2023538057
1368,1371029767,93146520,853260331,996567136
1369,504453381,1072602310,1903046324,1989689977
1370,906034856,1681210135,948756502,1974833388
1371,654741520,59714409,1803045812,574636768
1372,1035586832,807690179,1538252935,356740805
1373,1581733962,1110847867,1493927756,1197716510
1374,730284505,612248089,349332714,1152810513
1375,724360769,864610819,1829749845,332252619
1376,2009222052,695036888,698956122,1828477990
1377,705985227,267446391,1777226455,59536482
1378,449244403,2075817439,264718094,462248329
1379,1714843879,622540057,623786073,2091081968
1380,1670667475,383853293,653999966,1911752209
1381,1763211932,205239511,455121851,92096151
1382,140139370,252263898,608999809,1628311205
1383,1552138389,614979360,346041550,938626959
1384,2199923,256244244,1466123840,1470010498
1385,140653940,678209005,1455452017,1176466139
1386,1271820874,1708745206,479413407,1995869424
1387,852756119,999747045,1454195021,1363902529
1388,988571386,1249347964,429510166,2070365282
1389,1661928479,7972534,199750820,809117465
1390,923573282,2105690067,1016043440,1714963327
1391,1580150601,627710692,913799293,511951181
1392,950818744,104872131,1512199135,1050614298
1393,2079524296,119217978,1597959922,1765604396
1394,1170696609,1218429229,1003166649,1666446992
1395,1892145996,1528768844,455449772,210846110
1396,869280256,1579414240,1059710594,2136727944
1397,233130635,1377862176,294349447,584071327
1398,817479218,367800586,1927172363,625241375
1399,1567017688,1052367060,2047074135,355765069
1400,1272993128,2058008398,2011506149,225689433
1401,469054815,1087052600,1012105836,951179345
1402,86693468,775395989,1878225809,1382957808
1403,995863887,1823252051,753869347,443421223
1404,2024103087,1302828982,726014889,2089523050
1405,2070355667,73930251,1970159482,1570402640
1406,1479265264,435172948,1715133990,1065875123
1407,796876527,1227694765,970778736,1437681442
1408,1463426835,1102499065,500859057,377236504
1409,1435628597,233356296,1267809169,1317464949
1410,661095802,231506674,1305250205,2023556015
1411,614658213,1572856910,56078212,777829894
1412,1135214988,466674740,1134864535,655788307
1413,2088105830,1704177804,892874411,230676813
1414,528648333,813341548,464985497,803502591
1415,120355535,633093703,1510761880,1693959599
1416,1432380593,202152263,1859913160,1301643641
1417,894931561,1110235886,1255652732,554876954
1418,357289938,1617676256,374568308,1440660128
1419,654102700,1181307336,2037297560,1160331522
1420,410133431,1363869050,1405640392,1351331876
1421,616085623,1283275446,1787634918,1319897792
1422,64062342,426095612,1128777211,2013704838
1423,647867285,251712017,2133539272,1360262167
1424,1697135897,231669926,939742116,232085192
1425,1758363653,856724644,1107251828,1548791759
1426,533633595,108675375,855170622,495789793
1427,301477910,1358663223,1132095884,586078142
1428,181209240,557904635,1729626214,488762030
1429,1649178117,1134001939,1049114755,1647522272
1430,1527225358,867117549,287289623,629651174
1431,854568687,1631447645,836662297,1484443251
1432,966049485,1118256760,1353214348,844306064
1433,812891358,1706799103,1464968242,1943928936
1434,1205213434,906254094,243540201,597064055
1435,882985218,1025826740,294394223,2045076717
1436,656818001,1748140193,37744569,1137330006
1437,468298400,1937111680,785906127,1323588622
1438,115607788,152958024,1848630600,2113012469
1439,26807063,1630589188,228205367,697938800
1440,49044881,364667602,287468966,493304736
1441,597495370,1770009198,969948262,306311140
1442,89147115,1068075691,1200909357,209119154
1443,820671450,847095620,1732042377,1859821992
1444,1951769344,973992373,1738645596,1081085753
1445,1734424966,1619574702,1385094248,878137282
1446,538884204,718482017,269688461,1230005281
1447,863428435,75442770,1114521672,332317444
1448,1160784642,1851139579,1390634788,243833503
1449,270727683,1512129201,703968514,345916433
1450,422088804,1726706268,1515393210,1745262292
1451,912304067,61296297,499365170,198818993
1452,2015963414,693634467,437983872,1290537275
1453,1113868367,155227606,179282461,86710135
1454,402404874,639538261,1009948456,1223643181
1455,949301718,1739961016,903909096,134885516
1456,1633545293,1292240187,1454049381,185792501
1457,649826042,1162151241,211177686,840447527
1458,1495584807,1626554511,1705445627,485023122
1459,425763394,1797129258,763273041,523048889
1460,1596526759,494368839,1774533731,1145553143
1461,1873755621,1726184495,1161743408,848474852
1462,1714038364,414377265,743021071,143591904
1463,479651811,1318026236,1797819930,1504225645
1464,1563255684,1463517715,856166989,780827988
1465,1592941799,911273829,352190948,187364038
1466,1905708455,297463195,1032224579,2087067366
1467,2071612392,1040872177,2060217694,614590210
1468,294182623,1962919531,1202902743,2027919475
1469,1746964173,36830765,2055712003,847032489
1470,271183003,1073277758,820691809,752281227
1471,2053029556,1295656803,1258964924,930103237
1472,726618463,1189005854,444404408,1437601281
1473,1770414630,447294871,2016025611,878107577
1474,327509100,1297696843,412067764,1921339286
1475,1092941072,1397324314,1063974560,2014103034
1476,1876703635,917687190,1395256172,1065807298
1477,541059698,670197774,1303367319,250711069
1478,1783754500,1308211381,1866929071,1321356972
1479,1822438696,2128762821,772722163,813619693
1480,251449945,1971140950,261858616,761147308
1481,2073715228,819991922,1829654543,433260956
1482,152257579,1043149796,1124684541,758301534
1483,421994693,1718540535,1037355036,279052367
1484,860608205,585502857,2085253948,1613781354
1485,1429184422,1550012524,376998444,1580979735
1486,1340929685,1994047345,669306608,936438593
1487,1371151623,1436271475,751690543,418419907
1488,1847986304,1347747180,1140922562,2022789642
1489,1250055481,1061486524,1044127793,919488306
1490,484620594,1119800478,735540036,1429660698
1491,1632291157,1045390742,1534695084,864601349
1492,1414252382,678662610,1145522607,331300620
1493,1853144544,670297433,171563572,607998344
1494,1247459504,747983697,1592681881,971488802
1495,1851189433,2111936755,512367682,2032898709
1496,642523043,767305167,408106983,620784094
1497,642673057,102266367,1427827689,1583004264
1498,2099671645,1756732642,384524204,781900990
1499,1971551183,1044413701,249287691,1563931878
1500,553003195,1913110109,2113109578,1826706285
1501,387379357,817854524,916711223,84122809
1502,1340999006,2047127104,204966392,1613153938
1503,1724698729,291847078,447529298,1340629264
1504,2077641375,257769740,1239085105,491492947
1505,1139592855,1218764763,876883010,294610448
1506,479060318,358055254,1501585932,416581794
1507,208798001,1020418223,1733789272,172056888
1508,1825313202,1218114990,1130834653,938852270
1509,2070571784,1493302276,1616985496,2116743576
1510,598219418,430105273,1898246992,1888754430
1511,1105299364,1561212501,1737047287,1123998454
1512,36029805,1849968030,1962514200,145900157
1513,223744702,1568091684,837962610,194630892
1514,98379694,2100843883,1335243317,491994140
1515,2145229743,1798311182,300018320,1633319452
1516,452676292,1729744126,707723164,285807959
1517,386047870,1672815243,1025707260,1689424752
1518,1306066508,2098570786,802889838,413714022
1519,1676410763,1253986852,1255223399,1948532974
1520,688943848,1336780173,360468238,462958476
1521,590727179,1828191301,522459477,486841612
1522,2134856820,1899839597,1505264160,1748063007
1523,1189174974,577100126,656651451,1255546806
1524,1636842704,1098581154,207143806,630935313
1525,1053169822,1550434889,1613299547,629723946
1526,1058033393,409897158,1851164672,334687222
1527,1152687455,1851527947,693398033,976130470
1528,1170860020,1679541161,310628181,2038380212
1529,1801167893,1658748312,1479832626,730449006
1530,1723864054,1645332395,940715897,359454920
1531,1427917688,879034065,1052959846,1117047675
1532,525754521,25295947,943582845,1827612746
1533,2036240675,414760628,1532408340,513309390
1534,604331765,246891063,1709723706,1593516658
1535,1518751105,921977544,1836715533,194820727
1536,11596303,750382670,1305690416,390287804
1537,1661817602,1578977652,1641300229,1282529534
1538,677465075,1605610921,1656843951,1242323695
1539,985935079,1226847825,949985929,1002760167
1540,295888272,586986822,258441806,1678951637
1541,519497633,64249275,2117555191,238890041
1542,1598073867,693013491,230761805,332906720
1543,822127998,788293804,391173366,699496008
1544,975210800,924535746,1838219025,1276502727
1545,2123352496,1677436845,725359149,1597556146
1546,1718387651,322477592,1358375575,2009764979
1547,1488865049,20217970,145775822,1419454873
1548,1395240009,365625601,1058404159,837031824
1549,1452232329,1945100462,1344741107,2027985217
1550,427423811,1551527552,2058610077,1323965732
1551,2043932465,535865945,1467375252,1169562414
1552,124905641,158346936,76780067,1667429
1553,1226499327,1270550162,1381426708,1981628977
1554,1751940303,94834223,1027405531,1246300482
1555,849524237,839429354,1721137589,476048348
1556,1673247439,1003682234,686970399,1722393058
1557,1144149644,439337379,1661027902,1198685370
1558,153505177,1518391085,745307390,446538696
1559,1077347120,1285966405,1793110327,249827914
1560,1966081888,1572866188,394089174,636713671
1561,633578697,2112361771,1705218880,68134875
1562,519211293,2057677841,1722250674,848599327
1563,1550884870,1354767859,3406836,388171011
1564,1935110377,344842011,377660723,623498965
1565,631838646,72734545,2004006633,2110840550
1566,655805685,1595060927,434657425,1007079622
1567,1449094732,331556711,1087203224,181202484
1568,1310758392,842493714,319879739,435202245
1569,128549247,1166492593,2030002883,1719204770
1570,161033771,592686177,1190964794,837706938
1571,1582804027,609659812,92542236,364276653
1572,446505832,117798213,989943371,2102767508
1573,851677762,424179602,167757411,2078282916
1574,1002691042,243277541,1772735348,1534947194
1575,2050354578,153628377,1833721723,550283062
1576,1189225631,1355569894,102679239,1704952665
1577,818867615,1148092668,18050653,408324757
1578,1148521111,973811737,943457755,1629907111
1579,186689858,2018280407,1868701706,1919980606
1580,206627029,811521120,333425735,91699766
1581,750172454,2075214643,1588738807,390383346
1582,590642695,1370923727,934308859,2049822240
1583,879327459,2059860957,868839268,47372355
1584,10280755,1997577327,1388913921,1733184665
1585,592884490,1295294518,1931292057,641601260
1586,30021202,1638895868,451271369,85070536
1587,989983519,301738676,16581952,100439882
1588,163262037,389123445,1039133765,1975691448
1589,1664699079,1967351980,1765955367,1362878982
1590,13390614,1188750477,1897635880,1551046404
1591,749784241,1760169993,1788450322,1852482615
1592,2116574630,280473966,1057876020,642213130
1593,548714840,1173539657,2088599525,670034442
1594,1959067978,761536846,1894538548,1579775662
1595,1916435816,479849036,574182290,194221693
1596,1937555007,273639347,2014690107,1495607926
1597,127462,1891969767,1624031294,1616979640
1598,2042473306,1049796041,779552534,1165870968
1599,1093615173,2061769144,1216944711,1988000809
1600,71268543,849023600,108788791,1137170166
1601,1886741128,128622699,1408933512,1852016620
1602,1112131637,169279217,1520732352,1302745236
1603,1163706692,988971913,44438379,2011607577
1604,2061050858,1055789195,1320680254,1710832901
1605,1251600945,1813426538,842517994,1150069452
1606,1912468147,1455366299,529237669,44765825
1607,1645287176,181486635,85338441,912036645
1608,312145210,751542395,1171203206,71448454
1609,1821759658,1358421478,1927491986,2057322306
1610,1371659765,1010563687,529153655,1921978853
1611,1876202277,33460219,1559033984,701430925
1612,2084265632,1482068066,888693882,1679377096
1613,1810220361,2121838406,907716054,1294509997
1614,982319736,1603462461,49520817,37677745
1615,366807388,355539899,1699474854,1500844973
1616,1242083570,406037365,1700807618,1671170820
1617,1329619204,958793638,819033280,1814964978
1618,44817239,1545660933,630501503,899091606
1619,879134847,1012109919,724494753,1659987867
1620,193062413,2019796391,1817220775,576662605
1621,787456003,1060031535,1860252374,299486845
1622,1336538689,1444013062,585938862,963456190
1623,875560309,1813562048,425771218,198138994
1624,980320706,1519028139,1239814275,926088326
1625,232157251,1695387235,18029854,1594298298
1626,1811224247,974077956,488853722,1751431970
1627,73415157,1909153828,423881087,1912492324
1628,1727101792,524931372,884627519,2017354493
1629,1347714698,509034673,840110401,1907571116
1630,2039714597,1437974654,1237896171,1408341337
1631,1307424682,1822218640,607669971,829429619
1632,335407369,702846502,95152044,69363344
1633,2023938606,286438113,549341240,1462887333
1634,905523949,499146287,1710054293,371168665
1635,1551794703,1894705356,1863688636,1323393333
1636,1022554873,938046705,765640513,1417719969
1637,2107967260,834812138,1731744482,1011592549
1638,280311860,2141822439,1685670034,1687222483
1639,1123566554,848313029,755154502,1152301203
1640,1618587935,1090907971,1676487713,580922975
1641,1289688609,1373758685,145375875,1657574929
1642,87534968,346841572,1381625595,1358588929
1643,2052585072,1088406940,624058910,628821049
1644,342443860,1026599596,659550521,1113594360
1645,522117372,644506916,1339836620,1509809239
1646,1577642508,131901792,2130597374,645114998
1647,805294501,1786569310,720888204,456267477
1648,676311071,839917457,2229832,1397318732
1649,794887980,673672516,1036474920,314087374
1650,1374911657,52691397,616810751,987449469
1651,1445604819,630888545,649795176,1593525646
1652,1688615474,2087002494,1319216539,1509144354
1653,2141314481,373720290,1170425882,1888510379
1654,706837127,1066745678,1737958142,555808527
1655,171966809,34376850,329853815,1599536368
1656,2095132603,1336203095,1420888802,1912222258
1657,1726967984,237100749,1245571196,1553493320
1658,454981706,719693142,1815597440,166744459
1659,295309900,837685847,1046477798,349738710
1660,1723614525,1877259134,629584403,685640447
1661,2105080444,337506328,1135578324,740936779
1662,282014342,717271343,362067154,1770230878
1663,161541867,745771852,444926937,837902837
1664,630572694,408416667,1176834691,1819415715
1665,1195263287,959331807,833302996,856424650
1666,447389697,1601753145,754341235,182793859
1667,1396249112,1091033969,1250339292,1837620232
1668,2080171375,1651386516,579517483,1073638036
1669,803510704,1447330964,1231506349,794706432
1670,358691664,1347484434,573883577,1833270240
1671,1325218381,1268396742,577701890,608860198
1672,818762156,1163938076,1217814598,1852688951
1673,1217913960,1065067261,301573071,1658086277
1674,625189946,739412834,586032477,520388660
1675,1103571754,941232932,153619154,1674726490
1676,2113389120,2131002685,645725470,600724158
1677,1104182636,1181781699,701338167,100558145
1678,252938073,847164439,887753408,1111503560
1679,509230540,210830493,998922917,228676824
1680,2027919235,942306996,1687381812,1447666646
1681,281185932,1201998151,1364081568,547040784
1682,1354064490,136849952,1517332204,533102738
1683,2026184050,572802439,914178551,1026402465
1684,676148174,471745538,1036936982,1850581063
1685,1958310040,313547318,1345831184,1903928386
1686,265715921,1418352512,760582873,883029045
1687,1459883196,1526509323,611046516,1428883820
1688,919851825,2020319287,1228164823,1558332797
1689,665820723,632275737,1943692077,1999679329
1690,35359975,365180777,981796590,1322322070
1691,1037021586,1160193686,1377640814,1066379257
1692,1726613030,868236780,519380579,1050301457
1693,268198069,2010717297,170917568,366815875
1694,201195978,610733674,1372061043,122354257
1695,277895676,1218907221,422853201,2008304100
1696,999595447,1513499166,490854540,2007151701
1697,37122381,171581602,1082850024,13514936
1698,986652377,451041327,574968094,1664869445
1699,943748515,1298816988,1827275380,1232847505
1700,291932356,2030093014,1145990809,1450134991
1701,1818146126,966818526,1636796476,1844053381
1702,149021510,1343269697,285145255,1356371612
1703,1803424157,160667562,1067028535,1040422294
1704,95884268,1073142166,1803582349,785962732
1705,2077207639,1208328455,1235584893,492486953
1706,1182771588,1522653577,837631604,1999089371
1707,508709945,313533135,1890261072,424677320
1708,851354406,441640204,1786132073,1136797410
1709,1367547478,1317102674,1568300029,450443919
1710,1516920616,1253991022,842890789,2086417118
1711,423294069,429190458,1042133473,1555561046
1712,1692922189,1101426426,2115462251,653778656
1713,540834975,1805230814,407762121,1689069726
1714,116593344,1104246693,357260887,646319796
1715,686018803,1995012564,1880790498,1667035940
1716,1636611787,647736252,787887523,334172330
1717,1703238665,1662823164,131760836,278145057
1718,705659276,855572807,903318084,1521104799
1719,1417403547,1207111059,125884519,98274195
1720,648831195,1630089868,893842030,1088362313
1721,1350166588,1020432750,741893642,2000724828
1722,1179469614,1930849052,1766132406,1153735264
1723,1675227785,2013287679,417314393,973337301
1724,1626498558,1072876782,1009669793,176603992
1725,1373951115,864776914,1939599790,2065973534
1726,1803378491,325987673,915771227,2079271128
1727,1702797119,179494326,1453748020,1469062860
1728,1339626130,2063678108,283234807,1332203803
1729,271481404,185698429,1970099428,1736834857
1730,1451104505,1684838728,818122680,1217626307
1731,1049752638,28160920,1647877599,1455686034
1732,2087806619,251640786,2008873834,905787740
1733,123508752,442770560,1098602017,490368400
1734,2107471877,1947266364,1876673930,151530203
1735,1502844248,1431634100,2028181829,402414853
1736,1168842027,2090069127,978808681,1665992644
1737,1748784638,373481776,2035823753,169176511
1738,493157892,2067427448,1293856361,1724349587
1739,550827878,118017241,1819720653,727613850
1740,804405834,1305762069,392532301,1698483385
1741,1002866043,897268953,1498837086,178129638
1742,1063891840,53156673,1050486270,326233769
1743,501025287,447293946,1484822267,466507015
1744,58825360,835562166,254576963,1929351187
1745,736107454,1004127667,888733239,1027434113
1746,1977168747,1354512901,432417874,893498039
1747,2081340413,146687715,1513490038,678699901
1748,1157915098,147349322,1382211474,1237703390
1749,1822587653,135093047,404772584,1602285404
1750,1942524124,1034065782,535884096,972278354
1751,145465527,529813851,1675651858,719486793
1752,48752636,1611900885,1477751755,1772535013
1753,1752084668,1220587142,987981517,1475494399
1754,317682250,858543425,1229259105,654824455
1755,1582031060,1559241286,775366069,307947140
1756,1514789901,2104308213,1736941791,554767767
1757,1981678462,1193776434,396274914,600743282
1758,772121494,445876745,518614746,172170399
1759,429017054,893936183,1087242680,1796042443
1760,1450854727,170621266,1326359152,800321565
1761,899765652,314863927,715065507,1732478202
1762,1450533688,1429863333,932031914,1995667621
1763,763253715,509847313,1047567262,776606802
1764,251345850,895976505,2138880692,353439426
1765,2130794725,1517994485,925438871,1666880022
1766,798883143,1554841785,1178241922,214694272
1767,524766871,157557837,1843996471,1867610388
1768,86417264,1109618523,567214328,1072514244
1769,219865183,1104002188,245787231,1436245236
1770,285277288,32376692,1372992437,1214694242
1771,1054312317,707457447,1642724798,1846204991
1772,538926394,353508435,2001937720,1446239829
1773,1816530216,1666109661,2105458700,21496058
1774,548017181,1310830752,798893958,998869705
1775,1107561124,1249367220,1916068746,558232911
1776,1643053904,433368236,572678391,824471229
1777,67598789,779005603,1483558546,79046639
1778,337784191,309354794,699516695,1610559845
1779,2111452887,236654312,1115777293,476651686
1780,1765949440,1578117083,104351647,1620676351
1781,466395035,2106673383,1024825698,2066026037
1782,892515707,1733552486,835637643,441977862
1783,308879893,960115745,1617505903,1473490303
1784,970367679,765451545,460237570,1109706305
1785,1153243270,929006305,2131615564,1344627284
1786,289212426,1092393200,711733344,360626713
1787,1832534906,1155849660,1149794598,438979491
1788,171504856,1938487543,135446457,1155159722
1789,1437292461,1895701934,1149076109,1902806876
1790,233450321,450455772,1266406581,1834978025
1791,924524442,1976712982,1361331972,468610037
1792,1133914608,1565689085,882562603,820604993
1793,1161947059,694376233,1062417308,1870334426
1794,1722427131,787954244,1899669472,725855670
1795,1973466682,1211528013,266617047,1770021127
1796,414638080,1899062692,16874582,1978853273
1797,1553366373,1975799522,1371460647,150551486
1798,1679565259,598606207,1881016650,1128841880
1799,1815247998,670471785,560383183,2035368040
1800,416947223,2691733,1971429009,1445773657
1801,2048688695,1516196540,423312299,232051361
1802,1006107856,143761501,428539469,397017875
1803,1887308036,2126387916,1968331234,659308552
1804,2098018831,627955501,1283915839,1750376251
1805,863702543,560707696,2016554972,1233661954
1806,1449029008,84966213,597990793,1670261733
1807,260843701,1104322139,333834962,1491783404
1808,2042909586,619926492,1990667610,1316937108
1809,372696046,2067386367,289501026,1086486010
1810,1650955382,78407063,2016062947,1573051758
1811,1469988868,118382181,1658853404,749145775
1812,1102472610,1713647932,865841260,7415383
1813,1849067880,470449601,2013225191,1359060099
1814,1426345803,476059531,840051453,545608498
1815,477607656,464254498,552488987,1221652925
1816,925674734,590758407,1700613739,1541394498
1817,8170587,1143802159,1623461404,314779180
1818,1860668104,1136489808,271655287,1271511679
1819,517436966,853580565,144976604,1213993419
1820,292910868,1207863769,272888976,205990184
1821,1645326512,1989746630,1049934141,782683173
1822,279331615,1621663929,1337694958,110712666
1823,1309639788,1274143554,208176196,1548654173
1824,2136825090,2059536001,265068048,201349864
1825,1828078614,269578465,1457983149,1583848527
1826,250775605,61097768,465295922,1586325688
1827,1218889161,1119097978,997282532,2120887563
1828,1306592282,688469181,221057731,522860585
1829,1350188002,1517182555,767914578,2096722913
1830,2119338550,1384760229,384879016,262583542
1831,899239793,893736110,1490960341,188068558
1832,278512191,1063470407,1941547320,1736867918
1833,804338731,546235905,217252586,97971572
1834,1857784421,1099331624,405063751,937706524
1835,643267900,328101703,20074570,1470456735
1836,1149743776,91505045,1647461306,536430548
1837,927989881,179760132,1154382265,561825837
1838,1973253961,1476745846,812127928,100861827
1839,791681247,1505012779,1603574061,1456045885
1840,1421832676,455281329,1484080861,1927192620
1841,1400459361,29653404,293061848,237331426
1842,2125945184,1130330707,1516349515,1049959148
1843,27289715,228587482,205797356,173585595
1844,1811247686,15362705,801515168,1440476370
1845,496094172,1091885281,1063383043,11241963
1846,946330442,1373141315,1339223036,1624851480
1847,470332446,1172602797,2116238497,1845091298
1848,1752971114,61041661,297393981,1778798703
1849,1391375586,1134730251,560908051,1868991153
1850,1398412348,2049283448,1562018428,1943583597
1851,1114700387,1627756175,532930847,1509617934
1852,434208968,1718785638,1865748602,1536486583
1853,396311479,937469498,1675426641,486156062
1854,508269433,1455872499,2041773318,829960312
1855,33919104,1932925648,2027176470,975027305
1856,1757035359,1707561747,1744051450,1085180813
1857,1696827484,906757363,1010525453,470928327
1858,1193553716,885115509,835812309,1961863053
1859,1851375288,1064993686,1532022990,258098552
1860,487917625,1803642238,1137949879,982305314
1861,265651329,160542459,1634606534,52131441
1862,778729935,1205523770,2047896934,26138671
1863,119172412,1730035398,1928785791,1899588370
1864,1077242541,1964462505,1442664294,687752401
1865,1219054680,1553062385,13097067,1854191593
1866,1389713066,1168506965,1638994240,469403887
1867,1121729623,377883937,734531227,1148730851
1868,2019527785,1755788699,1270056097,641361505
1869,577432165,147317670,1426848370,1816718882
1870,1566020567,1095572006,2011345327,865266799
1871,1209885461,632356358,785760573,1292447523
1872,1008663853,723366218,1257460301,305998806
1873,448622430,1137817449,224873915,754759515
1874,1832640761,1902462543,1313769513,1704406519
1875,1713231889,919892125,950122275,1406988410
1876,1072230198,34315930,568632783,1527522604
1877,247333875,1107337093,220976031,1517868486
1878,546924695,1877408634,688340931,134550141
1879,91112525,1382528984,325238085,886606178
1880,576533275,1479337250,381788740,1794472054
1881,1514365260,1417681818,59375891,990255112
1882,41567930,580830728,590993890,1603626757
1883,556192503,1493486833,28370987,731272747
1884,2024101682,885836996,1465932539,1805474821
1885,1139006505,1025256864,1145719570,1215493789
1886,1430890564,192035621,559709332,648158822
1887,97207497,653238421,228848830,1425984058
1888,1985776356,1979671055,2078230645,1281923962
1889,1310938057,1606438523,1388417555,546974148
1890,415738774,1947736443,625839310,1896053859
1891,1828589291,1807433193,477156372,2066574097
1892,2095853038,2077282249,1013019024,943165537
1893,609622511,764614969,1973469548,744943133
1894,1219963674,172971391,1718573432,1700420030
1895,500253708,1815769335,2062547491,802709111
1896,2034155545,296208485,1904129347,789559328
1897,1516401939,1772215773,1853998665,1781277931
1898,1504074676,379642341,1963296065,1683952792
1899,313077029,603128201,1672269640,1966517678
1900,1730900319,386781958,1882148115,1103014853
1901,2035184166,1082354899,1500480500,907369460
1902,894063410,2112393297,837702391,810554398
1903,2042330596,1530641386,1929158053,281346690
1904,81988952,394466923,1420760868,840436208
1905,313416574,173904690,615885534,1656341978
1906,288813602,1515728076,1232662552,566896487
1907,350310257,141995687,430130762,631381159
1908,1970801098,655023631,2004743987,505042679
1909,94513377,290017910,758809157,1570654490
1910,1600509955,1771174938,2123620017,1582909429
1911,209642846,1542147110,26684693,1860580805
1912,1602741788,812745684,825013215,1446585237
1913,1499110495,1839909863,1866064319,1839280692
1914,15797601,512356900,1941474296,1099986865
1915,419415626,1360657278,1907825799,430847698
1916,888917120,1878485686,985227544,273083380
1917,46926640,377849860,2022672882,775810685
1918,887014688,746405819,1289554856,326670106
1919,425519867,1233422881,193596741,494775509
1920,1965894273,1865125225,985573105,1474855366
1921,735567955,1237533431,46340614,331049850
1922,17080142,2141554827,555112790,1412520975
1923,2055241728,1127968841,1213378389,818569557
1924,1431821844,1758015279,2082357810,368118505
1925,2120446200,499282592,1177811070,1181465432
1926,288069027,277674801,1359704532,1272625351
1927,1332726253,1261154440,1741657345,1466416428
1928,1471000464,1169664534,237698072,888745302
1929,230187297,953283102,1595748167,2138658158
1930,511696980,980278798,51979147,1499100113
1931,78748283,381878243,2058506382,924229672
1932,58642634,73808014,1699328906,2043360918
1933,1589777490,1550882270,1371612936,1394901658
1934,1447405905,1113378671,1692784569,1013788133
1935,530897110,909740590,64477611,2050840039
1936,1202444357,382534636,132718769,39280163
1937,757074930,798067004,1146971839,622473863
1938,832776278,1185351960,135524778,954971820
1939,1785100249,950657968,1624518034,133893746
1940,607904419,1395257906,682120352,448423909
1941,596050267,221765542,196833603,48185186
1942,1514338989,1813675536,132712566,316366865
1943,864163347,835923589,1888158048,1165050925
1944,101793105,124021364,881870520,357543925
1945,576612554,1123175477,721612606,2123142519
1946,1348011779,1558381444,48153783,1545114395
1947,430984577,1134087255,788152301,2128304643
1948,1347502034,1750287235,1210219973,977167100
1949,1085767264,1981519476,1318734993,1473549147
1950,1941216907,110724889,387600533,375614008
1951,373313478,1601893074,1707846169,322708360
1952,423130366,1241827426,1904132247,1662532011
1953,364743069,1783018309,1966793938,1123427555
1954,1211142724,1489529877,1739906336,1791133241
1955,1637976890,1893924971,1197433074,2007818369
1956,690539927,1413349129,1180833931,1324864001
1957,1893287493,120282786,691687632,1539772818
1958,796846097,1749703260,116672406,617290457
1959,1418026332,491583597,49231056,1569554801
1960,333136412,1856457800,1558426561,1892508810
1961,594093858,1549314051,625471323,1921533449
1962,1470802704,1112047492,725182703,838657988
1963,419173585,1529438873,735602891,816410634
1964,1569440042,1530136671,1881149727,1371242686
1965,1515032008,1349469120,2081025171,1946238335
1966,1046091333,1865226323,83334387,282359432
1967,1051240062,1681851514,1510337449,1032391927
1968,513223772,867227883,1650574412,940185736
1969,271113520,590156033,331220565,1096213232
1970,1881215769,1699070123,426591779,801633695
1971,607993546,1898271606,1102583486,480817490
1972,205861345,381518207,574244589,768295030
1973,1238240894,317627428,85328313,997224109
1974,981399317,1101485128,983893806,920288691
1975,340796013,1703808454,57917669,449348069
1976,1090668642,1300031925,1353927027,9163870
1977,2005199609,900933304,2076396235,734471582
1978,2050976122,331839669,1825366737,1849252564
1979,1504940824,1692581497,1478257185,2088032966
1980,1997143015,176482033,1502879552,2126959259
1981,1137217500,1401679254,519810791,1803770084
1982,1475961549,1075077049,571376727,1873894207
1983,2071560250,1159926472,892723740,1113234523
1984,190962438,2014718690,435301838,492552463
1985,1360349663,687681307,1318638937,729219034
1986,1587869884,1267017358,10704709,517538192
1987,854867925,561286263,2081142861,305973570
1988,987755434,2118012557,2028163853,613747969
1989,75760164,1473294967,812074625,1447910713
1990,275369386,1167615093,1407493333,645703525
1991,710573295,2141733469,867611906,90484863
1992,809780633,1685573059,330797555,617736013
1993,932099406,963393651,1988978292,1777597295
1994,1933231181,1040717650,790896073,1510155412
1995,1435763611,223959969,1927454772,1539094640
1996,748133425,799351678,322338534,1405570107
1997,660479615,1810849990,1665816839,563852797
1998,2091868242,1548480352,1848538415,840675602
1999,1823658204,2122909565,1751677747,1548726904
2000,982944054,1696170212,109619676,1520879993
2001,1474916544,415216557,1986114842,714581550
2002,1528465888,1425746825,669667346,199548187
2003,159943736,592550353,2146690544,1862996494
2004,921456626,495440044,672633011,1621566562
2005,891594903,553603174,1626690717,232550530
2006,504930324,502864403,1017045917,1814890237
2007,260055976,509293060,2059467773,1341552321
2008,471928037,2142543010,1362114849,1792983110
2009,1375754972,1801637002,1453949293,341708064
2010,1063935848,742307399,562444703,859404107
2011,434691373,1237787197,684432137,12118380
2012,670175526,993189813,1001239776,2068953109
2013,2049010655,1951843180,59893186,1850202737
2014,886398060,1794912541,132797367,873449879
2015,1040262968,1300096873,345549980,24485429
2016,1495369385,1110211126,1482590582,252611997
2017,1966747514,1570479200,486672164,926819786
2018,1012989441,1530979382,875722933,696431908
2019,1835973157,1569483552,588559327,19135063
2020,284825111,1898855008,1934112362,1978416929
2021,1308050917,122356210,1620881666,1685309731
2022,1807172631,735180523,1201546407,208495918
2023,2143089394,456823753,2133239877,133764076
2024,1273211234,1175823459,549737946,327253435
2025,1500072659,1492062638,274568594,1474536600
2026,855580036,108100976,441658114,1364268303
2027,999081028,853717366,144932331,507673057
2028,690629458,1300552585,231148300,1028489833
2029,709106812,1167259138,295232133,276688992
2030,1362881608,665742833,1637885227,33655422
2031,1813354052,1789144072,1513167106,815159197
2032,49054724,1087605820,608131555,1318409890
2033,2053110118,1585093028,446540197,1358345726
2034,856664226,25879285,1390903434,643286360
2035,283409837,1492431328,1361235642,352742180
2036,1606416558,989297656,1768566311,1416634851
2037,1189650788,1171743201,360994785,1718716337
2038,1213076435,1741935493,1364218260,1947544313
2039,23789589,1370547459,487451569,725658895
2040,1392973826,1101902840,1202649590,1928277551
2041,1513820230,1056706677,141370903,718100155
2042,611092581,1975764748,963166231,381922080
2043,1265454118,149865282,615081962,1963213036
2044,150876799,643787384,1442890837,740889175
2045,1059161892,1222809248,99905352,112557111
2046,1022525433,1369439753,2114963414,846141110
2047,295384354,1055440627,457825494,1417701763
2048,1252772785,920843911,398201112,1750728208
2049,202811648,333715367,18395470,1262552688
2050,367177769,2574923,940607854,984962953
2051,1925242394,617267199,646722592,1301130335
2052,251035458,1008417847,239747116,83594571
2053,328707154,1037297815,934733355,1696380815
2054,241843594,207818072,1682063372,861775729
2055,2120439377,1279843488,1224856406,228062360
2056,1931207983,1335907988,252947294,1600594806
2057,1102904252,1387391100,1650542531,529154018
2058,485431563,326903756,1343143953,1451268964
2059,1684662711,1038091147,597372595,1038173
2060,2023885964,1479646071,1162779666,1302839794
2061,1881876621,1028238606,1608512190,645175759
2062,1255415231,880808602,255302187,1089931730
2063,1960091203,843596740,1791963290,33943781
2064,1966245688,1446828064,1628490020,1427818867
2065,731407109,893048185,885414860,319398114
2066,1008614872,20201238,1102789158,715374088
2067,2127128881,552328206,1054111149,1273319266
2068,713732011,821425294,142947504,1933696417
2069,1224541879,311679492,1044989351,559065987
2070,367545518,1219436775,1881756916,1132437767
2071,1027538471,983010114,1845269500,293415339
2072,456114804,1148328169,1804934078,1818160725
2073,2047408421,1107355127,871434272,2125673639
2074,2096324079,387256068,770439929,1464318901
2075,361989005,2060892987,543426247,1633805631
2076,1850364881,782911949,842740256,1242216727
2077,1291989093,2017536789,205151679,1442752144
2078,149803525,1436094669,906976064,1662539481
2079,1187414555,282859067,857996628,1468422744
2080,2089818594,1369834742,1892988522,383485902
2081,2110811131,990014556,555984888,53065225
2082,1719806447,1989165411,1152285467,755168781
2083,1578588245,677701189,1040269955,1202621749
2084,59852095,1369314461,1461741786,2109216898
2085,1415797268,1793180622,919683307,594512944
2086,684998788,1529462365,795038487,94833557
2087,136812685,830802558,1076525182,361490556
2088,60630217,628354990,747085872,1899977574
2089,272925393,1241989531,219290774,602654870
2090,261018620,2122812723,1938644891,640966282
2091,337691551,643656687,71807267,1894573154
2092,2022654108,1260534525,1642730390,604673030
2093,167056979,822172479,1490581117,114335442
2094,1999636006,1361921438,151680764,386572080
2095,295404103,1469305035,49585714,1909572650
2096,1239497136,2009195254,1612554475,815351265
2097,1090741994,485266334,1859070086,34178939
2098,686908273,2116808025,521618755,1869170137
2099,235316505,2016506549,1805320691,529937744
2100,594537229,2138793344,938165006,1888443691
2101,666881911,1700646886,1702125735,381939057
2102,614140403,1101965233,1478515540,1306618500
2103,2011194057,1627265694,1086128989,1362078508
2104,1732246310,456487979,1655648064,500866992
2105,685312846,1587326845,996521462,1757595956
2106,862811038,502224607,425416628,1697280209
2107,58644422,405334436,1084678404,266529725
2108,651834722,1640026506,1989280252,1708141587
2109,387539545,1325916483,585944198,148437235
2110,1695709053,1338471946,520378788,135626599
2111,1907605084,510476898,1169239136,1988002021
2112,830894988,532019269,611265306,518670445
2113,1902988929,1001071066,371677994,1505367199
2114,1024072114,1728847392,276454329,340481169
2115,1690576651,489308647,1101002916,967723853
2116,1361069990,2068288589,452168804,21522778
2117,11401021,1760652421,817906021,240358344
2118,970882694,1055635668,308588492,2116364743
2119,1336427433,1411147435,694210574,764990444
2120,348008128,1296846486,34297668,681298000
2121,124011929,438201332,1423125160,1685698663
2122,1459788017,712220503,511265192,2001847729
2123,1068291818,1237224515,1928497284,196707055
2124,811670256,1880883465,80722122,2127399679
2125,1064001393,1891616738,1516910457,746350774
2126,1355791212,448089918,209616454,156974029
2127,1440864664,702783360,1332615362,1932039250
2128,1919560139,961545511,1151439882,220055924
2129,1731174726,1164358056,1195660466,1887014149
2130,569604492,1531938760,756233272,621800070
2131,609892149,1631988672,1101696637,825756667
2132,222439888,996364556,402943016,1920221675
2133,1010684833,399490224,1398685567,167255121
2134,1165609478,768429954,1150007996,72351046
2135,1987337675,1262971706,116574880,571690779
2136,374867929,2104354942,597272437,55287594
2137,1458367425,670760943,563487509,323327236
2138,1443564753,991981401,1012884273,348481518
2139,404194434,1811694671,75929463,898050566
2140,1843033332,1789448699,271242188,1968165633
2141,1150471846,1586066666,710314709,1288321376
2142,1638621618,1050039594,788367579,1777903245
2143,220715834,1360032586,349320852,1537062759
2144,767478569,287998356,1157708870,1645034919
2145,1382474915,1463288437,215940921,1900407257
2146,1242875565,1678031630,2055818817,1222967236
2147,339762908,439910644,1098663425,2080513615
2148,455026383,2008466490,1063503492,134532677
2149,177786918,1330626742,352021070,337964451
2150,1322468451,1986588096,1441727223,1215226936
2151,1380114859,514195340,1979950655,52326944
2152,520110538,1755890583,705066863,467499453
2153,375133525,1644042374,1359342099,69366479
2154,1148290195,1090822818,388570178,1192810704
2155,433950557,1785438720,496990303,600112074
2156,1068180548,672359479,1935160275,1165970245
2157,1608899608,441848874,1850309358,1943232256
2158,24868050,831263303,1496052183,52113127
2159,807048030,1016694268,2145326486,1693242671
2160,2021805165,122017791,1908910415,1515884782
2161,364626684,1144895054,156164733,1382082582
2162,636292272,2104709170,468894944,929213177
2163,1196065300,1261682548,11251085,1540390285
2164,908616900,2041883324,1578843443,1311142694
2165,1674299370,794670863,1524648259,1908444435
2166,1921389733,568616979,68739215,602502733
2167,758244532,1816525532,735624642,1703653911
2168,450975393,1973330125,1950229378,933470180
2169,892390646,214168557,1275258339,102820963
2170,176844016,2117230531,1188965172,1403555401
2171,1101896444,330874221,1222099470,176651164
2172,29576347,310926779,1127494591,1726987299
2173,940656371,42440694,61510841,666020213
2174,123994169,838951736,1926670902,1920084462
2175,46250246,1285246947,1519395189,2095075527
2176,1661220508,1956626175,1868882873,436484914
2177,181109752,269058272,1886215255,824511517
2178,1690113897,194101394,1991996340,1062263730
2179,1318866678,1052521041,1586990086,833006677
2180,646695106,1717134462,1292487097,948464466
2181,279091825,1526785711,1772858529,907875336
2182,1233200982,709706139,534717676,525871060
2183,1856400858,531576674,348713230,1658000860
2184,1882674195,1308961456,1569530320,147267855
2185,1665308725,312142247,846402396,1059793819
2186,1981398830,1176231050,937275707,1872695512
2187,592437138,2073766554,1976636353,728907429
2188,940919652,1299452411,1662105309,251714870
2189,2097313794,947962631,295069610,1599250892
2190,1827886276,646119359,1496187837,1422110710
2191,1427932667,857387150,1085556000,1443610665
2192,424102366,1533075680,1515377421,122013380
2193,1130496580,1682180643,1273203765,2125662911
2194,585576981,1099628189,1730058129,585545377
2195,2030145993,160116733,1156830259,1736084324
2196,1878954528,1264191032,728333166,325475103
2197,1556438670,1361487920,1958134210,1917286878
2198,1202030607,1471713157,763809157,750895337
2199,491022009,398924800,426313162,1231518494
2200,1359350379,917667536,1888054129,1569028543
2201,349353817,2006725019,1227215976,1570589579
2202,1400955141,1673859884,1517017589,947849604
2203,390534162,676970530,1031830169,1019999618
2204,640724907,857503683,1662010459,1088687433
2205,1160777820,274130185,807397537,1591675899
2206,1640438031,438778566,1501869674,1661485976
2207,313938647,283190234,1229286571,2101889773
2208,1841034186,497230254,690079518,1857823414
2209,1331443843,397574047,409956740,1049313756
2210,742527375,1093269750,1042133493,612989662
2211,2082716819,213193791,673919759,159222916
2212,1360609710,1129993280,918733144,80192149
2213,1345089660,1986676866,880877412,803420315
2214,719855369,1480542471,1653599629,740633568
2215,647968462,1934120702,1637354115,917574892
2216,2114212550,1837059322,2072836699,248326009
2217,1390954967,368864000,1028202310,1328710131
2218,1877986887,2070452029,1367101629,943379937
2219,136690,394125040,1281798894,1020581730
2220,532053905,1279242281,340837023,546492019
2221,1998263868,1797930698,425111267,721368966
2222,440615357,52616374,139013341,1482312078
2223,668655101,2070552867,490556039,1784798734
2224,1662740897,575604868,1349810078,1577198429
2225,2052171645,1990190677,324287280,2018317124
2226,2108489484,492541704,864480182,1769850850
2227,921566632,114528611,1279763300,45203570
2228,1201851667,1470257675,1887349579,292280793
2229,1993195054,1151518242,2022726710,1582940297
2230,720480791,308598933,954239898,1394431269
2231,520845278,394815106,507836177,142156671
2232,1817115305,780572693,677063788,1799012513
2233,1422326337,993535948,795999090,579458117
2234,1136116425,1969602600,1567790710,598532243
2235,1218266298,609437180,1490732047,1232321433
2236,1803400229,1138578694,329531669,37971572
2237,591244268,932924865,1470713982,1508910053
2238,1044148303,1467354965,2043017804,1750511757
2239,1784213988,1159509354,1319737711,843355489
2240,835025957,241353481,879190980,664012967
2241,875321423,1389001447,1681238653,1346205281
2242,298070378,1825057472,158578717,304441234
2243,5415703,114902763,854216965,1310768793
2244,1865183608,948197938,937005759,1102264493
2245,1398864413,1820495013,1247610412,1370986827
2246,316403954,2027962563,148293764,1667282196
2247,833757392,1106080896,2059498236,1689420214
2248,2103904475,2056610787,1974119672,516859391
2249,353331637,77591379,491376450,631733561
2250,1738116014,716687595,1975161842,342909588
2251,186112275,776214691,1024642550,1243247611
2252,1073813068,1350536115,959407656,249337838
2253,566222199,325705489,622786996,1429575988
2254,1326543045,1783002961,83668048,1451636558
2255,1111986445,448808733,1949669976,630135915
2256,1884031032,2135096233,1473549328,2086660164
2257,494245256,1102186248,542851955,1710472526
2258,1210968577,1965275086,2053596575,251198664
2259,952269805,694822920,1141382138,287255921
2260,1820611048,210081384,1726500520,440548297
2261,1779261024,416394916,318643676,1913934527
2262,1053782435,250391072,2002987296,1576726494
2263,2077109737,107934987,2130434185,438109239
2264,1542302047,699716599,226764209,1755315500
2265,181530133,1825613785,2019359153,1504177856
2266,2090213304,1543292808,393916225,511015117
2267,1637146311,455877697,1124434417,293097965
2268,129954664,2023159936,637682955,2135925659
2269,1676697062,724357525,1157409821,1495183532
2270,1306626349,2082673839,553299814,2117160409
2271,1276949833,1855051108,2009142668,710939904
2272,2022168978,1366925183,1507639083,900888232
2273,265738995,864736090,675838183,318034430
2274,21960556,1822614073,745088952,1926954875
2275,673127867,175921730,899448355,380907551
2276,305295254,1882701990,57121916,805305844
2277,1636198765,218927725,1214320420,919273668
2278,218103243,498645162,1711706188,63397741
2279,1735865337,303548813,541098486,48259025
2280,782193297,72148247,1055413694,235188431
2281,1873655838,1748830629,466588213,1560158399
2282,1377784740,276873669,1035960162,746768297
2283,1980870473,411029038,1514249553,838310764
2284,1958804118,985885768,1140392570,1565136162
2285,2134177761,1407967962,1936789976,156693280
2286,476574882,1313398274,322184261,1079249833
2287,1445811858,670757084,1140615506,2066725179
2288,586154870,1586600846,193079392,1576574881
2289,371749219,558833074,883099645,1500377513
2290,1626222583,341492950,1424601731,1070040647
2291,643471908,1657076559,552837982,2035208107
2292,1914506636,1492275002,265244087,1636690788
2293,1361069947,1985081203,1252543092,1107891164
2294,1064270063,1541495597,821139396,402706160
2295,1327785127,1502195291,315219879,1752204949
2296,1682598793,258132576,1791702944,1854296469
2297,1795509794,236127187,1263849536,158264579
2298,1207908583,649406546,326339013,1153328469
2299,507565217,1100330389,1096074204,772197565
2300,591071656,699653216,1347742430,681919939
2301,516854261,510372528,930750613,2135889318
2302,1632482617,1837290585,1584323331,1126693600
2303,483298242,1670325683,598176694,279336305
2304,452602710,662438738,459698222,1637354267
2305,63973132,2013521833,994809369,614828881
2306,1769469390,1839283129,748186647,1125838744
2307,69698270,1151385812,1274274462,1647917673
2308,509002238,844679918,35087383,1544741496
2309,1678273606,2084190913,2027450102,1423878388
2310,161349919,1739559466,1370832427,1410890130
2311,1924765456,1634638294,548257284,2025490287
2312,409123064,1354639245,2128279299,708215707
2313,1401334200,1464979595,1559985480,1898063091
2314,277541872,1909792762,1126860748,852168428
2315,1724403868,1111702036,1687137707,1961859542
2316,1394018768,483365442,1292691967,782015255
2317,1260717243,917146939,841042903,1982721875
2318,1695186910,2046316184,426575379,1271968020
2319,113058437,1509645982,639931900,1355114794
2320,1083287462,439438255,1258793786,1728932880
2321,1710536386,792148332,1514560339,176461368
2322,791277166,1516373024,78013428,1369611636
2323,939304634,1886897785,1774226658,1334126236
2324,1544513060,169482096,1064574886,844739749
2325,1464032820,1912380890,1018089669,1617791956
2326,221558904,591613433,1336628454,663517574
2327,1967908624,1332748996,331077805,110307459
2328,1841763001,37312936,1151770502,2123389559
2329,1365470033,1826827070,1023276251,860585217
2330,1186340217,761901325,1691317543,1533308542
2331,1488794607,1837515610,1855833553,49390631
2332,1541802651,610495999,1489161227,1581380803
2333,1519761731,1744954209,1086439020,1773071629
2334,1400888231,1347260422,663565374,335508314
2335,352931936,171574930,1790035218,1474332587
2336,1547487402,1661121893,1439967275,1985544755
2337,102834131,948846479,688724899,414211335
2338,1211004255,1396292812,1775352202,1919391895
2339,1815916263,646907047,1949114923,1486310395
2340,1168245299,1297412921,633676168,1221487571
2341,1059860333,1149439414,1875249230,319668856
2342,1668063431,1792563736,939518377,1573748356
2343,182284120,565729193,989812586,744834668
2344,1777159381,447537037,1673007300,339036615
2345,1764354133,566056060,1555162991,364780113
2346,665477907,627083867,987078370,1183334387
2347,2114748082,1549873547,1935115546,1549992571
2348,1315801364,1145356246,475758928,1455806343
2349,579808079,1282356899,1122889497,1535358453
2350,2037588378,1545350274,538920109,1646883840
2351,1927248845,181601774,1287652036,1911368876
2352,2137281485,19907108,588170626,154442668
2353,236968649,538315684,703611452,1987242079
2354,843361387,423604346,902359349,673512105
2355,1772072957,853053193,1884107420,692836791
2356,1513535885,1821146661,1198569562,1123413290
2357,629240469,1176388221,977567722,823768170
2358,1967791187,2026103666,354359389,512244063
2359,1258529498,581142835,711831078,1826476242
2360,1744966145,384501264,1883578534,134484070
2361,185085617,732758939,704799519,1891430857
2362,380371298,1502106440,1384185434,78963976
2363,1612347905,1971677330,541134941,1649228805
2364,50645907,1693455228,1481615749,1315677264
2365,164385616,176121010,1627147026,1193651850
2366,1782289580,1810854642,2052758883,1474836415
2367,887528080,1661121618,1055512553,1272690884
2368,76088479,935881092,1337185428,932355335
2369,742825473,773634761,22093780,2016888285
2370,1270318032,1134771451,197818119,429238100
2371,1918577300,1216085517,1280572822,41341076
2372,314013863,1796169263,1085865293,1955483782
2373,294852108,1044286553,417962988,1709583223
2374,159349671,437898956,202746412,517323407
2375,144162572,95104912,225996128,1984347132
2376,34372729,201267832,1653696226,101189428
2377,267828759,1471119955,1898858,959395038
2378,104237307,1532263747,2004787171,1912094021
2379,1869390584,1580558790,2068794109,541519002
2380,1701798567,1668580965,1068112625,1402225461
2381,1636658474,28305144,1417736529,477144305
2382,1540872297,1285750330,719743515,639470204
2383,835839383,1717968258,933035498,1541272659
2384,2023250246,627167173,92879176,855984244
2385,963673570,986910436,163585584,66828369
2386,580409180,796166481,2097852126,1379806192
2387,1002109394,1813220754,1265873725,1666407866
2388,28148756,193796299,540714057,997459448
2389,693126058,297173316,706510164,1765991450
2390,550758549,457884788,1836788783,1821787396
2391,824090339,560959111,380226038,288927818
2392,1349596253,1544078363,189749775,926602409
2393,510799235,872607619,462760045,825374466
2394,686876281,843295923,1191784658,1449375943
2395,1669545209,124390109,1426345409,1454465748
2396,288792475,325722935,1123578264,2106416264
2397,996987732,202149125,52175683,1853326999
2398,1706487691,580196438,1541791362,422619109
2399,181391304,1064957913,2082066243,2086703351
2400,64397239,1007799305,1079253183,1251906996
2401,648376835,1937178099,493764441,936200761
2402,54392201,1001231836,852784110,345830676
2403,1233593534,1186406764,1759675555,1796537032
2404,1992650441,93540087,291095685,382038416
2405,1433151707,1286075447,603774254,110597948
2406,1255917592,1335562304,1579484948,483891293
2407,106344928,609809445,1581975869,1166172382
2408,774057596,1866848634,1504980164,1341810169
2409,1284846810,956565101,337254711,1373835373
2410,634654651,206266463,429153540,1152667646
2411,1722326926,1938000838,969530354,1150570993
2412,2099304205,1393076192,175735427,2080454355
2413,1343396730,217434489,1669921148,1326031058
2414,1663366827,262640270,2081103104,1615120788
2415,646335156,1491006718,48184168,64991860
2416,334306073,1966554284,978107443,326262694
2417,768099714,1039439171,41516417,515407553
2418,312249832,735943331,1804943785,880349441
2419,1347036484,344727127,180932390,616401415
2420,1729846915,934617181,38895310,516977926
2421,1676937280,492979001,1703883132,1538902985
2422,773858147,1043411818,89066358,725617728
2423,2081147723,1524015528,1589232792,376782458
2424,877854071,820689441,2085550017,1075020634
2425,282683199,722381461,1541965121,991009352
2426,1315065013,1280730630,672130617,432499040
2427,1183598711,2067795041,280869856,1861233344
2428,1713495461,754961039,14043485,1756127326
2429,1270225271,2091233583,1392595121,1058267479
2430,784245805,940409593,1947446772,724494498
2431,591171973,748812843,492910655,868820840
2432,694781303,1532370717,688861773,1408465265
2433,1321918494,906094196,2135511939,1848017125
2434,1948663228,44061654,1147342948,1647735369
2435,77417005,1394442099,259009681,871302158
2436,1050983646,1888485656,1802301987,943448040
2437,127613687,324536996,1824710864,970132030
2438,1162272826,1518435286,1729862177,189697030
2439,514134923,1207007146,1698730228,103111872
2440,1150896126,1077219876,550158122,1396975620
2441,860924346,306690626,1545220934,2116893090
2442,1811829543,1010499677,1653595029,517142139
2443,623328428,1847191297,866450176,942625333
2444,1960809399,1411742619,384125904,1649817224
2445,1341243852,2060140169,1882755171,1870382691
2446,1218170423,748116979,1700031558,1465381688
2447,1381668185,2062636302,1649159201,1503516125
2448,1673582303,42519486,448496643,518664296
2449,1895412575,1211783054,102239023,1372098824
2450,404919147,1178489512,674573319,301621829
2451,109270943,22415545,1129867216,957353072
2452,138574047,550092426,1960053519,1521089140
2453,470786461,46519409,992806240,838953958
2454,623806867,761964828,488968311,499877568
2455,2037757558,1366962539,346508156,1088282818
2456,816961569,1569688783,1066052094,1206711700
2457,449070317,1273842173,291922887,1178100001
2458,1958236931,106205890,1853354520,1025001535
2459,236877962,624908938,1476014664,735615637
2460,365124130,982241336,460231875,1103846156
2461,1989841080,1838557425,567848029,1252936546
2462,976862509,1422152840,2139758561,899483621
2463,1685728274,930435319,1873553564,1255341842
2464,1951281843,205820230,905112871,1237808746
2465,689878286,320594631,1917545602,92119916
2466,33796296,2006522779,1451082610,985142300
2467,1333270224,1148856801,2101597493,1307299833
2468,2089645892,789467262,1885555008,720535765
2469,1072993465,649777767,2080380422,1546393125
2470,991419394,440925694,2082250815,2041083532
2471,1893780240,205060021,1871846429,463503702
2472,1774186874,751954333,2019828487,224192526
2473,2040945193,1860640575,547998084,1527102921
2474,180919848,1569458028,917505270,1493080650
2475,1768535880,2083841956,1979671618,547268432
2476,1224091395,1250124283,454404363,2053219160
2477,1228853074,82580540,215303246,1471637687
2478,446701228,1589557085,237807763,1243754604
2479,669292739,336015629,542358476,1794116203
2480,1669916385,1695739665,1063479226,1420293900
2481,306059080,689667108,411688593,2077094217
2482,1045867583,1683359390,564579016,580356279
2483,1746552470,1709494948,993317747,1809631341
2484,580183907,77304325,1731357578,966766108
2485,1680098703,499873855,1289882076,1543539871
2486,779671748,1883579377,470699407,1893173898
2487,1396775823,599798240,489586354,36741229
2488,863903154,1881573316,788563023,1869204274
2489,1708589402,565292014,1758308638,1279503804
2490,1762850583,1754876708,1521469030,405498903
2491,546018758,1523917582,1605003792,1950667040
2492,1113094307,188563774,1932968040,104720202
2493,2000396762,1718819197,42368775,286742480
2494,1238690896,901541059,1304013208,1816841213
2495,1654711823,209000023,786256875,1311866179
2496,809826520,1804111095,327418381,2026114333
2497,431346112,1572455028,1686498399,1118789592
2498,1917388443,1941499457,1831851770,2053860909
2499,1969978245,525253462,935837436,67186075
2500,1479460841,2064397709,945795025,851165844
2501,1213153859,630585978,1993438331,1164357476
2502,1948655197,1269021961,340332119,683895291
2503,407373850,1395939457,273875409,189944576
2504,1191325688,2042043069,903323348,1721835571
2505,454124618,1032472906,1967037998,1724332846
2506,1740574735,1808202635,1686932529,1460547388
2507,1594013608,29009223,408129968,1114184418
2508,78005423,1627731719,1208874048,565141772
2509,619534237,880645812,1366202482,1252831468
2510,2026551789,2078453790,1523466380,498918563
2511,1249968914,1535116989,1927458028,1943734869
2512,1366031567,934713840,368088160,1392883370
2513,353450925,748120876,1757615120,462488677
2514,102494943,1075268746,1307355906,607610993
2515,1956804887,1171991511,1536348959,1651447013
2516,346947983,1473681126,1757488060,671883112
2517,1938825360,1678712005,95812435,780921106
2518,261180137,875359937,1433512232,1655105916
2519,1763933090,1209985263,627964773,948384565
2520,36296933,704313332,1574562789,823410490
2521,1569500701,904696071,39546700,960091272
2522,313613801,643487737,962511064,1284843301
2523,727712981,1317058187,1058559851,897319649
2524,1438794909,1749441701,917284278,2056824587
2525,461630898,418071634,566839220,1727348640
2526,1003039640,308721494,2028452011,1747342528
2527,1916007130,2024875993,313538186,1817211582
2528,1189450948,1267045946,782084364,525072465
2529,199466350,1454678789,1996350186,1515493334
2530,2117711594,1572759910,152298591,266673937
2531,694974235,675781675,1589399543,919685592
2532,175193507,1073637850,666519171,1086853778
2533,2034431203,655003930,1963073724,962925441
2534,1004889447,649733372,1327057407,453348166
2535,2122474763,734940043,1801009141,1198898380
2536,1681980586,1789060253,1525512462,2052495508
2537,1844365201,1111856143,375348221,1224008147
2538,2082128986,483851944,1284174282,608915521
2539,2143229305,1213330724,1693729082,1577497284
2540,1485218422,1390704790,144775012,1890970483
2541,440447219,1766664772,1696517820,1977073313
2542,91714019,435340916,1357109857,1823633307
2543,454606256,474705250,483535183,2144809295
2544,774113207,2100060135,977277107,1415914317
2545,147410644,881177713,537371370,453198313
2546,1259789716,389580533,247649961,960555925
2547,1051268291,1646126679,163932293,249827771
2548,1819848624,65913614,464110787,941600316
2549,1134343697,2075215178,164784530,15249382
2550,758197508,1592713421,938013682,890736972
2551,1040699924,107411605,1372226127,1330243925
2552,1585239263,463344316,2012182658,2026613240
2553,1350938766,626148368,658000777,293990569
2554,1631699164,2091758003,1695007486,629174595
2555,1220305794,676975982,1304999311,411559138
2556,1749132025,35649124,1574415041,1575240528
2557,1114411540,354462566,200753699,108328571
2558,161165866,1122962139,31314639,332443225
2559,1787485038,163102007,384592421,1749403120
2560,745735365,1907408504,1241970003,970078979
2561,1240348854,1643233603,1964133646,158275605
2562,634419633,1065403733,318606762,91435875
2563,844086604,1067839060,1491378264,96668826
2564,1807850895,1574072983,403000851,1554466758
2565,654123226,860518245,768762186,708391431
2566,944251060,1463203050,1408443799,1606069631
2567,1907637963,91926730,1465453848,872956210
2568,1907043426,186820956,398416306,1736929571
2569,1551461011,266724216,83265928,290725845
2570,43671339,1995973333,439678810,320541231
2571,1290612772,2007851795,525375025,1034678474
2572,702457201,2009110430,370616875,72440350
2573,202019783,2096534384,680523899,402914935
2574,1626554573,1239118681,234299306,1271991775
2575,9777136,2012983899,1721315722,652389439
2576,918317967,734148027,1450043825,1651652850
2577,633610133,2042318372,391784914,1214267838
2578,340573931,162583589,177394184,1949986831
2579,1392779819,1974347573,1544359683,907958195
2580,30520730,1255859734,948663890,2047838166
2581,965760523,553033940,1331214839,1782604125
2582,1651583311,269478192,54813006,1408756391
2583,1830679307,1603993921,1481889933,399573502
2584,809347769,1971722509,1913692914,233703551
2585,1847467356,427536452,1053437055,1194156867
2586,1779357681,1816478332,1850491333,1350566849
2587,1295104727,1215699338,1551857422,243429930
2588,712318631,1994974798,1851681357,895501491
2589,1322113360,1851592262,1061776056,113642472
2590,644801723,1770499409,1250351495,198272719
2591,626080840,82404829,428335849,1055340227
2592,648955565,2124719210,258397414,1519181515
2593,1943248304,1242331255,136079788,522929564
2594,1014804927,161094164,1169208268,1418377535
2595,1339540700,1772903489,180130916,714871869
2596,155125955,1574191348,607824180,1506140702
2597,154154432,1167132709,617667099,917930356
2598,1592236394,1469890143,1212298211,517744653
2599,2022571679,909051298,2144678885,1841126106
2600,260386157,1894117405,2006003263,1619645915
2601,1363750369,666786827,1525662848,197860360
2602,1748115860,1691684443,2102840239,345434294
2603,866356011,609482250,1956763298,239182777
2604,2144320412,1592461580,1091366618,1579281002
2605,212959237,2058938129,1928763749,308830567
2606,241520803,66473582,1592585305,1794193639
2607,97113356,142478873,1053810962,875255737
2608,1336033954,399002666,1953668076,1669926439
2609,1849906706,1429892739,2091499398,695938172
2610,409025218,1889826741,774075984,154291239
2611,2018314207,1695363133,42108111,789774563
2612,1168525445,1406534267,693000478,700165129
2613,79790957,150610438,957669139,1784798588
2614,1991969901,919774964,954986455,1047495687
2615,691182141,1214933249,1447302666,933403157
2616,1333843083,78375829,1286950857,883423510
2617,694841806,1825058456,615242665,1315782535
2618,264203686,781867711,474458472,1437097933
2619,1177726701,1664623619,599216742,1741817565
2620,1905489471,693270385,1440808740,1306124234
2621,1549051787,1879012943,1805778480,1955019671
2622,1624681800,1022774734,210190747,1636274629
2623,630145137,1512943794,2097134937,402537130
2624,554328525,428183372,1374168870,1650435856
2625,491408974,1337073559,44908002,928447762
2626,1868994866,915529613,1249713528,1729569636
2627,350066163,915122917,1261403424,382065488
2628,43574638,1809263547,899170154,136456393
2629,1052367908,1188087651,1820922212,28112743
2630,242486096,61684928,1065989097,376877058
2631,316590158,1675087181,1645023927,1722321178
2632,1822279842,48351667,1041891292,1379414804
2633,1039286825,1682915353,253297155,1992907174
2634,1059545807,1760875823,15628746,929270293
2635,1057449434,1042391766,1598604667,1972951916
2636,481144515,1113927922,1652014528,1894368144
2637,2019746010,1217399630,1651837628,1434617015
2638,382209927,1879549572,2144561331,1647216825
2639,695677415,464682658,544241924,403487123
2640,548980635,1427760919,1903475556,1204467452
2641,2001277829,862504906,332914684,345779929
2642,356239481,781384210,1247780380,165836469
2643,1385155089,102537586,950095266,264744820
2644,382766599,2062434466,1082123837,1975129551
2645,1227784394,949329585,358542340,99323902
2646,1052397308,2026512943,1390991841,659680538
2647,1590631694,90412372,1227391594,1264886183
2648,1815996722,990605398,907334582,855525960
2649,740225603,1557602704,1831375804,1168345733
2650,1741682908,1088186627,1924743114,1749011624
2651,2700043,2098110666,1416178451,1234446700
2652,390313261,1735458329,1861110988,1957746839
2653,834278023,1221861741,522853487,2130578150
2654,706868477,324701431,74506464,202462066
2655,1270756406,748331770,366917208,858586935
2656,1440394140,28731817,556534957,1249227337
2657,645343366,559773156,1531858929,1634807379
2658,613885667,130478393,120324821,1614546574
2659,2140729667,2033834767,1032499133,1232739542
2660,2018915346,454175834,664943969,1699810472
2661,1513118532,1683631317,128428685,1587116575
2662,529272096,1033850429,1634457652,987846738
2663,127988270,1396773713,1537016601,1073974945
2664,2101645089,1043803265,223933914,1250472759
2665,60386261,433198565,691971451,1291333455
2666,1072803526,1683594316,1291528722,1363667086
2667,977754211,385649570,142933925,1213120420
2668,714675767,1501853331,1721119644,302089391
2669,1170877770,1448122175,217020990,512241586
2670,272746362,188608490,1892777930,472528073
2671,528487406,1370542591,670313639,1275823007
2672,2121563990,520799378,1292091760,964842139
2673,33304458,115069131,1655307873,1563548698
2674,882919934,699143457,658784795,1951860359
2675,137982058,1528260882,961057547,963326784
2676,26086676,219767220,2101807860,1244497607
2677,901767843,596565387,825632323,131054360
2678,2073037965,842509891,114958055,825228537
2679,118132504,696022110,223972072,1832790461
2680,20268445,1564259180,1633583535,472153408
2681,1050587086,1175889312,1249094096,99663356
2682,749638230,1530419672,1062972243,1966704297
2683,726839803,1606726101,816619267,295001622
2684,1481049495,210758050,2090742844,1794288447
2685,1890946227,913924940,682510248,1281053992
2686,1191396363,2018051808,1420577124,303290371
2687,1654070057,1102221289,1284175180,2073754918
2688,199276573,776862193,226604521,429989725
2689,1361635070,575886511,802726434,1398035218
2690,1358711562,274361670,1389491971,2130428693
2691,1855480314,351544209,714788942,977825174
2692,775031592,1945500618,771983445,1231203282
2693,1873484952,1040615527,236982688,1654492371
2694,1334833922,378991589,1280472017,233273123
2695,1602997117,745111901,2067784261,1662605113
2696,1523473917,962493755,1975114640,1992141788
2697,460496504,708616465,1296932408,881211866
2698,563512671,128008810,176135125,1537201984
2699,1101299887,1370826675,1228858012,813182370
2700,1565785434,726409937,2044700411,1935149434
2701,1789832110,1726419234,456608179,157956883
2702,1307108052,295826248,453148376,2093906250
2703,364193740,1753370116,121341951,1886811589
2704,2097793749,2011907444,1498772777,1597318049
2705,883997123,364616864,686514360,2065387683
2706,1403094900,1783437652,1683635785,1212087937
2707,1001080973,1353999410,988156858,1273531249
2708,749348587,1691897561,1441148004,349591942
2709,53191886,1084419640,808848483,1786533755
2710,334750003,1891253768,1533537434,10176915
2711,506123245,968621141,722016797,169732425
2712,317962234,310184074,1274871664,530770165
2713,1026254462,469614659,1372151625,1585650992
2714,1864429989,556630814,1508193894,201570300
2715,1209086283,2006090359,2095836710,820306720
2716,1254181794,1388864564,1192201352,1830848124
2717,529973939,1547297548,477313597,884279159
2718,591524804,832894251,10373564,820754294
2719,1027723123,480495466,1699567369,2125908031
2720,1074586607,916381632,1868947580,1252311891
2721,892008013,420263723,1432220354,1082895346
2722,1971678629,1183782376,758425983,88130682
2723,148491993,1716301250,1727222733,268312208
2724,1199455942,26670252,190647144,418694159
2725,1419268585,645472435,1028075574,624661541
2726,786327963,701691942,1914768040,1044927231
2727,1025571183,96187583,5082483,434735622
2728,581740058,1828378077,2024906750,1483806546
2729,1697438740,240164839,136797076,1654921997
2730,558865995,862014392,1329468473,2017762599
2731,41099925,1886689991,213907689,1271329420
2732,112870691,2136210957,1755257580,954454041
2733,1198246625,257725690,39835159,1106035957
2734,947318138,2141215652,632244109,2017108851
2735,947415549,1668064475,680652306,441660676
2736,316958823,447745933,1232571900,297370335
2737,479538165,1380755129,51831063,1887082990
2738,2062317390,1754850962,700806341,265089631
2739,1169485998,1542795665,1715717466,382075867
2740,1277095836,395431255,49417473,1535595362
2741,32781249,1170578669,70439227,645271072
2742,380787143,1382910843,1400616757,1959918014
2743,1897331708,6445988,1124102926,1082143949
2744,1955441928,998494829,468540782,1270637419
2745,1498085790,1226917594,1106035717,598537716
2746,20549179,996309858,907463172,723633830
2747,1966993734,2058808140,493962899,2039554531
2748,1562550844,2058836609,1739929884,1093112860
2749,1045135189,523131789,335758892,1281558894
2750,539567224,671369521,2118802323,68009161
2751,2071813262,1384710037,1317902017,1117013731
2752,1150676942,456075534,1812353402,955767029
2753,1438736789,1481378242,1999627401,1474362145
2754,2024784465,1285404749,193312,372111751
2755,1149175544,1607818307,1944499767,1351408753
2756,267898943,1326419350,685179235,922642512
2757,1297836976,47541629,1689339007,1381929522
2758,1599321837,591422254,736448358,426003843
2759,1298141548,1045782939,1389028340,1386794208
2760,1215556119,459483573,1763511623,200679500
2761,743196382,1959425032,1585239362,557802550
2762,2080774730,129323145,1860408347,733677719
2763,785151709,377256103,1316523690,444986640
2764,256388889,2098236347,75257159,1844408129
2765,340065106,66738168,1939995486,2072911969
2766,998001677,68143684,758526411,554028309
2767,850518602,615344634,1354286842,2143656651
2768,2074456804,228543175,1870807497,1897417715
2769,800628536,426678995,1974033815,1778546732
2770,852457122,594880473,396107818,661392114
2771,437700275,423395556,726331277,510603121
2772,211265887,23897055,1664986374,699796653
2773,20595201,373147049,1968654878,1276254243
2774,1358271422,735414980,1299105552,1146426922
2775,1289522946,213358128,1956980837,1505961627
2776,347777741,1806482315,1555094256,1291768803
2777,826287168,1153699322,577537510,1522981845
2778,155106762,113477855,1766648611,597848007
2779,35189097,576668122,1143283753,84755506
2780,649248624,337778141,1692771316,872444774
2781,445077987,736472350,421201065,500006173
2782,1917809654,1715912688,1863055975,1500455969
2783,941765045,887604849,704075315,764661113
2784,896896799,30315338,803731470,530418690
2785,232075121,1023487090,500649131,384892449
2786,1283818809,1212849760,1871127904,1980459162
2787,1773437377,1021810777,1700897654,1600240339
2788,595105297,1218890051,451169044,1680210376
2789,1467168142,303831733,2060885789,80322474
2790,699617385,1730360924,1792384027,1804843139
2791,4721598,2083191983,1686672046,638018052
2792,994650288,163844019,331279976,1982752136
2793,406005065,216237968,1356409470,341285172
2794,173074344,805356061,1112029534,2055844882
2795,1308797740,631792286,752128163,110055670
2796,164233711,1964483184,1436523637,2121534523
2797,840745908,1750955464,1382338737,1797099540
2798,242998282,2080174165,226114596,934992283
2799,258155884,1049938312,43579118,889989285
2800,475046195,1679476064,564432631,836456138
2801,1387542237,386419361,1107744476,687874740
2802,1600170988,596900810,1305207230,1583461011
2803,589203995,817838186,821039489,228693922
2804,1774930113,274253042,1884653541,618116086
2805,1915188402,42956137,1048342183,232789619
2806,1971726576,36105871,917193161,260461617
2807,944324048,1347340662,381828687,72384923
2808,372068790,1543820756,970595186,4109828
2809,1654493977,1419601941,89226084,1485582202
2810,427156084,1850450527,666028278,1384232734
2811,237993562,1953911279,407221793,1209436407
2812,611398393,1315014423,587070121,198963556
2813,1659601589,1041087863,873240672,587971862
2814,596778354,340455468,489376499,1414167598
2815,1982750492,1391172364,1011632011,624696450
2816,407659004,1581332089,1213291312,1055884033
2817,791111745,704826750,210922828,850201875
2818,1440105244,858043814,160176631,1957211616
2819,777997972,838972361,423433919,2001118791
2820,187331330,1949996691,2111977709,888582214
2821,505682705,278745140,1903400430,1418718828
2822,1472613792,898629009,1073484280,900322083
2823,313351562,466248697,1917827276,1997228260
2824,1737097304,2006601180,1201782919,255310037
2825,1152401019,1687317497,233380262,1792018647
2826,1013338970,875664834,1506979372,1264702865
2827,1910139117,1678248605,1048392453,1693361706
2828,2087125584,1575902227,40976612,252515888
2829,100083470,585030449,635276365,1326672292
2830,1324078005,1849139956,492924843,1304930151
2831,137720016,1429972187,1816570098,1105614472
2832,1735342908,1704010565,918370386,1870186757
2833,1197344448,2105461043,2067552092,568427416
2834,1093485211,1436221576,1742771697,1425736727
2835,1295961961,706706647,971959493,497294318
2836,1246647151,745217531,569255952,1709116618
2837,1426624076,1153516257,89748098,77908075
2838,494600287,56888505,2141765537,414442656
2839,1115129400,400652776,1614041302,1865386394
2840,1528223799,766269744,1118422768,1536239048
2841,1856444460,1016955582,312918229,1554857499
2842,1040229959,661010578,925263335,2136769378
2843,1289184589,102201712,620570429,304790501
2844,372540842,358367740,604844930,526069623
2845,986730257,1080765351,1860389046,1473993044
2846,2022666776,961326170,160421596,505365995
2847,537330693,701975669,988061028,1926770052
2848,406863786,1176019255,596494053,397726483
2849,1509938088,1313854574,13950543,1189006925
2850,2062713014,1607515619,346892451,1255420179
2851,1682943387,1861675230,796447747,234423094
2852,706881023,1264661578,2131047993,1883003965
2853,1343512205,322910999,1787408099,700443551
2854,621897478,483724676,257606704,1961847492
2855,661020776,868193290,591669025,1676926987
2856,831138756,1830518968,1603062153,1173783817
2857,1477737852,1529312509,466620698,1614453628
2858,2113674642,1312810281,580023120,474278461
2859,72521038,1923561544,567172106,1300134939
2860,1646218517,108592713,42958610,158007450
2861,1240865364,307404470,1272110590,409349315
2862,137593983,1636046618,1976552581,1523091917
2863,2081095483,1689853607,691465587,537851526
2864,889663559,886829822,1911858512,856769387
2865,1861560683,1453209324,1767549736,1267881153
2866,585059682,1328300516,609452427,1650377758
2867,19208878,585509776,1586172817,425795364
2868,1238493460,17926903,2015569183,1299531136
2869,1938301444,1698075063,433435507,1388498347
2870,2032401390,1163116987,150486670,1099557500
2871,1982233109,1601842875,497266957,845926895
2872,1983797528,355688970,2097021976,2017684489
2873,1459874615,981401251,1434866016,1733216312
2874,1473028383,163978632,191300996,1447394126
2875,1703881905,1310052435,1339217755,368478278
2876,1856881026,447940992,1670241130,372090833
2877,1966505350,1228631767,519945141,51858679
2878,1366289278,1518686164,1326524985,1795629591
2879,848612490,841090260,1934533129,131232760
2880,609484458,2093029684,423187116,396118106
2881,1066171257,1887740710,1918100101,1074031391
2882,1412228882,444911713,1444552395,1809281574
2883,1758714448,1751726502,1691987146,1680042096
2884,1198865975,658408040,591481531,432774769
2885,1123271700,2107794045,1303992784,1196896304
2886,162260921,1093578146,970316532,544921029
2887,421537562,2106110310,1834106591,1498338917
2888,1386327630,1914759528,1328750976,203194249
2889,74334863,1857047537,1183327670,467731866
2890,1178619184,1458358459,803672644,1477478750
2891,157862529,675337536,788111059,1279207439
2892,307854150,1385159504,1678321588,1264497341
2893,1332518193,2108833065,700308695,1638908646
2894,1152665484,936213163,2480224,217779438
2895,1238654263,1169990794,842667296,1741964223
2896,2111894285,632398523,528721940,1955260764
2897,1657913092,1514516939,1672924659,2076906214
2898,2056395321,499109718,828278917,1623710062
2899,1839199442,541900769,1680004452,1172580755
2900,1233818422,220848937,1129796599,469010062
2901,1194408254,1707110350,1694296901,964093668
2902,1378888064,2034503203,1609856612,1069573623
2903,601498064,1247862421,1836075791,1106356253
2904,1523968910,1796578220,605447000,1109913014
2905,158314771,814798633,576428552,1042126448
2906,1369743829,1816579694,1623314513,1111507020
2907,451936421,1655332508,1539084270,818519133
2908,159819289,856540718,339887300,1836756294
2909,1860730860,969189362,87644261,1733704325
2910,1608256931,1822077282,1659107594,1048515305
2911,2018010511,2075635505,794506396,1523923009
2912,1781964740,7662183,1487854128,799495881
2913,1176648721,283835318,154526352,1697432386
2914,777745653,465431092,516583420,416822771
2915,2050109582,2047522769,1771993240,862766614
2916,323625031,27610541,1709161213,943769073
2917,1693408791,157735737,2046426780,134219853
2918,670926102,1786354261,725247348,392947284
2919,506826371,1554070175,307150015,360631441
2920,1250190201,650608181,1238876254,1171749145
2921,299033962,1498777868,1223693631,373038919
2922,1790561309,570862119,544066291,556732013
2923,1355869087,1649163863,1730631022,1657023023
2924,1296304011,1648179127,883189187,2077497684
2925,2050121007,1905582554,1832175216,805764142
2926,938855946,255686369,1716635410,1586819441
2927,343829353,1571718232,964369400,190099564
2928,15723245,1710838984,1861581014,1584886334
2929,133017735,201278022,2006321090,931961031
2930,1299157593,1797840574,1367167565,1166247830
2931,1945591412,1242354676,2039762895,1807490741
2932,1794871001,104215922,745347642,1611586101
2933,359385077,1593138946,555545153,632417828
2934,441535811,246426287,1578995150,99233795
2935,1466835041,840238804,1578568817,872286417
2936,2043146373,1405356195,1347088614,375730774
2937,735097514,71839620,1472930257,22936304
2938,1755283913,1369652790,873678189,491358826
2939,791579519,135603887,1136598215,1633101048
2940,873620366,196702346,331591212,1477296370
2941,943527828,1784755798,199022195,203536661
2942,182767141,937171398,1394666485,188441372
2943,1362516993,380163126,1453892481,501463732
2944,369572878,879328531,315131602,1739427746
2945,1185928324,992183267,646019691,1805582653
2946,1649919364,1680962520,645866001,916996906
2947,1103883109,1183389556,1757249814,1652930581
2948,1835185385,1683730480,2075657500,307815604
2949,1498130331,989632846,488091422,953442721
2950,398601340,855627923,1353828576,2055858324
2951,779850132,743210182,1980404479,369019303
2952,1241355206,546340436,108606809,1469973501
2953,74506461,25597194,523210994,1910100300
2954,366439670,1238991039,486932174,171564077
2955,1668347717,1320294653,1059595022,1370233589
2956,1004962249,753014457,34965811,11168898
2957,1837367864,901584668,2137451838,65801235
2958,481465967,1931110100,1934127244,493073272
2959,679631025,2034453432,767100050,963830098
2960,261292623,1790676900,1227704101,1272944541
2961,1415094078,1228480760,1744810150,1534843504
2962,534020567,1188447989,516750595,1025406159
2963,1860477613,1142391617,775804667,804289593
2964,1662543213,2009251980,411169814,896522684
2965,2113933312,181266675,1151881641,1173021860
2966,64820762,597546396,1624116516,1521704640
2967,1939199476,613072290,1705543396,1887609627
2968,2014752272,1732791580,2060879582,1369039489
2969,1774063601,2031435411,715214488,21400291
2970,904597782,1700351400,1015996529,1795268220
2971,422743324,734802631,2146043016,481828743
2972,502069351,1007431104,1756342670,2144644628
2973,1292949310,927809900,588972297,144160900
2974,1775529345,1362998255,1539240195,1104812473
2975,2052562759,767922492,1411181986,1749685816
2976,437060959,268374199,2130322774,71241502
2977,2135825150,1550173056,1547276378,1079756034
2978,1421277619,1776512379,1970931172,2099655115
2979,96643925,1816831881,980538166,1836949276
2980,1805734635,1503579925,1771831248,525833426
2981,1395589723,1351332125,1006939158,1689683949
2982,109144608,1964084257,2145942194,495776787
2983,1844585466,239264049,1568906042,561722279
2984,1173490070,1354487486,1650612724,491963197
2985,761942846,1796822592,1880506244,123989585
2986,1568685252,1019484282,345657775,1442797380
2987,487390559,316223573,1422248498,557623356
2988,233521811,493866226,732540357,1257146370
2989,1824978731,2062046379,1903586960,1572576350
2990,1051506347,1011819536,1650842742,453010009
2991,662075860,2080131234,546611977,1773630002
2992,1429949536,1180753166,1775582900,1380736198
2993,1552244355,876920921,765437062,1413886742
2994,937248945,956287168,101528870,1348672234
2995,82013741,757718081,1478084213,1421299221
2996,890892811,626571900,2051342303,1010666329
2997,1658159657,1386722077,295824463,851583145
2998,1440038951,1008284892,132389089,1117238586
2999,1984252610,36517604,1465794519,302576036
3000,456538936,582549455,431246575,1520692756
3001,1033327197,496098570,369541639,1393517791
3002,1400908408,1595046030,289163610,1967945461
3003,1793421576,1162162333,349873076,1422267005
3004,620766012,1529221449,919938774,239211270
3005,370470105,217308717,374149145,1967391208
3006,250157005,144588360,1549242374,349998023
3007,663529368,1052564138,1491137045,928647150
3008,1071134144,395986551,100089034,161017600
3009,1519300209,614154396,1179885930,1079669830
3010,592175265,714337102,2033593791,2056849211
3011,1341908063,394810630,526076824,582860386
3012,2132163644,272594362,1548360730,874170079
3013,941431949,224719338,324533589,701125101
3014,473932338,1457266412,1599375967,331767604
3015,842658568,2055986095,714477452,1710275113
3016,1051587730,350384950,609860891,1452301263
3017,1330436960,483038277,1332269925,942818814
3018,275914631,1258909172,932402249,1018035142
3019,1548849553,1640041660,347796797,1037863011
3020,2008437889,1466649272,956978953,921009353
3021,2033176253,795085787,186751598,2078639953
3022,79246292,1299334159,1094904736,789100540
3023,1050884109,952251073,1880797729,1462001487
3024,872402162,1996389864,1435441266,2120661697
3025,385991126,1400315360,1313240446,1251926296
3026,1171950623,59205353,1570125265,1558579746
3027,1422907489,1600826272,591223742,427406972
3028,1540924042,448173973,438943517,1373580500
3029,1031646278,1765204633,1989464345,723801788
3030,594128524,246292084,207893494,1053965777
3031,726868204,1765171124,1030952883,554637013
3032,1370599005,1101618197,1223502925,1507360481
3033,621267249,1343745660,1754163447,791512071
3034,429179029,6073288,35032828,1937816446
3035,1002661482,1715610391,108010120,839766829
3036,1019939840,1905433066,1321719760,881853973
3037,4596971,1160836238,1731330873,723717419
3038,2116598626,2049037726,1398974575,1103657933
3039,249755841,143713802,1169713257,91415211
3040,1210061851,1289439112,318534479,413489604
3041,493829645,1081443473,4825164,599785956
3042,1165412160,67036497,1347016062,1779030911
3043,2030981321,1467774563,2077472498,935119071
3044,868204342,831599240,297183064,159421095
3045,1444742508,1298232877,1651972297,819866750
3046,904092821,719366288,1238835502,1118099304
3047,1472193529,1081131201,1968771342,780070133
3048,259190763,1081482594,165618440,1571297038
3049,1688074744,587532154,1887702983,1789489872
3050,1558989196,651740500,944667443,2084527665
3051,379604170,343864072,1498627204,1195408051
3052,453265193,999549283,944275524,2040521339
3053,978207375,2101098476,1288050658,1059951889
3054,1398784477,1632512240,1928411577,1406358173
3055,2101578180,1375965742,248213851,542554261
3056,1899028443,878307147,209987867,255593621
3057,278288122,1200406542,1349249153,370886787
3058,1170168465,125128542,1297939636,25985750
3059,1115762167,726329573,1757219705,966618112
3060,1123599815,1066844994,1396139932,257560042
3061,20475073,1060127846,1710497162,1241929582
3062,311573251,770755249,1949485426,1141570995
3063,262767153,1405291199,1046286974,596647838
3064,318544397,1269154443,2032895738,1317790727
3065,228978266,1013874759,1992698298,663191649
3066,226145747,101054825,222382117,1729865066
3067,719669294,1586556624,1894499698,1453088975
3068,1614733526,1141538041,460327068,1763337928
3069,1125820678,1083178694,1073797698,285414787
3070,1397165037,1889604287,1478336022,33674274
3071,1309315033,856947069,1902856407,1370985309
3072,1415271394,1141875988,214866653,1235490097
3073,200082888,1545435669,606460093,2141324239
3074,1390520005,1250896294,864733127,1216291112
3075,500253816,1383964204,996607864,1600011491
3076,1849124925,691684201,778423675,843527322
3077,472254765,2005520163,1450862278,581932613
3078,829694179,648991190,372371992,401020974
3079,2066010080,1561930267,416524049,2143033058
3080,941691963,1794602564,1177784133,186503179
3081,219287544,202759670,188965983,1511413303
3082,1863094317,133086644,1924273989,804807400
3083,2046737752,678801162,1202334773,1294686630
3084,513264527,277132602,1146724249,1831308456
3085,580552624,638349772,32312756,1414851143
3086,1188229065,1566777928,1558275995,606595296
3087,1168198405,1364532816,353717881,1289432528
3088,561762640,1564219382,1108510566,1725932206
3089,244177425,368302420,514876130,1525559551
3090,2129667101,716140467,974893058,829442536
3091,551728462,2061203633,1054423987,2140719251
3092,1280978844,491339651,1565394495,534677453
3093,491031958,1573618925,1355483280,1143940491
3094,534653886,1060965552,767716743,1558114878
3095,893943338,1011403206,1084825948,1829459778
3096,2000101689,681996659,1045230255,2013284863
3097,850404260,1494428672,1298333239,1162254753
3098,18762937,1294020058,1811733447,857193763
3099,1294536693,1482564849,593246170,2019501212
3100,1573126946,306388451,1558168102,2031051166
3101,1232073970,1765220377,1635013833,256980907
3102,2113142516,1718225724,1658854093,2062611171
3103,1386659453,1694937457,584270453,1278597233
3104,1172339543,1996978739,185877457,1955778128
3105,728622222,1123829726,1561933814,1492464721
3106,2013986398,342969429,288786849,1547740145
3107,1424240035,1103128412,1675067782,845724729
3108,1105882858,386043982,23527676,1661511988
3109,5741953,840366682,1276379844,487815010
3110,476948288,904984678,129651596,322087100
3111,1476251881,1494869374,534362599,818636332
3112,292288179,937533784,1832203744,2103272496
3113,1054890737,419680195,1102324065,1977556429
3114,793539237,746833589,1694315412,1413005891
3115,729076131,1376690863,47935128,696800650
3116,2051671743,468716171,809549219,1919342602
3117,253007148,1183971404,1196875298,120279718
3118,1892717997,2069157437,1569310115,1074763756
3119,55712143,377576386,869486042,1610997211
3120,1746852494,1647968963,427601237,1216603071
3121,748245116,665775241,1056244210,446063931
3122,1412776538,1558338804,1924651593,86113201
3123,1945420054,367252159,1274196868,2006830057
3124,1094648161,234064669,1914322139,736793053
3125,1825194464,1715446289,414505393,1141454829
3126,476275247,1604753212,199119673,2050658772
3127,1351808371,1160102976,1494602394,1289981728
3128,1136288472,1229639830,1054094986,1450769123
3129,61089854,902219237,428557323,296138772
3130,1356968838,908736688,1131667133,856103810
3131,893886999,1338228832,1656069415,1992849302
3132,814719511,1663661824,531309438,122369593
3133,1407311699,1959843867,804776578,948804142
3134,151327058,1947984355,1147331210,1991205442
3135,465401969,880455904,1883499674,546550889
3136,481078166,24987235,733678201,303360079
3137,123057750,428246234,953577745,1803509209
3138,1056957683,4386591,1232478341,176326845
3139,2028423124,1731986776,1828768381,684321177
3140,1114174183,1711988527,977584891,725900389
3141,460518292,395863882,568422355,1569798921
3142,801789093,707786777,705558857,616434542
3143,1277177135,1024401157,972367623,870580030
3144,837889253,852997167,1308819955,1527084837
3145,1309116975,248309053,447687626,2021066483
3146,127963060,1625862481,1550314737,1925946971
3147,589896580,1645846344,64138558,1348301892
3148,2119359556,2044031327,982524555,212777326
3149,277012942,1437491198,713218906,1951059473
3150,1525463386,1836469270,159367770,847774159
3151,2146285746,53973180,1603070405,2098995798
3152,1181121605,965355934,794482948,629072710
3153,1080217014,2077054438,2025577513,1455067416
3154,1441703934,465084184,225818940,1029194103
3155,2054674715,2138237580,2016160707,1064908699
3156,214377237,2077664029,429877978,959784489
3157,1406947283,1501657628,411709344,580727467
3158,1464661525,1087206738,890593146,659511913
3159,316282633,1618989984,528024551,1653305666
3160,1818102261,195495054,435384023,51538941
3161,805507374,938751785,1898517954,1872715773
3162,1540578491,1561347476,1008556372,1048406998
3163,1536070924,1569327523,514661228,1745656483
3164,960157775,2044152232,1049475265,1192346738
3165,1604953225,748372910,579914896,599724524
3166,1035211288,542597440,335634185,1433465785
3167,1523941249,214173579,705120875,2080229476
3168,1531677287,1975788469,767846228,277634142
3169,722157402,973510283,1769464030,1259318562
3170,1075176475,2049124080,580661320,1258089476
3171,1306545617,1486336573,1738892115,801939939
3172,949984904,1961677504,1932280274,826162706
3173,875681047,1562648775,891778798,669010956
3174,1102414184,425829433,482187087,169144907
3175,947407671,1579508956,1221412074,1376100738
3176,931457700,1393503942,1818051330,1502035967
3177,2069158856,1133310457,1743511580,1664254095
3178,807977996,1210683576,1844143653,1664953665
3179,1658146990,1836254086,1395074627,576909317
3180,343821197,1845445366,1042890912,229363105
3181,385892672,1626760322,806328805,432932737
3182,2080985172,855696769,376932724,1302086415
3183,1005244689,1381911957,386425814,1879148662
3184,599877678,759516489,444097657,718973537
3185,2073918429,921751257,1122939573,1138424584
3186,282368950,940279940,907148224,1290912959
3187,1596540537,177599953,812311998,702842957
3188,911290984,101661077,1440075149,2139090801
3189,2124125570,1238901102,46869500,1794287995
3190,1964902096,1464635725,8667384,1649652777
3191,1840694612,740569904,490724388,1522328412
3192,1248062795,1369744086,2006484644,843662518
3193,2083534256,345104924,1135631334,692178042
3194,235522893,976044250,849523884,1606328665
3195,1533689705,2147288750,413369022,664018673
3196,547507152,57748886,1927281871,1970701335
3197,26048092,2128258740,1669275297,898322413
3198,89602901,1903388301,58463575,2126809225
3199,1917894089,373841340,3342301,998563331
3200,1268814167,1624026889,968907323,1056406719
3201,1880183680,1018925328,1459819471,1618493404
3202,1987374355,929091203,812556321,2081719546
3203,1759539262,227037841,1805174992,959213324
3204,62224995,1532819427,1915378635,309743698
3205,670491696,2146478424,2136513601,1850913702
3206,547989917,591513489,675283885,621245068
3207,494257557,2120112105,1110796623,1748966754
3208,1351953457,1938982534,1413280557,944503548
3209,979050377,601574342,2081937030,1406868765
3210,1719660291,2117013239,1857543124,187445833
3211,2026654814,1609497168,2013177311,725483276
3212,1280220889,1299284997,880107543,1561349397
3213,824125329,925826056,1971400594,1707199613
3214,717575965,1435968463,642246847,1849493510
3215,44634046,1518852759,1344551058,372799583
3216,1564510283,1425754502,1969960404,130562463
3217,916873614,998438997,819207831,938056081
3218,557465443,1755610159,1994117495,364240456
3219,1425725348,780717851,1807225700,1241550050
3220,751410454,746794369,805725106,606121934
3221,1620672293,112306311,1534858906,1002552058
3222,1254259405,1651038504,2016008477,1319916289
3223,1130365853,119125784,414515136,393425775
3224,275771009,1009959574,1421228719,1579838567
3225,1946690463,282806815,1284433805,95434598
3226,994978478,812545728,367486894,1012411267
3227,1983881448,708679298,2103929883,1238523104
3228,101797531,523903610,1475172413,1053941892
3229,2011374270,1589070380,1762120342,524722425
3230,513444040,864251986,1892024107,1456597928
3231,39778138,617139305,1410716232,1366888510
3232,490370444,1924168856,1844656948,1635856271
3233,1254549605,1310606772,470306984,1397335947
3234,325966666,1535559472,1726826075,543630495
3235,2117107598,1117873810,53421418,72690621
3236,471577241,1240018496,2115136364,608724108
3237,1090261073,164469322,473420808,468313401
3238,498621797,310631233,1625002569,1251017775
3239,695884829,1778154539,2028764169,665075518
3240,545483216,597247608,426562170,2091404805
3241,1401195071,740529557,344267952,1601170185
3242,553813109,223231659,643881599,226113416
3243,466498682,1283084339,1971060419,831191514
3244,972205820,746026571,922983469,1600924366
3245,2073176543,422510667,737999895,856502496
3246,2133695159,936081026,1993948852,1074379691
3247,543860123,1894994025,40719220,873412019
3248,2141656230,31063701,1478993497,1914723972
3249,1876358643,299955280,2135780525,1490809929
3250,1150510635,1138377966,667212873,472689570
3251,1442130254,1235517445,795317334,239361383
3252,631112940,438253754,1155320249,1614386152
3253,993119119,519108049,1900037042,1830426695
3254,1038395656,584441785,10875976,1924403360
3255,371205427,2094869220,2056284917,1205290949
3256,724967474,712124343,136885813,769769757
3257,345618369,1777964766,1960047425,209572132
3258,1801617558,309173295,1322623469,673294065
3259,1645612228,1237620706,1691866940,696876054
3260,396795140,623760002,966294461,1548808135
3261,1190714723,789433192,947187239,824628618
3262,1752402627,190372270,349024218,416494220
3263,1524583200,1426428099,841828610,1351374249
3264,2127111563,603423421,1861558552,1409511974
3265,1897390831,2114290490,237287970,63968128
3266,1840169612,433412053,1102981310,2121750931
3267,1997031445,1870654468,606109490,507592603
3268,387827255,585016431,1035905435,1742375541
3269,568056659,1221332932,831128145,1852165618
3270,1724445145,1301471676,1613656264,1725247361
3271,710550568,1230848665,639397728,1631366307
3272,515558817,2112748449,309418257,1254224755
3273,709400844,362749210,1804519435,1984445482
3274,882257455,1222453940,869693199,2091086204
3275,965271011,1052840123,1525169523,523394633
3276,253728374,1196655059,2079572048,1291279818
3277,322881956,784927989,1037255790,954878600
3278,1702504375,3542011,259004109,848598223
3279,1176840902,633521425,1601206505,1357028736
3280,65823020,1425942752,1865136874,440966560
3281,1299924775,975022398,108231530,1662324339
3282,2107824389,1989709393,128951575,205353383
3283,193694417,679671369,713130535,1462010724
3284,1752488319,1875933083,521082630,446034284
3285,2067441615,1175874206,351997751,741444515
3286,1680850810,1662560913,724260760,1212251470
3287,565910207,1707562726,1210649192,826220446
3288,26177562,1674989800,1044502780,1479186068
3289,1765552590,613193995,1972951406,466565468
3290,445599186,1659915977,488028162,1290912806
3291,603864936,2031666237,728885095,1661775308
3292,2075121057,233921562,460370784,688957968
3293,1538411526,350875802,274246584,1233754561
3294,991414819,435245199,447031177,946456557
3295,1880016932,1788084788,1766124242,7313116
3296,1568950858,984837886,1737253079,486146385
3297,512675910,325161297,401276904,875908697
3298,90901368,676337405,362818706,1493745176
3299,384201656,231245488,1573116667,1862095589
3300,1299196027,254271786,200812106,1100605336
3301,622120406,310273499,1650072486,1398678210
3302,2037442705,677805210,1616655360,808092384
3303,421422281,2095650433,1507423270,1749664984
3304,1436459810,648151229,1174630450,1674546475
3305,888521778,563463431,1693007594,1352656685
3306,1419289135,880483440,392374641,978037864
3307,374485692,837882648,694712861,1381474247
3308,61949692,327987391,308605325,1628790303
3309,1272625337,1211700990,115559748,1640660364
3310,813699063,864424402,1030242279,292108154
3311,791919247,28049300,2051683149,957741317
3312,284828892,137524843,1381479990,2109132798
3313,1418903815,1206958261,1233887844,1794615081
3314,852722644,1809598965,1840942117,699816464
3315,1446058786,904782429,719921226,1709688914
3316,626201791,148358777,719691445,1214861043
3317,1080003432,196890085,1130055165,1748854612
3318,1209760151,1005245251,1297204275,778105871
3319,477081875,1553403541,1617164161,632848000
3320,1064411897,264839568,177360065,1992605808
3321,2004807444,2043777854,62011172,584855186
3322,329715679,1922497946,1489824601,545938521
3323,1404352691,1256582228,49072906,260829468
3324,1906021317,1552703760,1436363660,390010100
3325,1071422840,1815410168,1828948761,2010790791
3326,571498017,178092608,1877337384,1230180366
3327,1197930298,1480357213,981168703,1445716989
3328,707999604,1856684348,1935168673,1985897278
3329,143585344,1195593063,1044278133,406119390
3330,2091410598,1191672850,315119695,673376526
3331,1926138362,1391380385,2094920756,777028260
3332,1134802331,1588080073,979017834,1495555687
3333,1054483213,1446114365,1542196350,330417368
3334,1641296406,1793387714,1019935435,365357384
3335,1005535606,865777273,752034665,1924997018
3336,1642231767,761566263,1801863883,1206924026
3337,1398081203,2125163201,1787356394,2107456306
3338,330971853,1577445781,1827019814,1513816699
3339,620272235,1503912874,1734119346,2003565999
3340,2001630900,1466233875,74174628,1904825263
3341,405960360,1937317863,2104561299,119426253
3342,34676599,2050127637,91057212,1173828713
3343,30000284,930348162,462118625,893865853
3344,1095695545,652243059,989131855,1143011911
3345,1938099032,929085061,490286170,1813767
3346,1743021108,806332510,1553050264,1657332829
3347,2087478743,282516600,2108690753,747268250
3348,731309897,2049477660,2055283348,1783787219
3349,1593364351,1964892148,2099352904,1216797403
3350,1621175933,1560989809,808659232,1415145068
3351,800847649,371363993,183811964,872018074
3352,1125152486,1990113743,1879260684,988346647
3353,452208739,606793745,732174431,769704852
3354,1069826384,1963374633,1760500199,192392947
3355,1482803219,1364522336,283542984,128557522
3356,524154407,1456715530,1052604625,1443725549
3357,970525704,1298599765,124261957,1633962967
3358,1622121008,222884772,1569452173,1869820610
3359,201716086,606043377,606243968,503102288
3360,2046812847,454449653,1217696851,289793686
3361,1733734086,1991004071,346027658,1856806457
3362,1118808534,972756582,831444515,1544998159
3363,1770373512,959425129,343351619,1310525264
3364,411605855,823873516,1509339179,1467842132
3365,912488490,1449942835,907943416,2017192463
3366,389631843,1322582678,1365445224,330283368
3367,581674509,1352646645,1548331695,821050900
3368,1918630250,1885655121,950765457,1279103843
3369,432676804,434216414,727813330,1767740493
3370,1725060212,1936899639,398056227,768990600
3371,998379028,790818361,1441501882,547457263
3372,184052085,452882438,1726192623,2020547934
3373,2103647364,1632912376,875967097,1888809059
3374,1805020679,1341679164,280034963,315081200
3375,2001833595,113648428,1488441890,1871791591
3376,818696650,1626707301,172132257,601361861
3377,48686714,1089914872,333823,1894928598
3378,2013358535,1449932908,1705249595,2071108218
3379,1189287085,1114021690,298244078,1532983659
3380,351647700,1803740563,1838525888,860053783
3381,1806732323,1896452114,1846521550,1103891558
3382,927361431,1285154990,176073831,1769536521
3383,446586124,503861126,1452093859,1127940396
3384,923072399,1235832870,210195285,415912036
3385,1832795555,670380855,713385414,1077961723
3386,1078047952,1515410300,1704047068,1696865087
3387,1385382985,789884478,783853009,1021854397
3388,1245304190,279054677,858950271,1485699175
3389,555130692,1517815151,1921088680,51078289
3390,22062988,278686582,1146396999,573704893
3391,1870509955,151848062,59042514,1469184328
3392,1570272153,446976708,1464186543,1042484456
3393,1345932582,756897032,195625640,1420745284
3394,1053618208,1162294162,1927043450,675692270
3395,1524839285,167284905,608588735,148156026
3396,2125049258,1435605669,1895861343,1700265332
3397,1476297283,925038283,1711764302,561821205
3398,1266105517,1569235114,1802620157,679474631
3399,2143314234,504924808,2066569548,270123810
3400,867222103,710751400,1582825409,858201824
3401,1749036988,1704254771,318667105,1341847152
3402,250113029,1230948582,769413309,2046555255
3403,1185596206,1503948439,855143594,731961152
3404,921278024,1947885476,966812696,1257397826
3405,1097706293,801514050,1034085111,498701926
3406,1321658505,961056078,235556526,1725779461
3407,1584477430,982295049,595194172,275221598
3408,412806144,343284153,1816311151,418693209
3409,120616625,504269869,106427108,905563447
3410,912712848,1203109544,1280420647,822928472
3411,487033856,132645576,1746831928,2018611143
3412,21433146,377807726,1009944295,631746982
3413,404080859,2104802058,1469745756,2089961081
3414,661463632,600836565,1388712873,310046271
3415,1538824245,1160605308,1552328439,63534351
3416,553542742,1982470476,862504205,558336412
3417,238891895,152078105,1228140851,2017677825
3418,2059373966,1549697333,327436033,1355284996
3419,1280341597,1527053907,1938355522,1597328325
3420,177278251,1631052716,1575446127,1776082906
3421,1476681034,2039879078,1240468382,1001740341
3422,650696233,629213661,118624612,1464949322
3423,949979463,1956812052,148867808,1960158510
3424,1666112607,732496912,571892708,425018127
3425,927680280,1430530251,760781786,1600558483
3426,2136974280,92235056,1422774398,816781770
3427,1772449656,99083973,929822130,1954874662
3428,1957045772,1264229306,400484194,1753947218
3429,195852734,1547280654,1503665982,173605825
3430,847025964,653809022,1860583047,400157388
3431,935754152,1233137616,864323772,114077884
3432,698051092,813851749,1017218877,2028496905
3433,2144936746,398818545,788873856,570728906
3434,1985339506,826927946,966715846,2086837192
3435,846194771,1668055025,2096063348,44891854
3436,946285116,1215169354,1491256322,853785331
3437,149502686,1997326869,761493159,1062655493
3438,745438054,1534812841,1111443739,1825108479
3439,1382599019,2100044752,2043749795,551304120
3440,34802240,1067822315,1164093462,1184241674
3441,1724455345,767885306,256746522,1189434514
3442,1528820589,922034542,908039735,613891762
3443,550658174,2081581578,27699011,1212338615
3444,1526839176,1680855402,120193431,1514311857
3445,633978246,96434911,1418965335,4828051
3446,751288137,2063169346,949227162,1073476353
3447,1672152458,1913001399,1026377545,548704407
3448,2003098255,1568690532,1224115317,1942311269
3449,1010841852,608491187,1840640135,1255553957
3450,1957179303,605216371,1079947004,1071374566
3451,295827504,1296267329,1477674774,1585634772
3452,2134468684,690294214,1713427617,1962382695
3453,1250630323,53260960,1071311572,843201778
3454,1295774827,273771261,362393728,1752225398
3455,163181622,585836191,571890629,460759829
3456,618072478,1306973124,1144215008,1745745328
3457,1467699601,441236174,161667201,1915192687
3458,1701146916,1225245453,1425068582,320754107
3459,1634609119,1990922452,1466295160,1111510195
3460,561581683,641604976,522616120,353606007
3461,1598088422,1979206976,715021451,761494958
3462,407121002,1603910223,1501819556,482163616
3463,948440490,1261712173,1346716799,1304726615
3464,191613406,1381967608,734898039,2077591264
3465,72411394,1436610965,725536509,1819942183
3466,583896129,1374622245,337639761,1080298213
3467,1819144253,520326841,309353548,8008017
3468,1112369222,426547409,706928217,267527138
3469,1643389714,1286509294,2003825895,1350296764
3470,921672311,310960760,418287604,653552560
3471,1189046958,419999597,1372547554,1897796656
3472,783853139,296443611,1736842361,97578128
3473,1868150515,1347819212,846959287,1918271297
3474,1123395147,455388802,133991047,1608250284
3475,368403002,1902947819,1143374683,479283969
3476,682295382,405089971,1707922456,1142709013
3477,1747658580,484850114,1747504537,2081907392
3478,1972096906,2066849843,454076392,996710577
3479,1356658824,492417725,562642139,1461817558
3480,1704925157,1405370725,1472975882,1689109784
3481,562112243,1549217191,440828106,1140422601
3482,1343517004,1548119061,2114265398,2120417042
3483,858868727,851410692,1325708376,413535106
3484,2113376062,155261998,359592301,2122298582
3485,1949374025,1361902861,1013197205,190601471
3486,1300036706,985025955,1670166207,1849142561
3487,440154617,98395554,1862498315,666371419
3488,97118065,830101306,1466338750,1592557381
3489,49303491,1081961101,1049178706,1712247506
3490,1214834371,1495350653,1535720834,923339261
3491,535719982,164605014,678867614,1075648202
3492,257754144,1461314472,255829028,962734043
3493,490533595,1918676454,1996874521,1707419343
3494,2018187180,262704117,1954865695,839654055
3495,71121890,1252993284,752447288,241753751
3496,2061193524,721752343,541615331,205082229
3497,910850134,625385204,1341290822,999490415
3498,1537064699,803297709,929705440,209781341
3499,1273395724,256438078,327086507,1195662874
3500,1636578359,1819839635,1467183280,1093481562
3501,1086753836,1607559777,875678769,287856571
3502,1810179845,675551753,1357150382,3267929
3503,999551314,2055865491,1494501715,715408674
3504,1169685194,57729966,228719866,730441954
3505,1872576522,1125060087,686030869,1809963833
3506,1562809173,521863242,257033971,2062772035
3507,1630544155,1566466802,1228213770,86445603
3508,728568134,386950408,510511100,1266762171
3509,1468715286,1759446774,1905266192,1380844827
3510,229159531,287846317,1632742212,1596941098
3511,2129226797,87882458,1944868148,544061704
3512,1824443476,1477563918,902200858,11148767
3513,1261186308,555243553,163218364,1924366785
3514,271637732,983802207,276293549,698688247
3515,733232043,1140760314,1299242822,21305334
3516,287252742,1369276342,1048255076,1806474047
3517,1781551414,1501042145,392914384,1943136611
3518,298660806,625805022,137610554,165810541
3519,801158061,1280409,1419721754,1903823898
3520,615830155,506987236,727819630,1299141560
3521,1430649026,1825972223,1853560651,369288670
3522,1989205083,1959734997,907226973,781391022
3523,961668484,1151065503,1967187095,724252283
3524,1391013605,2112921931,1537140657,1141894380
3525,42310835,145766323,254578977,1752374760
3526,1475853898,609566551,1558507898,1657205501
3527,1864965487,1865704646,1488979694,1521230171
3528,2061818994,1625853714,381693710,803846612
3529,448556950,1443587613,1906079500,517096442
3530,167915774,1154957289,463625149,99805071
3531,1230747051,1110540344,1320654746,2106860757
3532,815399503,1239743215,1181486683,1420434460
3533,1776747827,601119931,2071338885,738938589
3534,501448370,962644362,2069225197,145226444
3535,1734278810,1265485761,1734621125,537523147
3536,1777497988,970691252,319248616,1922238015
3537,188970291,289368926,566251531,258274566
3538,455131837,2018334033,1578869226,631704290
3539,1000036824,1273542343,1868122292,75266572
3540,559395063,864806851,1408762749,1693416009
3541,1947935702,651015748,1995594960,1465066916
3542,1696192889,364201320,1246242832,1134451319
3543,26393265,1083027810,1825826762,317464717
3544,1230716094,1194417975,275096255,404920
3545,97797770,1899080369,2127472259,507187056
3546,1783386316,764375704,610451395,2024636467
3547,410190280,613249277,887758804,1840473364
3548,271224524,953199709,71485109,1366842426
3549,1059717286,1202276431,1880110379,601306970
3550,1272159819,128569312,1304898806,1964212727
3551,1264365408,175269398,1771266849,1211693152
3552,145245644,530572292,1279467861,1042546479
3553,625021543,553170089,930743762,2146518268
3554,1474426281,337988771,1321850394,1999723505
3555,368496147,1751698324,1149817117,455958726
3556,638169452,1595609879,358905307,1795689997
3557,534595442,1270580620,1923627320,834816172
3558,89551223,25008882,883962177,138389551
3559,144344634,1698158541,1987033145,482682902
3560,1222963993,1083606975,1212275625,356875439
3561,2087939811,63356603,1160436789,1055168183
3562,21332794,1990228913,875397555,231740696
3563,327927291,763232855,1346162047,1080926149
3564,339888693,1836094224,323888730,1556958495
3565,1584011897,520004655,20874712,1356837893
3566,1998848023,1586915676,695326416,1227477694
3567,1896853863,500509405,776795534,632541780
3568,966230680,1201439326,49203911,1158995752
3569,118536852,65054898,8768207,1231928007
3570,711627542,50570562,1678996727,188898993
3571,1283365151,952943035,1035618477,3484498
3572,1580545472,1432735820,695739880,213494502
3573,249417589,161721084,887077603,1833590405
3574,750348124,323264292,1487089245,100873113
3575,107042235,143973082,1371980926,1128726441
3576,1110091456,1984888705,595922373,1604484788
3577,694327256,560174403,658286211,650950131
3578,1172010170,2098157513,70794297,166280084
3579,820043869,1831679886,2002933937,2098265437
3580,1982964229,1391827873,172855669,167758628
3581,725273543,521381187,1663263426,111915761
3582,997512224,820011331,339174331,1262150939
3583,963990319,961695434,1686991118,389593221
3584,161566770,668490009,1034772766,1966429687
3585,1590027752,1840451128,807802744,1345508400
3586,1671864692,387913638,907158628,1737934702
3587,710353644,706572176,1034824136,558584457
3588,594194710,1441850742,380558862,553674676
3589,36510362,944776428,1079709881,917266596
3590,1114653323,209280116,1278337863,547007283
3591,1899825658,104117452,602572348,1662167385
3592,2098556958,1780290616,2100078252,1549817256
3593,1093452200,631608089,1679233882,1357491470
3594,514597511,830562554,758122024,1619218885
3595,43415508,173886721,1390546934,307586326
3596,1884965677,757668234,970004032,1643878289
3597,1917312591,1831298737,1704552447,340473791
3598,1907125888,1545344448,577337840,1481464652
3599,1165507996,1857029193,493872894,1474496683
3600,841168490,1606320708,759782645,1328742147
3601,568838274,1738895319,248131134,1361935789
3602,1804789060,1617026764,1738896518,1944041078
3603,1477617310,754156604,1612665795,1180330986
3604,784684455,1741989950,1520358740,1579047677
3605,1431367641,1003011929,1488888950,195216190
3606,1029219141,1549402798,1224651083,1670811885
3607,1421635637,1251363770,313367776,753176698
3608,2113966137,148125111,763020272,883131694
3609,1843665054,2108263899,2023748226,1489620223
3610,799796835,595306290,1183882459,1123331772
3611,223102841,1676364952,374381753,934894712
3612,749105427,1166996023,951916957,1034699618
3613,627398664,442290546,507072725,677290823
3614,1107226323,1692237910,223372819,1549482243
3615,2120754755,57007656,377792817,93797292
3616,1297854354,165377803,1849435611,901678177
3617,1470623418,575311699,113453547,638810277
3618,634060144,1180054544,1598729880,1994527666
3619,1738691549,1185336164,634764173,1876728868
3620,811943257,2145057758,597537168,456643465
3621,334573690,873553434,1923136910,1707831062
3622,371521355,1443830724,892464734,910193042
3623,944577827,1311746314,860103717,1959606004
3624,313266995,914980066,587762401,1872890883
3625,206681733,1628155904,1333569119,2027524767
3626,1286115274,1210108924,1006511492,1796296559
3627,1177743532,1881012582,27047078,420717289
3628,1176149743,55986262,1601347456,197660523
3629,952978719,2006052970,1442407289,1577450785
3630,1975646923,901020119,957514473,2050308816
3631,870339269,891927037,1136986600,427791852
3632,189061603,84752221,60688639,731808013
3633,976657494,458706435,357703632,1135391667
3634,958023914,1962112874,93439939,1803298247
3635,580806116,1586349665,948932732,1332230618
3636,417493544,1530483523,1923040486,174956933
3637,1743761866,381909130,2094541882,361312574
3638,1437847094,1268751717,1136326752,465044281
3639,136499468,392653829,874588561,1823035677
3640,1378275110,1942543340,402229212,1312769280
3641,1693500478,1938192942,429099924,1806224155
3642,1264373370,1841925059,755066497,1576785401
3643,869473957,1774708080,370447068,1799741611
3644,1023904719,638974084,961147064,787250718
3645,705605542,980637116,1121552073,1751015239
3646,1233068514,983654796,1375681531,1530329455
3647,1944982063,1985053996,368100517,326168588
3648,1817048164,837496852,488998915,753650108
3649,1673496717,247070840,265284023,583050389
3650,1252298315,1373993153,615818896,1709245059
3651,1874803728,735334991,1937035818,1523020977
3652,1742135400,1939226156,1724815421,1631879752
3653,1380369138,357613811,2141965849,1989702795
3654,757750406,1184593572,1013636802,1823236689
3655,1357189175,222538451,660841335,1639503319
3656,243778924,1604404406,239930924,1237954588
3657,636774357,456728590,1633477177,1790013897
3658,1107011908,715841176,795419847,1104870314
3659,227257574,1524955388,196366703,2064905698
3660,75474562,587236886,949508677,1474835523
3661,864560993,87550856,265671391,615185533
3662,1294164827,1688983841,1294114540,1642884719
3663,562439535,103851805,1345483249,401516869
3664,1028244536,1513735222,1105625269,389164064
3665,509808068,1090738750,1555150384,1384344631
3666,671692264,1339732254,1580784509,737370715
3667,1260898516,482638184,2030062925,28762354
3668,222583370,1736474461,1482373092,1123930810
3669,2029057941,907700369,1745367501,1809602759
3670,2000182951,2081297895,1069304048,1454512340
3671,1671183210,2033051455,980871227,2039416251
3672,1105181025,1588603661,747272106,20854112
3673,137984210,1704948951,852598584,909018389
3674,796796293,2005714497,1789074655,937947009
3675,1667373071,907512656,474674771,783021691
3676,873015980,1067303179,2036788219,768867042
3677,1623114276,504315338,783991912,1967608046
3678,1774786243,730896264,737357356,1867787846
3679,60141253,1430284197,353385938,1020394049
3680,1554150236,1349554637,189351872,193529792
3681,2137161819,1166729463,2091200351,1388635921
3682,586982296,1010722940,2099051207,2037527331
3683,2053321737,2104693843,796095352,1358911112
3684,1946372372,1198321507,1957551525,1277472651
3685,1150921997,1834755183,920676149,706847213
3686,1058481391,2143652220,506427032,1613319704
3687,2044318769,93517646,1216643170,2141047071
3688,1158737138,716603519,469169418,1122910769
3689,1286393057,1410719303,660300618,1099516626
3690,1193568764,1173842084,1621575259,635842863
3691,798986109,882015308,87989194,1878632212
3692,1212389075,1554935502,206541160,1973241574
3693,84485329,920155487,1492488288,2092502936
3694,2117105404,658457469,1915945874,105066624
3695,2030524960,950158941,187857961,412328138
3696,1419915039,390490254,119362531,636859292
3697,1140291450,1450937693,276928127,364779263
3698,1321951329,1061258132,1340187177,52947412
3699,850876331,1714799593,1149515607,1897718848
3700,2060680453,455276320,310376639,587789983
3701,1663581001,415249382,1115966709,590508763
3702,1001387060,880547906,1166265721,1094179780
3703,1392136669,962759216,1889373690,1329763488
3704,1677919989,979142463,252210741,1467501776
3705,1065221005,1333745981,943448324,1169542526
3706,1717416779,485731300,362349120,644019805
3707,842697501,1999196179,2045847610,1899751522
3708,771685931,977271535,455434497,851701752
3709,956208423,144118378,346066448,2112167235
3710,1956050213,924056210,116790203,197590899
3711,567510548,1997252300,1077761653,1770048404
3712,900909617,1341716780,771019948,669194318
3713,1877443085,144965380,948214150,471530862
3714,1824677931,2059247994,52105761,538650071
3715,197267819,480572188,1133572271,278867640
3716,807693391,806736750,1724433594,4027480
3717,2010766752,1203700981,1270270054,2059383716
3718,1212204942,798236596,144349536,1091660938
3719,1957828758,295557613,1875093712,27907424
3720,1949223376,705584100,74397893,1310125237
3721,779312577,2052388687,665637121,782924969
3722,1963929465,473865529,1177831399,1137777791
3723,665265081,366850286,1190246035,446018735
3724,1531908203,716149253,513959998,1162436419
3725,116704379,604969073,1634942274,369052345
3726,942132719,1426815688,1310659719,1516909481
3727,628018960,767613100,100680122,1339263138
3728,1188137544,1611566151,526452507,33027679
3729,1148226089,188763747,1395166911,1146672539
3730,484743500,683468984,989861368,1405481136
3731,160770501,1169037872,1422893277,1196748428
3732,739856511,383929274,1061094142,569777040
3733,1084826118,81346084,595760986,382830508
3734,1697852134,457686096,19640898,1805928115
3735,1155014251,279142629,975218233,528121536
3736,727774413,996848833,2072832797,1898388357
3737,538039239,1383987006,1018493278,1259684538
3738,1261883592,1681046745,332884549,2144244301
3739,2110983311,1395873893,1527834,1650289450
3740,1334594118,1619862623,2082988483,1842270277
3741,479112474,1920184813,1377989047,791811421
3742,1645638263,1022244260,1129126887,1831283940
3743,869978268,442975099,1806943513,1411282234
3744,777455268,306557018,1533851382,741966599
3745,1010300028,2043759986,289617677,438650247
3746,1556271951,978412171,985397050,1591032090
3747,1269805678,616422640,587968160,1321463627
3748,1647894802,1657809218,1776029825,1646179979
3749,39806448,287954626,398134182,1413624037
3750,1390250810,1390414505,1212197922,1001465398
3751,1887942249,1585943435,1405552358,422360640
3752,491378760,1855024121,1305168262,96035937
3753,520260120,805654050,333496875,1744353589
3754,938720254,2101880368,733631459,1144773248
3755,1171004921,1654050964,1742462924,1592583330
3756,664577498,1651455931,2067498927,231901385
3757,1635098184,894275803,1240423640,1104540066
3758,645628842,983360908,698785255,677674006
3759,802029937,637214528,138933250,1469282794
3760,1784636081,2105254302,817143865,95380658
3761,1023170658,1923963848,1134802542,1618988803
3762,15228086,247362850,279793744,1072607150
3763,742184241,1719718303,1684781420,961853867
3764,1806560040,2017400937,606546349,665354356
3765,490669513,382474080,2035983459,697013878
3766,2055358234,856356633,1941333731,1567173951
3767,1737570862,575284005,2068513956,1426542659
3768,273364416,372726675,787817763,1929295633
3769,1893398104,1524325594,1495451559,1304389638
3770,543529800,681159015,2139386338,378000034
3771,798715353,1573497518,872100007,297827639
3772,1483479093,1026444719,950547533,1934268327
3773,208128537,353280967,2050295379,975804986
3774,2101449797,1205383555,1342107772,960290483
3775,682140692,1929662081,528999364,1125809300
3776,441219521,587663735,1670667006,797882245
3777,1272096629,443671700,1382922246,183760647
3778,288027704,995769430,522588917,1122005180
3779,1656412264,884384081,1261382339,1193955554
3780,1953978897,1785774709,674923470,1540738440
3781,1984264635,698657417,1562237809,655684066
3782,1609614782,496902159,112912554,1177876254
3783,771189476,585032185,1365085370,102754853
3784,887516859,1293940435,747206184,1603823511
3785,682100312,672368425,2005903435,602117850
3786,429020661,1291181408,107830842,1463791938
3787,174585531,2067973147,1033798652,712404150
3788,334343441,64557253,2050957412,285383775
3789,868618441,929247114,504492377,92922311
3790,282387499,930153468,392151924,2050270520
3791,711688154,1919397416,122035767,1868098821
3792,30445887,1734560466,915957230,265794507
3793,1002087062,1504216059,1726829972,2018499361
3794,1944557571,1516584357,941668100,612386399
3795,2057614349,1859344826,898822689,2009690608
3796,722999419,1025163668,73913627,701566655
3797,895946752,752325613,821784069,837689729
3798,1000420124,1089417018,694960269,7260549
3799,158483965,1568544482,318359392,1364364117
3800,1783548279,597704045,2110171318,1198288680
3801,27192643,1161187758,1382744450,962398788
3802,2008534587,467678616,174237248,1109081137
3803,908312580,1775790765,13241992,1588988485
3804,1730578564,415163155,1981044539,1000994617
3805,203783384,972380019,1535795986,797185016
3806,1332163864,704703275,2119640562,2038321373
3807,665542137,1551661315,667312828,1942262933
3808,1977030644,685706485,1087147694,910351955
3809,2123727431,141592586,1550606421,1288614300
3810,2048503327,1383879026,1232537878,1414637516
3811,543044157,666965885,443695759,373030780
3812,1027045088,1829089168,1765887759,1934673881
3813,1209289701,1533291876,2042469363,2053670799
3814,1507731785,749705551,947334439,535620261
3815,1359421077,1096217276,1028701411,1360719198
3816,484260984,817665287,422612027,55628753
3817,784091767,963042199,2138689964,198325734
3818,1688035155,1818561713,1135078749,495165280
3819,68409388,1465970298,225195016,1383020353
3820,1534880741,1710667132,441956721,313577180
3821,22163718,1621316548,640155441,256944000
3822,885938986,1416619666,1647270387,1908950962
3823,1691619404,1297104196,221760757,572537625
3824,180001737,162602347,1585780572,242132221
3825,1045400135,126955144,1273149180,2083815504
3826,813967341,1807853612,1716900945,1786651241
3827,1654809349,214054020,1651226336,270101607
3828,772090206,295040544,1003876068,884690188
3829,113078450,973436345,344117996,177296232
3830,275924540,1478887824,1151553279,795364080
3831,111962576,2013040413,1772567393,1419408913
3832,1113662538,1730588281,1897919277,263739016
3833,1762447898,433032140,1228382016,1023193792
3834,1366311240,1419849802,928141311,1150237468
3835,482536047,798756146,578398066,837465299
3836,1474402161,1007855652,434625588,2093435224
3837,1011140110,307169538,1895242650,204868146
3838,1172698965,423942925,857072951,66673707
3839,756052856,626869350,367000921,798978888
3840,1912396236,2084184662,783633487,36277128
3841,1707589689,731376058,5773056,1898922076
3842,1597970551,1390647092,829495051,1812964372
3843,1586804166,2045157950,304799576,790089644
3844,2119123802,703820041,855863209,1473808309
3845,361144088,1378499045,1944744058,546113576
3846,1348500542,1625728146,1492242319,166620001
3847,397413727,1563509826,1830099548,1153055727
3848,620142506,614825994,1926651891,1945593728
3849,1798806621,817909840,35895398,1502177683
3850,1977484696,1994223144,1842969956,1497403155
3851,516608412,1648198937,1257603253,1725628014
3852,1238078722,418630838,753647010,514864965
3853,602421536,1850242727,279444096,1759076707
3854,1948622883,1878835128,226721587,711193115
3855,1335372379,1735981350,1017908548,479188487
3856,260661737,702744352,788129904,289876289
3857,1341953772,1420449042,487831655,1806872635
3858,568622965,1250577423,919778796,1593580585
3859,996965728,1667136331,79991015,304175884
3860,374016291,1147493647,664858605,261755815
3861,1821757959,1804781307,994526284,700557110
3862,1794616603,136274318,1344430227,1257086049
3863,1718025723,1228936712,506917354,1348234201
3864,1375430144,1700283162,799423069,1996797917
3865,1146549532,288727393,2069269403,686310652
3866,1905386845,457791381,53807,1302314332
3867,1044668006,1779533102,129408668,1054489511
3868,1476210012,2144872881,422896668,1635476831
3869,1620921724,1145074144,545890656,1166507021
3870,867776607,813178310,1754193185,139851221
3871,433974144,426078567,1266635944,1996496753
3872,351748036,2046032659,1672801438,771732858
3873,244260786,1122418115,2096651334,830115588
3874,1419088135,306117746,464491104,2015731620
3875,1736052200,1560688602,568067788,661007643
3876,1317737231,1451965651,92573935,1581096692
3877,1292555493,876000486,789714850,583813317
3878,1879214933,1550735823,1996288732,253260041
3879,1759890056,1378072067,1123010450,1881082243
3880,1256655479,1048206326,1845640776,1637777379
3881,1849771992,1950254155,2078094173,1742271484
3882,963546333,605220817,910922398,989447025
3883,1703582577,1501327177,462706838,1568342703
3884,511054241,617243381,1218033301,564740783
3885,73260130,70189677,1344631267,280659943
3886,1047912575,1634390666,1006418030,166240996
3887,1357812651,1553682282,1572383697,952126641
3888,1748877870,1186585744,53627605,1622778676
3889,215737327,1373170232,1384904465,70105400
3890,292535911,2131276384,1543459962,518585885
3891,519946176,428936424,968277778,1611310780
3892,128001446,1209094031,1734703972,1722125092
3893,825980822,1897477589,162636493,1851496106
3894,876550187,59437683,186458171,164713000
3895,715129061,1448427854,1954051876,439806672
3896,2086268021,1934273591,987076416,696118130
3897,1579464639,242356449,1697864370,1090296706
3898,808500695,1056599740,1755602106,1586852097
3899,1812713069,1335823791,231147384,364479446
3900,1664075728,1763427468,1311285116,568741209
3901,452015387,1521669115,2135821757,1186867274
3902,2088976414,2128624084,1463670073,1168193222
3903,1498021886,779557507,2033667474,1447999803
3904,1618913407,1209804317,571119372,377128145
3905,1427656909,1418244277,866120865,1786350864
3906,1830527899,1521441838,135111380,1485497887
3907,1570224168,1195872122,169132864,685770363
3908,1404912455,1315346475,497753123,53630439
3909,1835871462,635034875,322777578,1465046123
3910,372714750,1168197191,1399901306,1898822801
3911,158828106,644055814,1397879061,1707977590
3912,1126301905,2125641385,131507343,1242186429
3913,1200856607,1745964544,1952891550,1434284056
3914,119503713,400719860,165773850,521063873
3915,1056869077,538677685,2099667243,1461871809
3916,839278143,1928635135,1230768987,844777245
3917,877907365,1906455825,1121011390,806046262
3918,547884041,756224797,665387493,1007371812
3919,530987332,366101885,1289036876,719513422
3920,125726149,339674591,1636766475,2117077989
3921,1267745836,1782708391,446006135,423690556
3922,1391016304,74707284,1241389437,316494922
3923,1674192453,988181272,1879928153,981345256
3924,119131138,864526249,1684310964,1898708217
3925,1982701572,1408525897,1404761527,2141013243
3926,602804779,418606801,1752710995,971134463
3927,1134319552,1410991636,2058514321,1934137426
3928,1899158051,500025646,1086480500,404348801
3929,1959463764,244786436,221904980,1036971101
3930,537648901,1616888841,801061219,1023419297
3931,426535995,1370149014,1254135949,2031123416
3932,1568897665,1773565453,625097545,799304407
3933,7310207,1670184972,240805560,591573455
3934,1862969759,1493735772,640021703,873811241
3935,1857589638,1672778542,2020591533,16090651
3936,1783885718,1141076085,512826114,1997324459
3937,965067625,1649829390,669570460,12246383
3938,1149593106,1320478334,328170306,419103341
3939,1419477769,1203929329,1028319451,605745917
3940,1741578128,1584636274,1946907381,474060938
3941,1652770873,1339581397,860239628,68542839
3942,416380263,446421927,453115270,927791491
3943,42428672,158971297,121593005,2048958277
3944,2025403854,515744584,450160943,721511990
3945,1017122450,1215285362,111405866,2002130337
3946,949206341,876631402,969498112,1292172340
3947,272786682,2145560370,912890427,1559460293
3948,1061683891,128445560,1933485144,1965388192
3949,1523395196,1015948702,1141306434,1764815958
3950,483160930,67212039,1002544062,146731674
3951,994104670,1102955141,1152028941,1112864178
3952,1977105554,283761792,1179846788,1956280396
3953,957506630,1306923572,2042695686,1792221202
3954,450707233,1243771620,102454032,508579616
3955,1099004616,1876442799,1856722146,1460783251
3956,110916402,77394667,1008784828,875792214
3957,1909079257,443520929,1539415669,279570234
3958,529188030,777102433,1528866847,523614516
3959,861170852,1177460313,1495442106,1315833072
3960,1753229426,1998430004,440983498,572511316
3961,1416575900,1603884321,969558904,126102747
3962,513758540,1002112894,777349004,1886786827
3963,108830459,2002831058,1777333176,1943096633
3964,50959490,677038351,1094063331,1408364758
3965,1614580923,1016100443,337895419,514962386
3966,1840070463,1383901340,226534856,1360824563
3967,1076095880,40255306,1310827841,702361330
3968,835175625,2116031654,582371819,940877663
3969,995927141,175968820,919750202,231317567
3970,1480979777,2127692122,1941566117,1478615767
3971,2035719353,484872369,1862983626,1432302534
3972,854863018,2056419774,836728554,122605842
3973,71099659,1647810262,109176593,1143130903
3974,297707326,2098276283,654435208,1849761459
3975,1834320795,656408901,721407557,1864546319
3976,1261053494,1234692755,1785146243,1804678499
3977,1530046401,227329898,1394193617,1935894561
3978,2125674086,1773410,1214682539,107489578
3979,1582095894,1941372482,854270694,1209715496
3980,1697479951,497752507,1090991053,728364558
3981,1321692289,19201057,1782445331,1924735409
3982,718632717,2059775446,169429672,558028251
3983,599998288,677649712,357463462,251244969
3984,410784558,2095644737,1148942690,375939924
3985,1782260844,379986089,1899075868,1034741382
3986,1656017317,1587717815,1000458840,126444990
3987,743034449,1720622069,1004660377,1594305361
3988,1642695098,1532385415,794420375,1298028417
3989,1663547237,1903142471,1160115409,738404519
3990,1005010554,1510253717,1333026978,843844328
3991,407785622,1033920242,547737143,1471831934
3992,1725501243,1074014629,1840333242,448991934
3993,1626375483,2016251913,1086287524,1236250718
3994,861240971,1249329540,911783072,989738948
3995,2047072771,40014563,108575119,1970904879
3996,2132184251,1841441631,68378419,1636321428
3997,104687849,266514718,669966788,1517554188
3998,1432851828,248071234,1518327871,501883646
3999,156283955,556087489,722242190,467945861
4000,359433671,1621918461,901095629,2074048918
4001,793180284,1578124050,1384864719,461539956
4002,135569194,38380396,991603357,1611929228
4003,175142448,1239097175,877009422,1411718596
4004,704879358,1269087824,2010839044,71553185
4005,1204897668,1414470742,2019871689,522712539
4006,243403204,154242466,1969901427,1922667283
4007,1449759678,34499083,181573219,1983571323
4008,124010585,706693025,1825845357,844846704
4009,1514547955,447397364,2075441416,83837946
4010,1268982822,1368499083,756621874,1636144917
4011,1648470029,287026715,835877497,878732646
4012,175217569,1028932218,1122281889,820816819
4013,1648628812,1829910157,1523701388,1514012018
4014,2069820678,168494452,608422679,439775037
4015,1691895840,1482597224,1678583860,2071476625
4016,700275344,1683214446,721460389,804428640
4017,217578337,1415329658,1844960844,1277211107
4018,1878229827,494001732,1860901939,835671657
4019,1460796416,1496135870,1213567004,1562376899
4020,565837261,508944446,1596784553,454763907
4021,1359883738,1016226049,2021857799,2143681937
4022,1295181836,307608873,1860095245,929039569
4023,497890227,731856659,1487890394,1704034992
4024,762300228,1061521615,716118920,207375141
4025,1981342976,740780732,1070653525,1257517272
4026,1580599387,1348544380,425554590,497763211
4027,536312082,451008248,421823787,1959462677
4028,1722409702,567775788,161412452,1844710802
4029,2086808461,896015514,729307780,168099328
4030,877075463,2103440884,2002879881,1019534359
4031,1743979658,537950284,1179242863,2052116489
4032,552165397,1791362470,966553930,303010340
4033,292496680,1545198951,797950444,1014732149
4034,110461881,1144002015,825303281,1502926845
4035,620801866,1400161224,1401543779,338400978
4036,1405523026,510483040,533928939,694390965
4037,1340626477,1786309075,1575732301,1207581194
4038,1936469223,1277384008,1850571329,2062473813
4039,463115959,1494944753,406154178,1276565423
4040,762346166,265933220,2102961229,310077094
4041,1263750451,69739852,1073398134,1034555773
4042,1670919773,629151771,1638076269,209045455
4043,1457447942,1741683942,524178544,443690704
4044,1694346175,216801692,298866140,301055332
4045,2056841340,715980501,2064028378,145721004
4046,673128715,837417805,2062423818,2002413389
4047,3717881,1202649549,167539373,1697351928
4048,1442845322,1526415117,212903505,1144498452
4049,252524996,1862153196,944656234,1695404702
4050,58365047,931516239,258214596,368256737
4051,1777168881,1190844550,1790439591,1738500369
4052,44636374,1766750672,240963705,212867830
4053,1090235312,1707291296,1000471499,736628601
4054,198505899,137691273,707949885,889146698
4055,412821815,1414718232,1794879479,1405686549
4056,788682559,460643606,695762410,1413452668
4057,1452259080,1148776689,1360629946,216467261
4058,581095029,928965591,1809036274,1812043749
4059,1069976583,1581086799,741746403,1547277910
4060,1488338484,223044155,662511612,1251260664
4061,515373710,1910448168,894983411,271304856
4062,327930907,1629498563,158506831,1879298791
4063,1733372802,174896306,1958501770,758706199
4064,45508979,288652778,1344822459,1009455550
4065,23788662,1635202160,1338953347,1830775778
4066,824428124,469427790,1865631609,82493280
4067,897605443,2040976487,951784037,1305267585
4068,808589713,585979972,1858848911,1173625198
4069,595118050,33051243,440952199,1618622883
4070,2146254808,1608353141,2015162206,1718055773
4071,810203096,1392396783,1258809838,1709710048
4072,1967476646,1626320735,1041070108,95689565
4073,2048986957,1365813380,606315868,525280108
4074,647823885,34482280,1961005298,984698747
4075,1969756585,843788505,545225652,839490480
4076,1622695841,928823609,216614877,2146621675
4077,144592441,1657035188,1346294711,60361889
4078,1705293340,943021890,1984821356,215191943
4079,996955579,573885339,2140130980,204564014
4080,1605729283,383812769,1842266398,1527729455
4081,319617376,576858433,764091131,1342874790
4082,1311530732,1635285146,562205881,573321700
4083,1225696356,145855721,1265099716,607473247
4084,664024635,1890807330,1368574966,1781703733
4085,191097689,991191280,314137198,1792534594
4086,246673342,1843651826,1175477614,1639644667
4087,300163218,1030073903,1764296954,398183469
4088,386775091,1833529008,1316385714,821961533
4089,1461698114,1449812231,1068455815,1014336378
4090,568032301,2057493746,577513185,2070205526
4091,1123270390,1382910388,833924120,531722455
4092,154409229,1044660935,286618084,725998773
4093,1755382433,1770615938,159105321,666520930
4094,1776635769,1717949475,145008908,1970835235
4095,1311780506,1698905838,1793080665,1851102192
4096,1190653285,1654893845,1251766117,453930152
4097,894719399,1930135114,1325362968,1029787871
4098,540924135,906752037,445148055,1242047838
4099,593283672,1101641991,1690114632,1590358877
4100,729459265,1545950106,79230434,550606457
4101,734492983,356790108,912576910,242216262
4102,803594108,1704204281,1494276853,1932899491
4103,1274860301,1002175130,618151653,686113707
4104,187058176,2119659637,275105201,1931249862
4105,1395887530,520863547,1556360643,1402846533
4106,405458742,2005400287,1590245043,29840902
4107,423411267,100850769,969677606,617684913
4108,961077189,225923668,765034812,1538326861
4109,1085140581,1048572703,1155355043,1577731437
4110,1557101036,1143921798,909679066,680012585
4111,1083885259,428255307,1247595909,1169546292
4112,1138364362,926806801,1953393897,89204640
4113,1339598990,1624164789,1708031405,1663628356
4114,562615224,1720111589,1850982167,188752285
4115,970707609,804750192,1339736972,1428131393
4116,1150244061,1215810340,1721433366,914437332
4117,882919921,1098064254,1402027098,1537531979
4118,572435874,431759556,1876859302,426905248
4119,1832996318,172195478,378616089,1622024621
4120,269993438,614273672,856363158,123116313
4121,238384599,208308330,316918913,647503818
4122,124947908,1338043045,942022128,1262289306
4123,2009325569,693868444,1801513677,784926368
4124,1969724973,1886124583,290664903,507509348
4125,1286281007,888398726,701785910,982736862
4126,1187726150,179499165,509434445,1349697216
4127,561492009,432664702,742821868,355693673
4128,295749244,1058324445,1511197967,1488953169
4129,1650676,305244830,1208599957,1142701411
4130,372375784,1574849693,1570498830,2070172966
4131,2007260396,1564140224,1304919271,1242250187
4132,1582508593,1679480323,1354806730,1466608682
4133,727998041,416800029,1972931694,1194668272
4134,1385197607,825952463,2035502804,1687305057
4135,1972664253,353408735,1801013255,807321550
4136,1782817621,1196157663,818118760,562017946
4137,1821904052,1177834215,1841214389,619297134
4138,1065129113,1416535360,1901742374,1705770884
4139,1414193907,1541702684,993315898,1812175671
4140,862073181,474098594,393917109,1781070280
4141,795599568,1797814859,1582874371,1353858679
4142,1917778233,1824261909,1630664089,1215342077
4143,869630959,1514280527,723067290,380892385
4144,929232560,3364477,1361587986,2009111159
4145,2136138857,1523848689,221298120,1172754851
4146,462679389,977047075,1418856241,1035996768
4147,541069056,413150750,289889316,1633374986
4148,1689347244,273101246,1635763216,2120234054
4149,1559768317,1187320986,563537381,199988944
4150,1937873070,1407308621,896758132,2088217953
4151,2081524301,553458377,1992222095,1059072822
4152,24256481,1638591883,2008838170,1065473376
4153,1336371075,687600580,1242408289,1877507981
4154,147982377,35241411,229829367,1139990381
4155,517057403,545302999,593227193,2092338280
4156,1122143527,1822293968,1452346898,1899106724
4157,1561100345,1261979142,1749086721,1308711997
4158,1699522947,1549913661,1731826923,1484625767
4159,477481353,784215017,912659515,1805926666
4160,152577870,653220780,1076290508,1036761035
4161,528305397,174283830,146675056,1475780750
4162,1963294906,220308724,1651207176,668832000
4163,2007980919,1559343230,2069581914,228338929
4164,1645832021,603979155,790050468,1112727220
4165,52356793,130079066,332561401,42396046
4166,1749650694,2106872271,1955988602,1047192971
4167,1372031322,418653692,1193652109,351927064
4168,1399481962,1073248286,2032203612,1654766988
4169,361277507,188293061,73362728,1417750085
4170,165234610,340442441,1975776302,69960894
4171,773110521,1851871676,835045863,1858866228
4172,231770662,1259301855,646297448,1050180967
4173,1935660265,2061164195,696432336,375884306
4174,380950671,2137158223,52765105,301648108
4175,847171977,1711463637,2127204828,1197714434
4176,1354574582,1369166200,1378747118,1142639258
4177,38727848,1462766278,1177927049,464893125
4178,994688106,140312980,404338248,1509053394
4179,871170944,348072897,210676260,1231931791
4180,1672433689,162097566,507888237,1395573201
4181,85736731,1738376860,1080909374,445325224
4182,491245426,813656503,1836195676,640490144
4183,1982819667,1730367269,237173117,280582981
4184,1224148839,930253575,548248239,1098748902
4185,963598515,134001201,1441478580,835854003
4186,2086335940,217441510,1175643410,38954622
4187,525792637,1882446693,579113470,768644485
4188,1968225001,2029450479,2018062791,140453406
4189,1318413170,1282897845,456323964,1493593706
4190,1880834361,1747505802,686116229,1736018313
4191,586119677,1107989695,624121559,136094182
4192,1307836804,1749929353,1615342069,1619315080
4193,410728912,1450791819,112647887,1676154146
4194,583478731,1360762439,72672153,1941049086
4195,1208662443,1273453770,1530021194,1369642720
4196,1130905401,301960402,481876716,1842104211
4197,1546475821,677059578,602525821,228067717
4198,2042727345,933048357,881973824,57426090
4199,221181174,506996728,889825560,157067095
4200,268269718,805223569,1606574583,552670527
4201,236427434,737859647,1308104516,1462704714
4202,1942963377,1134604038,1825435333,1704722598
4203,2019142984,995537589,1482648644,1532347823
4204,1121819340,1036113765,1658002097,337440779
4205,2026468477,1551033465,795179921,357588351
4206,1829811922,1361920569,1144735185,727979068
4207,2031092471,1363287426,1062461014,376787284
4208,2133700889,1324228684,1474541789,1034325826
4209,1852442966,1788549837,564521427,750455996
4210,979748194,1061787090,1549235068,31418823
4211,1776734826,936651995,1393920050,352434241
4212,72912091,752672135,27245445,20360623
4213,51389602,1122403692,1382528577,1489633313
4214,1776963571,1012478017,2035470591,1471875888
4215,1418031796,916318390,1982775064,143560502
4216,2016027917,1441862906,1455080177,806410171
4217,1350050696,460365407,1885873733,829476796
4218,427239864,947306910,113295622,538169133
4219,1602628706,2057484456,1279505767,1898798014
4220,262693491,1927568491,371309774,299039768
4221,741024969,466264948,1256795590,361353353
4222,673538299,34849759,1224370674,1473034974
4223,2127014106,297963666,1229195325,257193959
4224,1708194383,2080399,1666330688,1641747428
4225,1482310895,103856912,327819759,1886086048
4226,1681086211,1964355205,662136168,1239536235
4227,1251350423,1624683911,1264476281,1294804941
4228,649279632,508855851,1385863754,637432318
4229,1484907612,578154231,1513109785,1102175597
4230,376254046,398808640,1177148972,1891086822
4231,1231103561,602520150,761337734,2001898951
4232,470589630,90881979,1323274926,847521788
4233,1683439739,154386595,157543997,1306499423
4234,982691286,1966246346,2116859650,1787215772
4235,2119456316,1358286038,1156216910,1006252741
4236,453253757,730225282,930675635,603370848
4237,1848576907,729755632,996545826,1367845632
4238,85627187,300780816,27436738,493867187
4239,1547724276,2127186073,382188273,831241174
4240,302237197,327919630,844381000,745457220
4241,1023212271,1401615296,888685807,1449049783
4242,1336218171,1508688697,9150668,75859544
4243,81194801,1857421273,389839755,2107168191
4244,1773045647,1405976910,1659531979,1024316172
4245,294462292,381547284,1642191975,765005489
4246,1923231601,1961730003,1011642749,2111043364
4247,838945308,963331684,877329544,54511744
4248,1345183372,1303745847,2093408638,112913245
4249,469632584,503679435,1314454092,310983283
4250,1743845798,11385171,812192312,794187307
4251,402221797,328645682,1170599678,129590497
4252,623447977,1640169489,88703192,168756988
4253,736843631,266142157,1583106651,1513899961
4254,2125845761,33772819,619225529,681698775
4255,1897772568,313532942,999911889,1162946598
4256,1883684044,821196462,1118335169,1574457106
4257,921913105,258446105,71736282,786084158
4258,1257934049,436307034,1152423094,1074596700
4259,1927455950,1634418278,726068131,962182798
4260,1720340634,1348483799,806352745,332735484
4261,684602072,2106613478,1551860623,1233062181
4262,879646876,2005534052,1746551546,1339657547
4263,2034357335,1589049659,585472365,2088901239
4264,261268731,367315808,756183469,1075154634
4265,529527024,1139071615,2036151628,1430300081
4266,783026670,1510069668,57698636,546500990
4267,1271591919,1057632056,728648201,1649254306
4268,1434946440,1645306698,1905931161,1543525404
4269,234157773,1428750536,1402177315,1990312219
4270,535396241,1640632662,464176496,1420269997
4271,1788813099,229541483,1343701602,405127301
4272,1902508458,2003007909,1308060957,379801437
4273,563123434,1192217148,1237646661,294652151
4274,808193173,332287026,30424637,665742839
4275,997193678,540321079,761569706,154314914
4276,398498022,1589495883,243556521,1201712167
4277,805861684,1979036516,425023630,1055986028
4278,1080242315,460387826,1090430669,203083714
4279,842362937,1483802397,268107521,701747904
4280,1859712760,967018141,208523070,1467808052
4281,960765609,1953867166,402747696,535496108
4282,894104963,258509062,1696489778,623312092
4283,507600838,1345096996,401343808,1647225747
4284,1437379576,1838050754,1261500087,1144169901
4285,270136533,1579670627,1426594092,60856389
4286,1916262591,762291550,128219738,1733699030
4287,163912819,788563355,1355510651,1360817687
4288,1604848108,193736286,1665730251,934855417
4289,906294916,1445380314,890351177,94780546
4290,1579152761,2136587442,639986955,2126734508
4291,815413286,1038518326,60622343,687125491
4292,276812219,861425949,2074602775,2101575857
4293,1926052069,914350230,1740930862,1950567484
4294,1560006691,264446141,674137299,1999102726
4295,748803432,659495408,1782192054,120270100
4296,1874260910,866689205,209504762,226952566
4297,797333745,1966220698,749236258,530935052
4298,1217608407,1443489669,1132369093,1460822528
4299,489025530,1053036880,11385855,339177249
4300,718709560,697755073,1030312966,111296434
4301,193603694,2125536745,1893521946,1583920045
4302,248308281,942214684,217908380,810976669
4303,684289098,274701397,463425065,599971333
4304,1724953518,1081179725,1436065096,1577797308
4305,861890089,1246740848,723014793,1168755797
4306,792086423,729540462,1931576729,855783236
4307,2067670207,1356882620,956516290,67037412
4308,119879003,156603933,1742033338,1170426735
4309,1223837991,1101870053,306802969,707735082
4310,109246429,360590425,1802123626,1626606066
4311,1188956855,2068750748,454686823,576067513
4312,2116609555,1111858168,1448507791,280839633
4313,920903903,1500473230,1132732956,1956530355
4314,2126161712,506303757,402569978,744462663
4315,1734627523,835183033,131920984,723776761
4316,4997913,1276945501,724630123,1641937454
4317,1753592495,1363582972,1915726402,130590511
4318,554042839,448016993,1910035907,310546435
4319,763458169,1975440360,2011925694,1169254381
4320,850875750,2026711050,934183712,1551173352
4321,1615724461,3958144,1100991249,245480236
4322,696447381,591637823,697219584,671212791
4323,458268094,1359607824,1800965023,136765270
4324,1333311239,1601908897,260354236,1753058210
4325,2105437583,2078700104,1011158483,1779849743
4326,487178594,1578296012,292154909,1856335320
4327,472782087,658758866,658386681,159831626
4328,371064197,1225327409,649102011,1912223324
4329,1030097614,590917594,1265285242,1865964033
4330,2063255019,301729166,29659105,196333299
4331,610763797,671621560,135219165,963555885
4332,119723373,1436679552,362261261,275868959
4333,554407420,1208468174,1919516892,559521590
4334,1361635819,253153897,16608612,998868708
4335,1321771835,652458489,765012719,1611458305
4336,374974170,1457876381,592078773,1569733635
4337,1358410845,3741827,574618448,873417425
4338,1992893445,66818477,1830837332,2130778842
4339,1044091508,1788507836,253899214,1163104221
4340,1832293371,1732399131,1941246513,1124290238
4341,360358710,789384399,1542399547,1052958008
4342,1368620889,1221002662,1033172548,1883870640
4343,1958527305,719220993,168696321,1920340297
4344,2053710705,1432381559,981666131,108159662
4345,586393634,1597197466,1365107665,148645018
4346,669473851,1515338670,535629933,171309611
4347,133658579,307408393,1527498846,2147366383
4348,753876912,1555398898,1160749094,1122517209
4349,1010155105,617512242,241315933,932740197
4350,149917085,675904785,279549314,1319627364
4351,643156778,2045683838,205182029,491624912
4352,1805550994,1504793053,1220507020,2077862797
4353,134589771,479111154,2076063948,1511338391
4354,1977555576,265097720,1035961197,1564139360
4355,583834078,379207770,1246176512,1113256115
4356,1393955374,86223567,2105895572,1903310822
4357,321518969,1972565452,956109468,590519369
4358,2007858012,1504997595,1436601006,1904662644
4359,1175144776,2040949722,1673030717,539631741
4360,1054359488,323254060,337073288,480529774
4361,1293383197,1639843176,346956736,1629670807
4362,1887681669,1923007805,1617076881,647134744
4363,1589959190,1809491374,1582352325,1107316367
4364,1327414417,800695391,88489044,660641391
4365,175407207,663271233,793923956,1453312430
4366,1905494547,1611741130,1301341129,542105289
4367,759957004,1969869890,1941549337,867269466
4368,1398921954,1997923760,617423423,1376162750
4369,1604679091,843995673,2095487557,1315086808
4370,483154293,743336641,349726952,182156191
4371,1046900335,307205032,1004276424,1696217037
4372,1388580572,463023702,331866240,1583865983
4373,510885321,725613020,1656792256,2112571018
4374,249322179,424480804,1932215515,1675519870
4375,233782316,650741963,594363476,45695972
4376,1613043379,1816701504,1885171370,517308787
4377,1924890727,961883923,1658881131,44381250
4378,144665420,726934421,76342078,738604462
4379,473893791,1086004113,683066348,1149916550
4380,8180980,1371975348,1826739532,1443202408
4381,217382866,1315418670,617484484,32448015
4382,360784868,12878058,194614472,545069205
4383,1913433407,967076065,834689129,36161701
4384,1073124196,944374561,218256304,776229781
4385,1508152535,48311049,413420600,1168479453
4386,871448735,1420701322,1662127966,638885601
4387,1211133033,552898313,861439322,936936281
4388,1002690687,572415776,1787882952,1851833268
4389,504017905,450892736,1119558193,1500597644
4390,239090204,807800127,1349006699,266586260
4391,1169049818,1577574217,1087714437,2900607
4392,633429192,1259139820,231557048,221937918
4393,1667223758,172897378,769003701,1192394076
4394,1155368375,530162953,1131319488,490988150
4395,817550736,1074171679,1532453166,125004103
4396,780843826,730206183,1145842298,654374410
4397,333038105,1514931122,1304065239,1180589
4398,1041687547,1353231632,1506422881,1466431359
4399,1490646102,170443042,2090103004,1137830016
4400,619543601,1879261400,104189902,1360474166
4401,738961631,931711565,1722297345,1689989981
4402,1802026889,92510192,883383172,1143001567
4403,557172596,1431987343,1809962375,2136064498
4404,1374756096,1243943216,1735438165,1149525647
4405,1949995904,1957001670,2011371207,2032976142
4406,724063996,1901602880,5937226,1987890370
4407,47800092,1751608868,1164633947,512594644
4408,1017503839,1435458378,1786729383,1508672115
4409,1995866822,497202918,1427991922,805968801
4410,1914099696,1418777699,1317115654,1526099625
4411,967971514,1345495515,391693300,2000053956
4412,746549803,384985332,566075815,865667921
4413,644407194,1488479091,593920876,1079879419
4414,584841036,1274041628,1330528809,95642280
4415,1293809364,738656682,565970882,2112127694
4416,475041250,25158378,166406515,1605115882
4417,1813203412,2101109840,1767498192,795503720
4418,572905636,795449026,993654916,1395071400
4419,1724075553,312654557,736180533,1571286431
4420,339436487,1796255369,1374825245,1314602530
4421,713792170,1634431689,446101332,74548587
4422,895261118,368867387,369317543,1440538159
4423,1510013103,2144317869,913534125,753949144
4424,1703316906,1598908923,758771203,976391754
4425,1305385966,264496619,1259051180,431809153
4426,723653079,964032954,670712100,404829951
4427,1077999279,1007945553,1285892435,1059927465
4428,512628793,1850814861,1414877165,613671081
4429,583926710,717978627,754308601,2017963922
4430,1668509029,1140931116,1541889553,47943591
4431,1544462938,1747085582,405596578,1305979957
4432,446959598,1694194885,1476390430,1006634761
4433,976729784,1895281699,1889478731,925547081
4434,1852157163,1315106135,1047885323,2057289003
4435,1168613007,1987484214,247754023,113108597
4436,532824441,2032692930,2088613428,1406857461
4437,1755996267,1039587253,711975237,164412800
4438,818619975,357755726,1394661729,1200159034
4439,1195255948,919262490,1297067999,1593256495
4440,765381785,2015020970,175546420,1658937711
4441,69002724,2001372320,1359158476,341883438
4442,1230889632,416831508,704795361,2014941512
4443,8785597,1906466283,166107221,1271134331
4444,903030259,185956093,2032036521,1361960143
4445,1748858997,1206360434,1221073377,894415702
4446,248141910,943013649,161009416,943761158
4447,1423605062,1727042689,1978194500,2007904236
4448,1601033393,181509091,63060739,988407878
4449,1265009714,232541816,800501487,16656862
4450,657591971,1969958044,1725955234,1381649612
4451,342995010,1752872480,1281784903,1734233575
4452,1617010919,86783718,971990835,424015363
4453,1755376393,299327588,1341055110,1751334771
4454,2003150350,407017322,1178633575,801717711
4455,601163808,1753347873,1485732982,154039650
4456,275843826,85138148,1632680866,599372918
4457,156653988,333638409,453045010,728241892
4458,196386754,1214701225,1081047185,193951725
4459,1847452930,1121215581,795771454,1007140563
4460,1129272129,1555431762,1226517469,1463806517
4461,1465161746,147205486,1124072652,1042388292
4462,345581943,2109139071,1967153263,1130634409
4463,1637613749,1004855510,509568543,1994192630
4464,2140946677,1376959957,1558143348,469426067
4465,1869284415,860271864,1191620220,1908834996
4466,1192522505,1916750578,140770610,1541163651
4467,902395800,1971230612,1978652548,2015433012
4468,1173400845,1373273122,1080137879,1940452184
4469,953186527,1604635302,1270103630,753627769
4470,1737267013,1621622275,1617021016,371133725
4471,754176031,1143348860,146925830,1239367628
4472,1285543598,1331021545,1006228313,264763655
4473,163451723,1584252728,1500141158,1955017913
4474,2072060361,1553174283,1348194937,1110374852
4475,244521948,1228865699,1382946024,35812207
4476,1872828233,161081659,2044596347,2076134716
4477,86096980,633058133,1112576852,87664056
4478,1771296255,560608070,2097355135,1849004485
4479,1766223702,841687350,2067888065,1306884067
4480,1746236979,528760328,1713192763,669293714
4481,1713153137,1443863479,1299934907,344474398
4482,799601413,154791450,49544848,384907909
4483,410998622,1772138467,2033493679,1661869834
4484,750049588,1073335306,933400386,715128599
4485,499801297,792060937,1746730423,531546196
4486,856889888,836125875,886674532,146875021
4487,1995858745,1235629328,2135810649,307000034
4488,1475142758,1426028504,844742310,139209842
4489,982284722,622500966,1502421261,471671941
4490,880826448,2015993134,1005960204,859176067
4491,1054501104,2108517897,742380508,763985714
4492,359733599,2099310739,560651829,1162040576
4493,1865343267,429691308,802511169,789045443
4494,1971515200,559554721,901985767,1713528827
4495,2029820081,1115567007,1982821938,1837186038
4496,471872496,76576442,981161948,1483360169
4497,2017470565,299901965,955010295,924437571
4498,1919375580,1883013441,1421574879,55987161
4499,710913074,585559863,89804687,890838359
4500,1416014998,424159798,1580835131,671920555
4501,1750698575,1008606240,1974456565,1794716019
4502,1402652326,806753326,73451376,1909461232
4503,282328254,658797953,1496303653,1885670933
4504,1027321321,1143879570,1472629106,1401057644
4505,545692987,2147206879,548610302,516824225
4506,161566916,1641547624,1652350594,603764412
4507,1716294586,1797466355,1463209168,1895400321
4508,907727800,1396385787,206787592,743931906
4509,1841705052,1594848904,1120873356,385434397
4510,246682359,9842631,458712609,98038635
4511,890049235,617055169,1597448070,1196964099
4512,56258327,191506782,1844934036,1974649287
4513,950703188,2145623862,1284610110,1939828842
4514,28889370,287589559,1515156693,1117873417
4515,271597860,1642183759,2069901098,820504460
4516,319295074,1757807,2134973258,822061576
4517,2118591911,367940724,398166014,1891214081
4518,621741505,1914536641,577181027,700186614
4519,214501402,1064038456,399088514,1393838955
4520,62684124,1880427365,315009844,1477613308
4521,2118397738,61128779,1128933462,1905545180
4522,712254965,2101793151,225473458,1547864791
4523,1715174494,1721010081,1170710904,674813164
4524,818413052,1405489613,444523824,274290285
4525,1992084327,1025375830,889351218,219197892
4526,855424328,2001152892,237654886,2058553957
4527,740626411,1199351755,1863684471,2030772365
4528,199404381,2127667912,1286166935,1679977241
4529,572290550,2124068750,2059258804,1770035105
4530,1288788220,684714210,1914220124,1613492754
4531,823769997,591389359,450404942,863247157
4532,254704645,21667215,185946520,1602437702
4533,414905181,1982800602,1633319191,674453205
4534,1292961236,1474033421,1420106285,2126187055
4535,1542749831,1095144211,588372627,1978036747
4536,1223972613,1745033760,1286028476,496304525
4537,528153077,2129553986,1564143262,64960560
4538,1873341763,1393491145,1732087577,811530576
4539,1690765973,2099270445,1779908624,259727567
4540,334826294,1798793702,1983929225,136745363
4541,1158613619,1550848545,1640416840,2350896
4542,782167466,1221482716,2022258284,1448184428
4543,95659753,1547437613,316801245,1436883098
4544,184880585,552513474,68378824,472908786
4545,1283276471,1956079163,995029767,1395682268
4546,92399478,208196056,1739895352,1525256674
4547,2011679329,1125673043,1747362262,1243002671
4548,854456051,145037462,1134398183,1518220328
4549,1049721762,1025534241,1179037032,453501253
4550,674524896,2108170032,399579619,1518532888
4551,949809813,789708145,822242705,1278109912
4552,2059658041,334642555,922471115,572650222
4553,84916179,794809351,1767797651,1422261508
4554,1690938028,889509776,1009223241,1691833835
4555,155606798,211064000,1424748744,1709773053
4556,2117449672,597244364,1324795871,1034732062
4557,1291090744,1909042793,1903049325,2015397391
4558,110351587,274386169,271498421,833466788
4559,825574832,507347988,144659207,1272218473
4560,1824176305,927551295,344565847,663856707
4561,404556327,1185384024,1756969667,230867795
4562,1871645531,256726738,453766617,1029172080
4563,1282913583,2146839353,833067844,991733523
4564,330687069,1468520042,1099771443,674890843
4565,81675127,394423521,637852717,1657377401
4566,962324471,1877005123,815294078,1308018740
4567,641250461,1078173731,1245115138,1247171485
4568,1969791230,493641329,1958594251,1311943210
4569,1650425709,1332905538,2104428673,1690809879
4570,1592540630,2032987802,837443767,1111381400
4571,528624669,691125085,539614946,1241950995
4572,1463344494,515862536,1730797137,21953135
4573,697704778,1695432837,1135319345,777578226
4574,2044231145,1776916144,1782512816,2019117494
4575,1214187459,1369185713,1961260447,1177549365
4576,1062554851,986691064,1667696896,1237739145
4577,980020501,1771010223,1212765895,1107981789
4578,123945777,1114050066,1222873818,1650784653
4579,1471000390,2050131322,2017961218,401179907
4580,1016836255,640747246,1399779484,935261524
4581,178077621,286002756,385014459,1299303741
4582,1993462897,1400732713,2115537523,595643549
4583,1298958920,62529740,261823049,1456404392
4584,1025692761,1151476635,1269275404,2091121683
4585,849738291,858343443,454724248,986242822
4586,1221440331,726888338,2072082050,719323583
4587,536117684,286535523,2112957585,649340327
4588,743605321,1225778862,929950938,1031878035
4589,315993040,1314384280,1268744718,114108779
4590,264546328,2075618364,1172531466,508755446
4591,1670474402,1336394779,1619742574,1434138104
4592,132105037,1745816686,483867151,1222375561
4593,1409172131,1778437659,1399951660,1738407782
4594,1338393810,1810636779,1341007382,1365406303
4595,1847905193,1576610528,1049412786,842821682
4596,2047245263,153930016,1329109831,457768158
4597,1630360723,1683000642,1457505070,1062378416
4598,1290394888,311404686,2064304383,1564475512
4599,1152781358,644693949,2039127599,891625475
4600,1447982769,200201624,2075816119,1214004481
4601,896053554,526989514,1149629456,1217548639
4602,491301438,1266458836,36693503,1462874137
4603,1327523426,460537389,2090609444,1648982400
4604,144408900,1905987179,1962777329,1324914712
4605,1289900567,739809862,1720646649,1977210730
4606,539708848,458194178,599357797,1772045813
4607,177434459,862388509,901883789,2023730973
4608,1915988011,730878409,1824387397,1262761169
4609,2085177325,1305442992,846303516,1936292020
4610,1512091993,1154105178,495951505,6735110
4611,1733574862,1547921092,1804796639,2022583260
4612,756836610,4061157,972979314,1441727842
4613,664541874,1493189626,827953561,79414293
4614,1910362325,353659239,1239030024,193362224
4615,2090836032,1146904685,1395069790,38183770
4616,708295642,1207188420,1948981081,1866811413
4617,65778936,1885288247,64321885,1447825032
4618,791658228,429714624,713051733,1124011604
4619,939041354,928674995,2144642145,1669408271
4620,416829019,1065384423,1036175969,1434355381
4621,1583993197,1353936108,1803466473,850524821
4622,11762573,1281110758,1513917797,2051579537
4623,1804976073,355571437,117732203,963274686
4624,1914714159,440372034,908188698,1000034133
4625,113364252,636996341,747769459,1921009826
4626,1587805596,2095543204,698762022,1696035947
4627,1583515921,1374020213,1177594389,998830870
4628,1493445018,1356165915,2004074658,712643864
4629,958665557,979017225,760574902,1854827171
4630,1674025798,1541293457,382778583,1867797851
4631,1563699645,702573008,1297122006,1098514761
4632,847467508,253214837,355020676,51914102
4633,274619247,770637529,1016916572,519552070
4634,911708301,2094016011,989058535,413015072
4635,5272872,1268709377,1721612695,1923838090
4636,1378762257,82751315,1723568509,1474351748
4637,1249849457,729765964,66817570,171050512
4638,308385684,956419171,1548695877,337722985
4639,699762445,2109300251,1750548244,1180598004
4640,1014391115,1591490392,1176855314,1608601088
4641,2029636079,2024669990,1964299057,917872839
4642,616639939,1603053748,2074087071,327715042
4643,1229298300,488456602,1997816431,1586933989
4644,1090442663,1334298846,1482762568,921363634
4645,1604558605,1715461294,1893991855,1733062248
4646,80811989,131709172,1666479628,217976269
4647,54124630,1698455089,1005426371,1163998278
4648,1840461525,1627803231,418051857,18483386
4649,819871230,309839940,1456375918,358778381
4650,1676574733,1777342061,2132066810,1895165559
4651,557644134,662608898,1431996985,1212632114
4652,382107714,12742708,284219490,758503240
4653,1114853571,1659461958,230030012,278766689
4654,1212450731,691845545,2063052097,2051611968
4655,1983086274,272571702,15476602,1768728576
4656,1604682437,543785440,1935595071,1486505674
4657,1585347108,1032939096,1931138803,1763530280
4658,1492446474,1712166364,93807862,140074881
4659,1812724462,875025187,1194595210,997914484
4660,1831708012,366484074,267092735,968714799
4661,1239866809,858075451,1826422184,1187501188
4662,1685673241,1822001061,1562382382,882643167
4663,282551787,1153466989,518985370,875642952
4664,1769191311,496962086,1664657121,1567923783
4665,1184455531,855113548,2107339612,278212975
4666,2032037756,1668672437,157666729,595425025
4667,1752443355,2134172724,1422237298,1085433996
4668,1572034934,1070624244,1526351982,710524636
4669,1243887434,61486373,450847110,1834408949
4670,1988434215,1369369449,2089846296,1401256616
4671,535312701,1178812126,1094758569,1931022164
4672,1174192649,477376161,1034660364,1881878155
4673,770842551,34487248,1463629377,1387488412
4674,1618786330,1948277791,2030749359,654941579
4675,1568304617,1509315883,1444924046,1661451257
4676,2030404691,2005772171,1468667401,93707053
4677,100476399,2111666305,2100649400,385263397
4678,140113322,2038931725,528818444,896508366
4679,2067448170,681355878,2138644519,361115584
4680,1100129885,883153366,787099405,1776886415
4681,511860378,1684288336,1759408773,451369695
4682,1126471639,248708849,1516803855,184630800
4683,1927655499,1153041167,1062204792,412933705
4684,864317557,1458681029,1126951609,2085472566
4685,722752799,113880938,1628433177,2127225902
4686,1845350904,1383283877,1630517722,730248145
4687,48287783,460590690,906053191,11915533
4688,554101734,38293494,391621884,243143364
4689,1378204127,1595168500,1625449021,1391513173
4690,1923278277,1520505254,555626029,1437014778
4691,1835895045,1991498000,980427413,884242814
4692,303717180,1783599580,451321081,1662228679
4693,1339028179,1309835691,2102101662,1791161705
4694,857159239,1599697629,1329257891,1673328401
4695,1830329755,221853763,76870024,2100084237
4696,344372322,1409669266,1612511500,160680296
4697,1146373275,1912614666,1436951926,1319135650
4698,1547788057,992005587,1160602179,1947469488
4699,1177569292,1860148744,933565450,1940561283
4700,1016509926,751009262,1737963307,186731512
4701,799001872,1143586918,575381052,217823769
4702,1934800727,1325057211,1511113958,1480435890
4703,992726629,1753584910,126856520,1137820141
4704,1160355662,1668720623,602805070,506101296
4705,595859826,2097063862,313071405,1757804746
4706,472995745,197256812,404643934,523768954
4707,323393958,520528126,2093924286,1196032858
4708,1047831523,1146842355,1695845126,797335649
4709,2084234953,1541529924,826214909,1981158133
4710,370001155,1026827217,1320244123,1145711474
4711,1916397376,353852121,1006690828,584608542
4712,2080933223,1433588008,1059049378,1525092931
4713,1682088508,232852061,1283510990,115899312
4714,1217211181,169038528,1287917611,904359672
4715,9102911,2027938887,1623251201,403399432
4716,2048289905,901481791,2093024747,1584717586
4717,1011062005,520389690,1113918247,2026572607
4718,297775907,996160943,1851513121,7966467
4719,1483516489,2008015085,1444856900,1110214496
4720,1912849416,1991955313,714441075,1546598568
4721,1702120521,896601473,297351941,648183716
4722,1678133108,698274905,1285633833,1671677553
4723,1532482975,262299695,1915978803,1087274510
4724,1207181963,197910916,1712215340,1891635938
4725,1644352534,1872630715,495062043,1977376186
4726,205956225,1164335590,1308593631,1042733052
4727,264459537,457746518,1107564513,646307751
4728,1057484271,1890212115,1327727700,2006563211
4729,149592982,33723744,1832649821,1679450417
4730,1585833301,1554904931,319915652,865524847
4731,52653989,920664450,1674293428,864071123
4732,1963248755,174946155,1761826505,1849995953
4733,1113064767,1162760364,322655490,1366163764
4734,2060064401,554939568,181801319,31081975
4735,1892919713,1201224461,6852558,750239182
4736,2104137435,1147034521,1821281332,1564485592
4737,919287162,117336275,1373467530,192804834
4738,1682057810,1451421414,285543311,1778150206
4739,19748794,1627328926,251551541,1977410888
4740,2062966,494840459,178031898,1812998225
4741,617778961,747087790,1053170190,393699258
4742,1132976678,446573963,1907310111,553448776
4743,1041658105,1088771762,446074281,1130774551
4744,752172091,1219975837,961905650,524058056
4745,1445487330,1107520484,1339926075,1175764028
4746,237945441,946287203,715342566,370137789
4747,1111490332,1539406145,383017114,194822780
4748,358558854,1859538194,618386573,2104034645
4749,1610261544,1832113565,845130966,1337646852
4750,626771752,91954747,1170489492,1945335977
4751,1938571845,228061042,1583986856,1590933854
4752,756735673,585703992,611669455,551727199
4753,435243419,75256260,1603401993,1717641666
4754,637230561,364274207,1002289719,927194715
4755,1519116055,1466978252,718919815,1761709334
4756,1095797315,203933596,731034127,29304081
4757,1070768565,1487988389,590742422,708920387
4758,1234627819,753723962,1268786894,1196370666
4759,1619440576,1601093254,246532726,1743039967
4760,1915900979,2128852421,506862402,296372269
4761,1159856608,2125436845,98183414,296447274
4762,542873246,825910873,2108444180,1157389807
4763,1789181144,1503888971,728337905,1764103571
4764,1039001266,1688037271,1395862908,795349577
4765,1155957001,1057379415,312932123,122227224
4766,23707020,1047895710,1642289735,1708800419
4767,280245827,1272001836,1746633744,189521081
4768,910323729,545962092,365676115,1855909532
4769,1017911699,1268233785,1801803765,883829390
4770,1803057896,1598244759,739823939,188310855
4771,476532810,1676273770,1769201787,1602069906
4772,57259354,1986073429,1043893604,888968684
4773,812654168,1822237170,2107509781,1898196435
4774,1518775392,891894759,18637521,1003984811
4775,565197909,527581044,362705621,2035810435
4776,1833885863,1685637286,1453185077,588008106
4777,2003671638,217773738,1324422613,1291606088
4778,1650377703,1987019556,1329403371,628667695
4779,2105139104,664887288,767019241,1731186947
4780,1950028241,1602933488,1029917539,80251364
4781,271231329,300528167,1720313430,371352750
4782,34079808,242620437,1247113248,1168956333
4783,937094044,1305879024,328958652,1744079579
4784,51120161,214235204,1538073753,1760169304
4785,737640698,498209417,118405970,388117814
4786,180619169,296688185,1077385926,1781071109
4787,1692319744,1753890618,2059280279,1461205571
4788,1699726433,197416126,5502171,2016813107
4789,1148824701,1618853834,1282266904,803124269
4790,641576177,1376643480,78892708,721006227
4791,1963538789,1185444851,978177920,489189203
4792,166698624,1198281892,2111055759,1631434834
4793,352942422,1829716235,2010955320,590969320
4794,254772633,863808283,576142128,1322090170
4795,36509569,1044466128,1512324954,1251852979
4796,1360342330,609278531,790355400,942758292
4797,531390505,2681604,2014329085,867751344
4798,769230236,598758108,1694337234,1818562572
4799,1966843968,1699679623,1906670082,1179387600
4800,2135111761,1190845057,1022081639,867788964
4801,692882939,1936342974,104520342,737157851
4802,804294634,1825445378,2134950760,1647362379
4803,429429076,946983330,932180717,1293617607
4804,1644917775,1629888382,385873426,112002511
4805,268177874,1915663146,76498162,1423831651
4806,785724134,1752930690,1449813789,2014230795
4807,1037877805,1069810850,844768632,461032172
4808,574553164,1841351912,449338090,1167662244
4809,1200664268,970625732,865782711,802276319
4810,131360142,949404681,1102618929,1201108847
4811,2103628453,799874461,504265699,1693362026
4812,1862546095,1561610548,878283593,2067020280
4813,2017316276,1087209921,1919468149,1487513190
4814,1294020536,1439319920,2040455870,1729653508
4815,926893558,461546143,1053091179,2006206171
4816,1702191958,659720174,1273559719,2052218383
4817,1725178193,999239043,1715583799,435766348
4818,1935271340,1356720799,1656118089,1593108756
4819,496642339,80331283,1230520015,391868789
4820,433756069,1555136081,1290248244,820143473
4821,1823100807,418488261,1940293515,1064018010
4822,1647797190,610632188,1349767413,246876355
4823,388922498,1611227529,473586620,1246175477
4824,1592728458,26544004,849040281,997468983
4825,978804887,2118525743,1934927730,410178505
4826,1924285686,1056169276,337790946,1912672969
4827,2072651948,1508461059,2008167296,58634328
4828,1147461930,1710060586,1092508065,1767288
4829,1058386650,544851578,649234130,622983823
4830,1394186432,1265505476,2103840122,594158038
4831,441190906,1808173599,1860157967,1286817723
4832,1414663074,1221199635,1586799355,1209485958
4833,2063958019,1558282297,786226756,386331118
4834,817106431,1781924538,1073147614,1402219799
4835,1491459549,1674187005,935976582,1587106113
4836,1056015300,1363807759,356736198,1132271928
4837,1033495522,1620957520,1077427316,1116627987
4838,2041851652,56140157,193476719,1623751977
4839,544721345,442979243,2064714186,1714732789
4840,70227357,2070025400,302128074,207714556
4841,604515218,1292454950,1303501780,1698989956
4842,1891923958,742047344,1632596666,1256446482
4843,2034607776,503691131,63617758,241972313
4844,1793886895,9171098,224499513,710912633
4845,2061536686,685068554,2005303408,1622936054
4846,1842260960,530686078,2130032240,2085824249
4847,113136631,1644834597,8415607,1161924061
4848,347433683,1434799305,1492619500,341386628
4849,729862911,402900240,1081079395,958045974
4850,1193928938,1501363610,166835652,634484471
4851,719704313,1408140852,1903441861,500406275
4852,2005294105,1280017159,540523897,1193885582
4853,1625752106,1206963189,788686151,1196083425
4854,890624042,1642779963,1005923358,46006259
4855,1066421047,786371851,1645409982,644298074
4856,1684650073,1841363799,848407993,593073171
4857,1951960809,606272146,429973394,1221621280
4858,883730194,1537152260,457729814,22037405
4859,415169938,1072900488,1604447706,274461167
4860,990737241,740177728,170397574,1414640752
4861,2001451230,982242486,1990849450,1027496959
4862,1945075518,459619458,1930796986,1802459029
4863,2087167287,552955023,850733656,148315044
4864,2000463123,1996930718,674422850,1885302347
4865,976291406,1043226330,903822113,487810026
4866,1751380762,922572421,28937362,1312929541
4867,44764126,449408719,1438819479,1320876743
4868,1944738107,1825160976,1182148184,512925018
4869,621519925,279969624,1206643459,1755872393
4870,481455439,44317661,1213481087,195874696
4871,1436202404,1740369232,1666333242,1305555818
4872,2022718340,1187064472,1520836206,1276694083
4873,150238142,1272412981,1112819123,426571519
4874,1814119044,115412438,101885998,1229344449
4875,608022144,1028563960,1603029629,1627677435
4876,1162839329,1806189569,1428959054,1619197231
4877,1657833512,866348570,313012576,1585490897
4878,400065669,1138802680,1549717302,1156754070
4879,1923946090,1315107167,1339755648,345337921
4880,509529361,1698432862,1837121209,1962944261
4881,505988729,1303206207,1581068458,1745565347
4882,1321980497,1990282767,1017185540,1242637949
4883,942485627,708737984,581664213,103353208
4884,684380005,509167143,115132691,954364103
4885,252893604,1471906831,408488964,1130522657
4886,1040311689,1885459960,639619335,280986997
4887,24781610,580294500,1498884455,1661625023
4888,1649189856,1252742968,328359271,9489483
4889,1881496690,1227213263,320412133,1809993197
4890,454095748,1721703347,99594766,1502957077
4891,1015325597,928210889,1958709431,2054143172
4892,1570665054,1656931594,1867988407,76964872
4893,755512028,1546557328,1459819430,1484649286
4894,980775274,879337160,964204657,75930411
4895,780207981,933626925,1283624774,1224235476
4896,833197120,2098337041,1841891881,2054134655
4897,166594364,1169990580,1913024932,532266516
4898,802415815,1293878825,556969587,2103253411
4899,91276437,1015781506,2070774384,158541428
4900,1825150655,762766664,713355332,1663426662
4901,1603228781,1829582651,156244560,33164313
4902,263565918,865221673,518435493,251469151
4903,44613478,205923797,479032600,598962794
4904,1281895012,2072769436,1209463180,854143453
4905,1459328564,827886488,619862593,558721115
4906,68443813,292069870,313129518,1876626082
4907,2038104939,583409816,1421995195,1258517600
4908,1836791569,1863476212,1220918399,444301055
4909,1079054464,1502770436,532387876,1226090241
4910,428731990,952793278,1885444073,1913859044
4911,469457126,1645080037,1657613234,44626482
4912,1506035818,2085571729,1381975163,504087988
4913,942588842,1701851603,1431890861,726330862
4914,785248415,704462589,1078936228,277465258
4915,1498993981,183016605,985989638,1904858436
4916,1019874818,565524684,79307293,1014300616
4917,369935698,1838969256,1218458738,1657741742
4918,935813053,2029977012,886481024,1298408712
4919,396131278,214113126,317389845,1508233610
4920,264793627,1411015044,331966819,1569707958
4921,352270443,199160629,1505614964,316774187
4922,84541892,2116699576,222314025,747656008
4923,367028189,1003015153,2074498070,1893555930
4924,890060634,511590308,1794591574,1544804766
4925,1880474957,1246928403,1319551600,1725456280
4926,1093889024,1913704091,779301832,1245952378
4927,1968949857,291054493,1483176445,1054551263
4928,985848788,312498994,1863672595,1368825655
4929,1737814206,1947475194,1340716020,81447286
4930,1440962700,65444020,171593848,1407696851
4931,674371512,2089161186,1287777338,108844949
4932,185566239,1372535887,972933277,1423023945
4933,1916061597,973357942,1042935144,792707316
4934,780200575,324081,1099869004,1904574131
4935,515856294,177713020,578005098,1041992989
4936,209784079,465213912,586714432,658456412
4937,1475619721,1932353605,339092990,892030655
4938,1418539582,1148287892,933578676,720708394
4939,378482186,1716061803,1714529547,1829183017
4940,1844184946,2010974636,726206093,1570908697
4941,2114980588,575121708,1482556605,810306798
4942,552401392,29411762,312927975,1917482653
4943,2125229735,448363322,2108338258,1807883729
4944,1024544166,1659925629,331585517,446737755
4945,2042012723,734405466,1159533286,1827657213
4946,1503992816,380033981,1127066863,2037896044
4947,40115405,987863486,1055722473,1349875847
4948,1921476776,50441685,1741192135,1525517364
4949,1752133996,450245287,826206161,1597244271
4950,981118615,1865958536,1796998756,226413428
4951,1443948678,1833614164,1708422519,720736851
4952,145533851,1770809047,1727060761,1923747675
4953,801552588,594648418,1783176376,1327542393
4954,1919611689,1396543634,36716748,1747206318
4955,2063271406,890083227,247955190,874123463
4956,1122762137,1774963271,703315626,872884938
4957,1807304675,1257864620,1917808931,1259822091
4958,1276526537,188242613,143190336,505942298
4959,1690005268,1947379343,843430943,86951410
4960,597117991,1977297552,1545775568,1709440868
4961,843092523,2037066718,1129355089,719034251
4962,771367815,1550480541,1939347626,1011715419
4963,2077581031,423202407,412417595,1928042689
4964,1969859614,882128773,1942174565,353410759
4965,601301865,927530463,1574139364,1085533277
4966,761203952,691093306,689779012,505405936
4967,484818052,488327745,782729090,1912752003
4968,9918977,925777293,999170288,1132703309
4969,1507348325,1179902590,1362702312,1257022846
4970,472762002,1589311348,774117934,149903597
4971,159643352,1449489878,648106809,550014255
4972,1837864577,891234947,928093216,672449266
4973,1799735957,292540866,385537419,1743586785
4974,178342396,75372941,1800829392,549359166
4975,1702855014,1559640016,1733787809,715375861
4976,1663743195,1750160866,1464961914,1550389935
4977,133331144,493925961,1398108727,1889374330
4978,485827047,492727447,1150333447,1045863718
4979,1169331357,1772647369,713386268,663440026
4980,537667039,2075843819,801797361,1179567734
4981,1025986870,1280755313,1407677906,857612031
4982,147489563,297961718,563927420,1723113267
4983,2123132609,2023336089,1299935587,1245431905
4984,881615812,1040001311,216263720,178701245
4985,1327012990,1711217607,1947492366,1680682310
4986,301958484,2063692279,962594148,106745792
4987,1819137386,385965060,2095211409,837448776
4988,1756785908,1799127857,911219325,949866682
4989,1627154154,198292840,679023434,353664505
4990,1914771027,1460476522,2110855970,1188289986
4991,1277724954,1539931863,56617220,597681298
4992,1287279441,1400346379,614129512,319626174
4993,765421390,1192017491,1892828747,1659295350
4994,1915516934,1286809939,1266799631,488806808
4995,666568714,415026586,2058782842,622946459
4996,1491026501,705739842,677855056,687021076
4997,998446727,1755684767,754596292,263492478
4998,414246448,469671804,2055964128,895628736
4999,1390832190,435400390,1383374013,1733797145
5000,770386826,746755800,1325724436,222962043
5001,509406030,1224563895,709386999,2066700709
5002,45803325,628616688,555387308,1972318023
5003,1646870291,1258617316,346687234,1047770688
5004,1663890803,1128715552,1303749262,1351719508
5005,741593123,2137123358,1583532496,600861249
5006,541593930,2028037195,100415574,577827039
5007,1213251515,1559561640,522290150,1740574347
5008,999467979,293518653,276811713,389685176
5009,301764705,543706630,826372501,1985174226
5010,288810945,1926777250,666333460,261086746
5011,1836834140,284140021,422069134,1484868955
5012,9808774,1060046601,762856376,33949028
5013,1794754289,1730617125,1131595551,1553942682
5014,84044030,1794419851,443450243,156692699
5015,2021085207,276254676,1182751618,835046788
5016,1531343699,975284625,1383013953,1246908303
5017,1026185807,158689340,189076082,105198423
5018,833769346,1783461896,906735134,1031632534
5019,718378780,1649039882,2029874950,1600081819
5020,1209670653,1355615459,559392740,929269890
5021,393351876,984604049,611197016,1586542465
5022,510008505,1682923315,1813566832,331160660
5023,1712736560,2073373479,1470025607,1156941170
5024,2095955826,1710915753,1794931107,1519921523
5025,1830275527,1504550863,1256247271,401317989
5026,1953382541,1172715573,1224997919,247488286
5027,752889947,1517827489,903677392,744494315
5028,1486877037,1851231287,1024117589,693035921
5029,1596660370,2123731427,1107529931,732009457
5030,908006677,773403556,1692696299,446857620
5031,522534602,1523131177,1589032763,1668477237
5032,264071249,2041397420,697274406,2133146903
5033,1825374994,997748945,1666254531,2067064146
5034,960703688,1944059783,1522541171,1450142199
5035,88254161,642764364,17354089,1387524647
5036,2092488798,1163324730,347363571,1831241766
5037,974302559,74236254,559574692,583570610
5038,1361849084,146861376,921419798,800079127
5039,1908562811,1507296719,101442426,1566334268
5040,694275607,1488052231,1867877436,1208533753
5041,1815225601,1134392643,1293816357,996414279
5042,1851045095,174058147,64669161,246306043
5043,1040199749,2050294366,1168667332,782983179
5044,300143931,729967734,2033241186,638528281
5045,824459753,592607472,1792924993,1388346876
5046,970328838,1215627516,705694320,823060529
5047,230899636,2038745322,1305900564,9963315
5048,2017998710,887758479,543385464,1016042755
5049,2067165315,591029673,1192228291,1281342419
5050,1753814523,1233442649,1986264470,608035677
5051,403286809,879149125,1814217832,471070022
5052,1312263652,1109755420,1953276599,902190297
5053,437706039,1103702798,1424400668,2070919418
5054,71776668,2108240592,572752212,529749703
5055,1391325633,1675009261,1044458506,1449178223
5056,490859940,439960526,72833978,1969096416
5057,1694823070,986228480,306112252,1189967167
5058,1374907303,574637491,1687480359,1121105153
5059,1041762594,1563260005,755508936,1607630251
5060,2136196839,1459948095,1064633441,1767100814
5061,1643024932,264221277,795693521,635990074
5062,772996411,462217460,90520759,34046480
5063,1258877289,1810548393,437100274,2047163484
5064,1719201052,1181838920,1213043259,1065647041
5065,2104001275,1395858713,770305524,199021580
5066,296168399,1565709304,2112715192,1893361010
5067,1882367917,1821038315,440336021,201214196
5068,717483103,677615261,1930335046,901029369
5069,2046373936,866983946,309198849,1319183676
5070,1644044544,429579307,1900315934,45567088
5071,1741963714,35167377,45288350,1798734552
5072,2033453316,210963280,398557005,685349031
5073,990615161,843876937,265841825,1668559866
5074,121146747,831012702,443122449,152786341
5075,1701008187,446209966,1612627949,1801287119
5076,767233713,817208990,256037191,204543341
5077,1764208217,1312265272,1311283111,1550429767
5078,271838324,99346184,1965352676,1297502854
5079,956155263,806582672,403926467,1855388886
5080,63431870,1669978383,911067479,632850931
5081,1037513812,1560036758,341837980,1266050785
5082,1219900693,1665889266,330862643,1691370643
5083,2015098358,374867640,1034880123,1057478252
5084,822518450,1906764094,1240709632,225336639
5085,1055546828,1759866132,1286007686,360702442
5086,1242194728,1114006988,1928503906,1453904739
5087,1604934193,41813739,856110915,1607412500
5088,569853504,978514479,41872438,253369036
5089,1949224471,345424742,121655296,1228871671
5090,1461803310,1470138896,307157926,65962028
5091,1911667156,1763709866,1860584145,784551576
5092,278623269,1451387609,169121992,1203646840
5093,1350548150,1331396847,544540963,2129256315
5094,1118174169,116220482,1696079194,1993210382
5095,1152838419,449225587,615737861,1176377267
5096,169561106,1036323276,1652889233,1936393807
5097,1098187712,30613491,175593659,1248912762
5098,659379998,878095160,1240492869,1387152312
5099,2109360593,1966420415,2098446405,624837852
5100,53044007,1330251443,1488900238,374951558
5101,325837986,313014540,42872158,781668333
5102,88949743,179002069,579213691,511976329
5103,52137914,1400939472,1174511287,340330562
5104,1015479976,1019351937,1589588803,491833055
5105,797310161,1401065165,1791508175,637863616
5106,1460782996,1099034494,2107755577,604967787
5107,1587841188,1735902837,1769720372,1340419051
5108,1129552213,1816212292,521043258,2090081343
5109,1784579975,1188612450,449366429,1185912337
5110,2047720692,1793874609,649524025,279590789
5111,1468348635,1584296678,1346894879,1410133649
5112,491608339,1708834556,1169591237,351741823
5113,1677546147,2051418639,779958913,1765291510
5114,483931701,1008533839,90700967,2023491731
5115,150256964,849439472,1243447366,814930053
5116,408090990,1878264635,251174079,470785639
5117,1624358223,2132194381,1513115300,31020253
5118,617410830,2001918848,728939832,1772767291
5119,613615671,1686939085,480249486,1439606177
5120,1536533047,1057339988,1696057491,197873453
5121,1030231659,1469588765,543377881,1423645874
5122,1438622861,1363150495,1563646900,2104057539
5123,878368280,1452237077,741644249,704015092
5124,1218867863,185864723,785819970,600938
5125,1375376584,1053849892,1466392292,116276795
5126,1153222582,430899600,332884479,185482443
5127,1340525085,358122982,406919790,192824828
5128,225792917,1958161289,780043597,553085840
5129,2099305530,1056193973,2023607434,791609709
5130,750629447,472925627,25598478,441058692
5131,505032477,1073387084,646188984,896913276
5132,896504850,1741577717,676491479,918664290
5133,1246770913,16514657,852034532,1576146686
5134,1867583288,639386774,691322563,1051068032
5135,1775462390,1529307636,428216914,791332910
5136,1955853940,1110171004,58561994,1456813318
5137,1301208410,1640388936,1593334091,1635459398
5138,849649944,841519226,1660373893,1686556796
5139,1906863858,1457976346,2109321686,712203394
5140,372148675,1290384207,217857657,281240478
5141,516747226,2065916276,1358304772,1046747123
5142,1732667462,178716642,18147170,2021073916
5143,635453653,1822890023,1689129745,972170910
5144,2009253404,1015910367,1352862001,928503700
5145,763606161,103095164,572822748,721751501
5146,1296477240,419750504,1747050435,562348678
5147,1358480417,1913401962,1904916213,1633549174
5148,695423019,983464339,1898464599,200534600
5149,1673610970,78001394,1598284697,1660478146
5150,1158138523,1419698186,1602099016,1504272778
5151,1215881255,90398727,37842805,1381933360
5152,1262631638,1984518087,1862181350,1986940128
5153,661311678,661674728,1186755436,2144992894
5154,85833891,1967328509,6314528,1886535239
5155,530801576,318433789,303528198,1417921752
5156,599724638,50037690,240952391,1615699010
5157,2111987142,2012393196,2130883317,914605080
5158,811308519,299096371,1963356018,1188405036
5159,925748197,1866507431,550467524,1115101095
5160,890515256,906469522,1778722964,777244724
5161,1836360085,1912873162,1899993138,1467359986
5162,1498187701,807774387,1186442709,1938454497
5163,938788027,1757719028,240990634,1318614441
5164,1061922660,1810854536,2146586455,400890689
5165,1851614241,1501129810,1413421344,1273124417
5166,705684486,778967322,1490993355,1124322500
5167,1444764789,434158994,1967480112,2128891912
5168,1769936814,1341081931,1517012903,1149009917
5169,805751780,1573057925,1057513017,1935424176
5170,1667365492,1084383033,1316174960,421802386
5171,1543899649,1290505997,1103761679,1853924791
5172,238251876,896179602,732401583,1390760301
5173,401374633,1272145850,726975329,358042284
5174,1923163606,2069813012,1395353871,746086934
5175,1027100683,1187829184,1866862795,748578924
5176,1188591298,1412171457,371642620,26207126
5177,2095278327,1741836177,1598431047,1988920058
5178,1058373068,2064184056,8643260,287862601
5179,2072298137,1369333980,1053061947,1697245314
5180,49540357,2124070215,271553131,522240849
5181,62192663,1050920305,1393867638,1730509738
5182,2114198265,958752223,1435963010,663571650
5183,1724844563,582610775,865914038,63192300
5184,1055970363,387949076,1109155792,943091184
5185,603343007,1186779065,769790427,353054714
5186,1666264100,1642715907,1162609008,1561559038
5187,1005526397,2116116761,1788963800,2061160654
5188,1998030330,854794304,405912118,409408697
5189,1262825666,1263482527,622387655,1823073171
5190,810141291,689974505,1980184215,1614837049
5191,1946400661,1306404644,1266910060,857616828
5192,1013867035,1618897577,817260366,1296786072
5193,2080697285,1270324364,1114158363,1407279485
5194,1988886533,933647576,2116957222,1053068136
5195,2074557183,1813954630,124085380,420612380
5196,1123007886,1914954366,47415655,1407360530
5197,1609646010,1875487257,1956478103,381104885
5198,1509587753,240047835,683464567,314338903
5199,155853993,1122748885,2058640462,687315369
5200,2117703922,219090430,97454877,909491645
5201,83139015,1664123205,968818677,187850009
5202,1324268783,1507923264,1074959699,33850967
5203,124080543,116753243,1215688863,486533591
5204,1142492606,1341705395,2053323411,201184939
5205,1463044488,2032328137,341183603,579434318
5206,1785863865,375237908,1574753824,1662068142
5207,657960450,45627537,1520349066,400586162
5208,1893559502,2143646096,89405099,64786437
5209,546070042,1643994179,478056543,332157641
5210,1591470625,925346034,1818262165,421643344
5211,1940572924,1464865526,841257552,267025282
5212,1961461687,1689721622,293030458,1915552636
5213,1477013375,1429631882,416246386,1521807090
5214,1487706227,902064352,1013961047,873981982
5215,1948712751,1112302950,2124945184,1340051047
5216,1880595042,1345934367,1866154956,1212105846
5217,1371228592,501046916,1403098501,2070039514
5218,2003532695,83682357,1931873146,1440594083
5219,525025162,914794864,1143051411,1087262043
5220,2063968815,1588116667,1660042898,617416206
5221,561214203,1248025484,1272107231,772095675
5222,1576773858,1712125149,276939083,1981117777
5223,173275566,375832282,73372756,487675599
5224,1011661749,99256948,714440790,1891019864
5225,368589722,955975093,246088644,614944791
5226,1564170072,1580104841,1510865,1040702248
5227,669908600,1164834151,1768569540,1572752691
5228,76847021,1115158973,372023109,1621528529
5229,574350347,1625413713,1704268127,970294110
5230,1898712894,1678270583,432891000,735775319
5231,766082085,2013354181,1199146960,1109600544
5232,1760845108,2005877349,1243281831,1305867350
5233,1646400001,1805283549,410165107,45383361
5234,848735447,345899292,1077517642,184076139
5235,539732851,1356654874,381957094,492654073
5236,467902347,1198143347,1609758647,1607984120
5237,1692252902,648760451,1040611786,1725080514
5238,608872162,1935836999,374176748,357418266
5239,454672349,869853373,1194617121,586039935
5240,459880023,773386466,517096461,1495448943
5241,1911605538,394604698,1604358096,2077628813
5242,423953394,2013896264,1522490028,8240656
5243,684805116,1681360264,1069182931,1583073775
5244,1696469147,1808796819,1427536064,1316937564
5245,1580874031,631550023,1072648349,214482619
5246,884178965,1543290270,1860726847,2076706444
5247,450092069,1436991813,216228633,513260547
5248,846901207,2027908728,556501549,628513876
5249,1692885325,1622623514,69731117,339571537
5250,1910461388,1201808136,1740451135,247601551
5251,923079502,1767442514,974656358,1318063223
5252,1892190635,43000102,1925140802,1264342051
5253,487190111,257570228,93481463,1142162100
5254,1193404361,129382161,1193608650,1071590199
5255,449178157,104678917,303168547,1823094996
5256,2007445674,1719837759,1995494508,883854071
5257,290564795,1045989355,1944181276,1930144003
5258,1168417550,1861418737,1774780186,1741284516
5259,228545956,667750644,551520146,123393049
5260,1187828145,1658336944,816828260,1615736243
5261,572000179,671399127,825349991,875594170
5262,111053962,704772073,1762013831,1084414407
5263,737307784,1438266814,2084900015,616571379
5264,1773639459,308480093,1606954440,2076464358
5265,1127641644,435815640,1819178177,1860762168
5266,1415667415,2030583258,399903869,110410475
5267,1391352143,1537910876,285447515,297485559
5268,568148478,1406207348,219271630,2021337960
5269,1950872769,2061060991,1314265598,1441794723
5270,407978414,63599925,1943435095,1773206486
5271,1113325149,1243666265,1120719343,1685206261
5272,1768300308,1838459131,2097991660,909029937
5273,862796343,1371483188,2088227710,1303092521
5274,861784880,246413737,365244817,158488203
5275,1367952102,660633008,1306660503,558522294
5276,1820275263,1012627337,1646524765,951636158
5277,596360377,387429747,1636595161,2103203028
5278,1468912793,1621840517,1147335823,336130418
5279,2029637352,2012029993,1140975910,432119054
5280,2110365758,1126791823,1682040191,2135516569
5281,1978835463,1944004452,1476754615,262287961
5282,1380004104,29489789,1294914740,2056869317
5283,335737537,1441277769,300892339,1789484998
5284,575809974,1582622161,712108296,621120973
5285,1753257877,65792008,156421195,1514076979
5286,1970091384,694440890,1790123658,2036338166
5287,530634187,1351489596,1397002555,543274262
5288,1962709908,1940410160,774073462,407703648
5289,1804927886,1385482151,878536253,1308723500
5290,1206697830,1851154111,1950348313,1928851143
5291,719157649,1217946415,282816676,730667020
5292,900993924,465493599,879558969,1533069707
5293,582951054,1578367869,1946965620,441090300
5294,1600727613,1081588389,803930934,1061237438
5295,836532584,1509155931,2135165960,4627734
5296,1381818244,764766226,592141858,1882654801
5297,1693600789,776886307,158028174,1058879249
5298,819308131,1201292857,1082945927,479517866
5299,1064751477,589858481,753745803,314162050
5300,646798742,809231170,2041825343,2076772565
5301,104380979,1362206053,573324320,1778154071
5302,305063765,1847045124,1251495188,714703092
5303,703065819,146970050,152920107,1931611489
5304,1051124354,2071062693,308278096,1019503704
5305,785431572,816456714,212916308,1504676537
5306,2065376688,798444369,1781404273,1840169542
5307,1871576795,1211868127,134920887,1638174482
5308,509854755,1400489665,445574202,1533484130
5309,1891222477,1764262166,856741027,973604297
5310,933023637,569167337,1604757174,95330057
5311,619510600,1730481871,1336421326,785049698
5312,1586107217,1974603342,1635142212,1061080707
5313,1296571171,2010621896,27379089,747255198
5314,623837322,1449359729,1038539310,1760837703
5315,738761859,306479863,807903568,1170179596
5316,172350215,1887072937,1319022041,1573024011
5317,445948977,1785779922,1667424049,2096200036
5318,48468553,574422814,1401973950,319139578
5319,754396677,1637533039,659246565,267791809
5320,123839012,1030571346,1932045663,749438247
5321,300297964,1126073609,1257780159,1716574593
5322,377148531,769672996,79215230,1789118489
5323,499948391,1854991171,1018340743,1192503387
5324,507865223,754690369,648815988,2076373878
5325,1076441234,1172561550,1791047485,18668222
5326,1937166110,132815812,1213648830,1953876702
5327,646218187,582908943,369358533,1720654831
5328,324078155,292822920,317446172,1294227300
5329,1703764079,1912530676,512295631,607499337
5330,1301071944,780549352,1213141848,271828179
5331,349480689,509379199,50898564,89230595
5332,1104090908,491188768,780704154,1292415885
5333,221073959,1892398624,1860523432,1602817234
5334,285573468,846456769,1636972556,1737787078
5335,814505116,526377849,234382505,991772305
5336,116345300,1176844462,1898970806,2137846819
5337,1873027858,1229223027,265785766,1253233823
5338,655110302,2076716703,1559168955,1310584077
5339,1105811677,1396663258,244734090,1261268505
5340,2109884701,1302014102,945475923,1253461319
5341,612832719,1443140072,163298782,1366016508
5342,1164000135,287478106,884028608,395494200
5343,939664434,1892005438,101512346,2145217404
5344,859386544,1351368872,397570998,1818469035
5345,1291519933,2119195754,1194959612,836141792
5346,473257708,789076725,186482191,47785310
5347,2039554602,1840018197,1966975368,1483853464
5348,328108865,32962990,734515649,444748697
5349,1765129712,852665822,1199740449,1330515462
5350,2059131450,770862023,1161205173,213008513
5351,166145009,83714518,964971594,1606949172
5352,1183948761,287965665,1238482477,313796623
5353,247998052,170167498,384114654,601133247
5354,461612652,1619220816,1199417594,363150408
5355,704978685,341274031,258157625,1524255177
5356,799080617,1308078537,217920519,913298946
5357,505915273,1309695104,2056584657,1303072875
5358,1514123048,1023076369,1298705231,443623214
5359,652298448,1801588043,1856109522,1947726776
5360,109088333,79863638,455990159,307777992
5361,25986490,808904787,811655331,278021013
5362,1481469403,553361692,724195113,824549652
5363,1025453928,854653183,43575270,693903380
5364,697969831,169205881,1915814162,949380967
5365,153192578,1190876659,1769910219,365052814
5366,85291871,470577705,126284799,1601989157
5367,1951023878,1572987343,627304286,844928201
5368,1968381348,330116415,1229076260,731612450
5369,2136922497,492983949,816695719,654192496
5370,731637619,944642678,1232544272,825664860
5371,1613531976,2134867083,181502730,2064613850
5372,791914008,1530542007,449594274,516653366
5373,228933955,86065643,1669549495,572047453
5374,641271941,643249993,153469347,1828681769
5375,723680868,831709209,1439583029,2121971164
5376,1392954020,1019389944,617797256,685963841
5377,740665084,1642124128,720074675,1454522042
5378,1353600011,1932265751,737300363,600652291
5379,1586236348,354826209,1552623456,1015022626
5380,138092711,508825771,2043728691,1587309272
5381,1995662681,681148549,1507251907,1298775145
5382,422312607,1263332194,1128399142,784573558
5383,876359750,1905429058,421498027,484254505
5384,1354422981,1977557296,1993794982,1626959815
5385,1187891705,150378521,1679430662,704097713
5386,2109680248,704931175,172006080,140380391
5387,299484666,2051071254,812129121,569018445
5388,1598390456,1481273650,800818432,619076280
5389,1801379528,808808946,386406542,1232271554
5390,2079080073,1542750576,682797244,2053731914
5391,998275939,818314715,1229535784,1461543776
5392,217599688,1511760190,1361008026,293319904
5393,882214802,581141703,1887866117,1656845750
5394,1095460147,1299690892,594975538,1914583581
5395,39041789,169669509,507115092,2016762372
5396,788156780,440042068,1918034304,2140183592
5397,1086389869,487413842,1023416768,724787867
5398,1569390562,1469779977,1560580620,290845665
5399,1286834040,771741001,345831645,1309329873
5400,553664875,1776021445,1849347723,232855350
5401,1828830025,701804809,947720458,435838061
5402,1545633371,955105199,634692869,149967219
5403,620371218,576066359,1319153476,177874607
5404,1949209555,1250526096,630693006,796158467
5405,2006364385,1349198847,2061305260,182234995
5406,736506266,379003240,1734763081,1252493473
5407,186653570,1584044959,1833355678,816128938
5408,1496834590,78158598,1525604616,2038403039
5409,524900992,833951349,1624022016,1047771235
5410,1949099814,678318161,1976007455,1820432930
5411,1538081868,692229229,1975183787,1210429170
5412,1710766880,1730573570,903689011,2130669659
5413,933898171,211173651,351072023,455788318
5414,1839615369,934905862,1366432347,449745281
5415,1385207100,449009198,100115051,789676864
5416,110588668,1380653515,1734611338,1779872398
5417,1477907011,636736743,934339533,2012376314
5418,1393541159,962176820,356486415,879143441
5419,195512122,2109357136,40298428,459632644
5420,1961028280,537171303,1488456639,1678028967
5421,594212195,1538111637,1655333084,1771576690
5422,1534133539,690657326,1430420290,1288200256
5423,2039134904,302581012,570741325,1083556897
5424,1676281367,912805899,1504298783,2077877904
5425,690330514,807770280,844443574,1264103052
5426,1324999340,27686712,702180073,216597755
5427,1492194769,1544254566,1703005958,1811291188
5428,1469842940,959550645,431009011,1876604893
5429,1207085125,2042407206,626862609,957411439
5430,132334793,1512994513,1640515268,333991517
5431,2066131601,1674704517,1646724997,689623575
5432,848646781,116833333,94534250,613663172
5433,1238459580,604469335,232732608,1973947183
5434,2108563391,1199325196,243220603,1793264408
5435,299669807,563688320,226992937,1079667620
5436,133254327,1635950230,285194193,1490983150
5437,245517304,861417961,1508560624,1743810180
5438,1389114838,407019123,1202441645,215293110
5439,833969356,1585610114,2145549934,1467217379
5440,2105651936,204781950,1046748519,234561841
5441,1902074373,1136040008,1475559819,701386885
5442,958316639,838054344,2076818589,98228865
5443,359610580,1308616983,1691789286,1349445502
5444,1917393336,686456919,898735073,2090312659
5445,1662859745,268144644,59026108,1280609668
5446,1095884541,235875868,818350293,819994353
5447,1356287722,807632094,277108553,1123227051
5448,1960461935,843410485,997028980,374950314
5449,1648543863,523124713,1409420050,1369584283
5450,2011553964,1883981747,1403266816,158980053
5451,775071662,614405162,1128457663,1329416323
5452,55053105,1036873515,372040198,1342515550
5453,299349395,562723964,2086842885,249107089
5454,716333502,1994432315,273258665,1708342859
5455,782255304,538904936,960052580,2051484524
5456,1757582882,76952416,2103028296,375744673
5457,648919483,56748011,353141273,1620989416
5458,386806359,1728590915,110440707,1720532748
5459,844763098,1964514353,465152168,1171317334
5460,1744957323,163412774,926150326,1577239398
5461,972274661,1035578773,629050524,1434069582
5462,301932369,1602607416,654910226,1858099424
5463,1259270177,487869353,1384666532,1792023153
5464,2026683559,616848267,2107057259,565604933
5465,2007000694,519003860,1282587704,354679397
5466,1727414499,577860884,1352089218,1069217759
5467,1481340996,1473544526,1357794562,108717905
5468,795279105,1044008104,159934047,2043492732
5469,1727037126,1308763344,2123009003,1242409559
5470,828675266,971749507,2146014199,1268327806
5471,1343653132,1019871237,1034100833,1765870892
5472,2067366117,1106904419,1567217336,1808523476
5473,619741143,385496559,687884251,649550844
5474,814606916,462016022,501174202,1789716568
5475,1589306775,513000185,518641172,1091523696
5476,1508459651,213920271,1661416476,2011985581
5477,707937839,1906035644,149212576,1726041062
5478,47947018,751549191,1230785580,1402376925
5479,564380242,508554811,1820784684,238383888
5480,827395535,525051779,1814307650,2082552888
5481,275801682,1375005551,412534805,1478756659
5482,1985928989,634791952,1692047908,2082176409
5483,551987334,1689722727,993334086,1556305700
5484,1619702945,887720595,1692937871,981380485
5485,251021768,473980607,886688321,1444453937
5486,1834819124,521601551,2107712917,1625348130
5487,1491859011,1995222305,263870339,536781450
5488,2089400700,595996423,1886562579,1872433159
5489,398418075,1496401465,263993769,203153732
5490,995422295,572303130,1726845790,1762788187
5491,2067353552,1074770748,421062182,1899725458
5492,639694171,1526656437,2114963211,840537337
5493,2103667023,445124591,1226360878,838021834
5494,1964029500,1400493860,12170102,1649539019
5495,390846707,147133757,51178873,32553914
5496,429582664,561139724,779817200,1329822540
5497,1600005180,1476804409,931906972,2107146979
5498,647840447,168519545,679585926,730353471
5499,654202554,863741294,326089363,1358830576
5500,1193405610,1908964889,414193416,1839480078
5501,16918355,721392294,1943790587,2029466003
5502,1012912982,592181858,1180579471,1235080373
5503,1019174969,1019299580,1199418260,1651622672
5504,1006778841,1625393898,433342969,1490910719
5505,36882921,609418985,141409334,1870713619
5506,1050000173,2034959867,1445748378,228054852
5507,1701214763,1285174800,1734607809,136606073
5508,961325867,1672638984,1137274062,1236805503
5509,1807712244,297191128,640831594,1370101473
5510,2007553794,1999483206,119057227,760742304
5511,121868462,1198127803,500812936,1688765664
5512,498047510,1237539469,1479220336,1300343327
5513,1577981695,277620945,883576953,359710106
5514,38900544,1883518215,817498339,498663275
5515,144419904,681344297,693624124,543774611
5516,1681067838,1769259430,1790438547,356553360
5517,1343167780,1525143505,980499240,995702285
5518,1611816668,369007519,1902478770,2037155294
5519,811358958,253528198,1167712931,1839983745
5520,8622359,736002097,1843017845,1453446691
5521,1282427198,1985816985,318140268,1454949723
5522,1848883614,418055614,990975980,1323766719
5523,150656670,1920121089,542701465,402407648
5524,1500305242,42272993,320103894,924011257
5525,1471504265,1135874379,650272234,404014849
5526,848464051,66797660,1780119460,899902959
5527,737664592,1573293356,1726812352,1732849857
5528,619558756,1522385163,492442465,617077916
5529,915862218,85636669,2105444983,222111110
5530,822510747,646683054,851595645,394666761
5531,134711419,1352880462,429403707,1626540901
5532,1199904766,2094002167,2049357802,2081193881
5533,1849067734,2077686739,83712537,232244396
5534,1597381719,778214803,405145857,557968410
5535,1310570256,669147728,620430162,1922357592
5536,46724261,462700854,892731873,372054123
5537,724493583,300459434,1407736889,106563015
5538,855016822,165621422,1410022270,123641676
5539,290162790,1248799060,998873192,1244345112
5540,1367772814,439202465,2004313781,1154165580
5541,945066812,686409979,2060768074,1581176203
5542,1330921190,1639990769,2129857896,1470575077
5543,1531896865,1268226897,1680076194,1352382647
5544,1299511184,1153696562,1759397924,434094448
5545,2000151559,45692903,441687473,109739506
5546,633642587,312305462,1419230100,807454623
5547,909246472,1562703949,1247063881,23983051
5548,559635718,644560666,275038562,200605146
5549,618040294,1301994333,1712908946,535641604
5550,1682208682,188831665,663225558,1363571836
5551,19541334,748356753,415633112,1275536219
5552,314925375,2108267174,1404313782,1812218707
5553,1867311029,6531007,688749811,519842356
5554,322664644,1821062232,1543583299,924466074
5555,1766349689,1735350967,1178877342,185129850
5556,2141602771,1132141870,912209713,1682223560
5557,1719903666,121032920,1772642163,1927946062
5558,1282933489,1391735264,1221004454,2099913173
5559,2138144025,1245400146,1518803695,1424791800
5560,230304871,1976657182,1519689538,1051676938
5561,747258217,2039876537,1338102948,343673454
5562,1789378330,1300620902,90532129,1619882014
5563,2010606596,1103646232,1444981881,1022926554
5564,431813301,1253154790,1722995894,2002542219
5565,966485295,1285907042,697490633,2027413925
5566,122676148,1204352883,905734648,1625916379
5567,1634237881,417658582,1706323565,520022966
5568,250198389,1225709792,47108132,325415199
5569,2027935266,1532042562,624074311,1875168305
5570,567096254,369567984,1228778802,1948649298
5571,1415375846,821482596,829283958,1708247018
5572,861460064,1676762207,1074847999,299985678
5573,606109529,2113066539,60824002,799324435
5574,1796759233,1504471579,744657439,2133748334
5575,228696823,794139370,1542531918,761548706
5576,168987698,2056991979,566069920,1491659431
5577,1462079898,1452617084,575020103,390672372
5578,876333332,2006850384,679119382,1272229771
5579,827870184,484571839,444207536,2114964437
5580,121190558,1813990672,1042152172,732312312
5581,1835697822,594921211,1296886140,1462031972
5582,8627502,1046518512,672453143,1486990484
5583,614069919,2091315464,985909962,2067911832
5584,1395146797,1749572396,1426872120,90246507
5585,286392521,203578422,171795301,558369602
5586,286244975,589925776,1940544444,699232794
5587,1548342612,1930850156,1599209650,296875838
5588,1259083777,1071690362,824677256,1234162487
5589,1121506725,480073715,388242299,1688437305
5590,1624575148,9376805,1186866193,1394256768
5591,1507527535,1236321979,423010278,1647664341
5592,1402630658,1089783447,494670325,646833795
5593,900311369,904929397,134380041,1973025412
5594,137156023,1816243047,552809195,927632911
5595,181309903,990253566,1666983475,1171928710
5596,1375006397,212728729,56947539,384691888
5597,1095827583,29327371,2115061946,1743959982
5598,215417474,1712011439,962679449,840356739
5599,503293526,423057382,474626587,1349350631
5600,1197553584,50447624,882602484,1064665505
5601,822872752,1516813763,500146114,1941904963
5602,1408705477,185987812,1274645204,1662901452
5603,1786299212,1449708481,451247146,307996245
5604,964632457,1941746581,380296135,963981025
5605,2060760307,19993616,403514684,346209807
5606,137102706,1373156281,1795978001,2098365669
5607,663319647,879572292,153105626,1777705113
5608,1471798863,1967192923,423635387,294598608
5609,1419272883,1152360619,1959272610,806685721
5610,598621242,753451673,770252572,1353984111
5611,936446211,859848296,1055556771,178829341
5612,119333152,1992219328,816617126,1927175727
5613,573704687,235353981,207250699,103011082
5614,370731757,651835790,1561677276,146040275
5615,2136834332,1117129530,1437077994,1335313872
5616,2081428260,1409614592,1861552640,847288903
5617,597928646,203502710,750125275,1814323192
5618,1093751177,1219758514,401425863,1122891966
5619,1031301223,1021439862,459887018,2068740052
5620,1104373131,351056202,373712546,474803779
5621,338651796,1419628850,1440478129,574853901
5622,1502254772,77405404,2073192835,1986807720
5623,1242857717,1242684076,1597992146,913384273
5624,93592624,1276891645,456489250,1097471197
5625,821661002,940322955,341159242,1422050011
5626,1290608897,18098367,680471948,1299940228
5627,670376278,244419031,1606008200,350618076
5628,1417892143,966997255,292111556,102316604
5629,379150176,953060540,1296298043,492277887
5630,662800852,22918236,1756175984,290331814
5631,444257513,1101704674,1505563355,441837414
5632,1536606613,11156792,222664850,1969895551
5633,1055990570,1729400705,858782666,841654823
5634,1595576363,1218161959,1290467933,21951265
5635,1771909345,1429622796,1727027968,1702775838
5636,172110122,1233561201,214572821,88176931
5637,219691540,241080336,273322769,1828602651
5638,2139018927,928145372,1538143090,1447833646
5639,1478838705,799875622,91689952,600991208
5640,2086225476,1384782731,476580272,779855169
5641,326071966,202883102,693765041,1256919778
5642,956915106,2007753480,78894526,950399228
5643,394337418,2047521242,1201547758,1232293526
5644,247990297,1357707771,173833740,1935978400
5645,1322680965,167361536,836622671,959603896
5646,1774897000,742532399,704424203,30555874
5647,535267409,344121534,1924881901,1654640461
5648,486542025,1946937004,1426050678,2134974146
5649,2057863484,164376134,1758776142,46113135
5650,429780395,359948313,1771350882,677581201
5651,438202137,467949730,579827713,1720654209
5652,2056806844,1328717423,1209251003,1844279078
5653,1013125304,1541329409,1142831584,2098714673
5654,843678751,548428572,900381312,2054924973
5655,1772309910,2052839279,2071718006,7592913
5656,6032993,2062431523,1964863475,2070659486
5657,958502592,1490475630,695183318,57120084
5658,1107921140,527082840,1819004617,775947650
5659,1457409297,184248046,769162899,1000799003
5660,1709075943,596890089,1289057336,2028889018
5661,1257883907,1109166572,1324790667,1555368545
5662,1499029122,1855214202,575101182,297933303
5663,722912439,833048473,503870532,439466820
5664,798068524,645046170,2072972826,2003057674
5665,1927260546,1082349292,1815582703,1273082507
5666,1937178630,375893173,1839250324,26474356
5667,1374714128,703997042,751852176,2139951104
5668,1533203184,1232887380,2057193214,564254098
5669,1037283552,348881854,830147780,225783499
5670,1233918091,1109461351,1557564161,492834747
5671,570090410,1703649765,1061479852,1929507267
5672,1384261855,1184665409,379137827,891118925
5673,152959889,609966602,2127011085,295661600
5674,1549997578,814260565,771839717,650239753
5675,1621025529,1644853916,1393453473,1285119339
5676,1736446383,1157250681,402219313,1024425052
5677,1593547056,2007351752,1794451832,632989558
5678,1746099139,835150938,502545361,1954111963
5679,564490676,1397413199,1213796438,524339156
5680,485694288,587496271,580574951,1300630215
5681,1022902980,1679710698,1202096355,773608681
5682,1424798863,154167672,396511249,868845569
5683,1648210502,109909052,283244073,1429621890
5684,1145321461,40194466,612158554,1425526940
5685,343705739,146049485,439611061,450033311
5686,1066413675,3124727,1211701709,295853160
5687,570687921,308453247,1957960331,1687772102
5688,68871243,1482176884,976231832,559249023
5689,894854456,485718632,1198370682,1822213379
5690,1681794598,1653553372,357782846,194010854
5691,892372817,1836252366,1377730705,2026460027
5692,243312279,1408793765,1014124051,861826162
5693,853818671,481884106,925104882,672237740
5694,1814483001,1413497126,901465358,209280888
5695,1846821751,1934213969,1890315480,5290239
5696,1932466932,758015826,354495490,311961052
5697,686457041,156168690,999857480,2095951979
5698,1360976293,1217456006,854513528,1629992140
5699,2053383617,10956226,1757940412,1654621951
5700,1244215115,1795934563,959355889,1706539594
5701,782425639,923210666,551973349,323793945
5702,1383064757,1757583006,960073807,1795437826
5703,1621183964,217069957,1969861084,1047998316
5704,307128104,567380312,324449030,1429668225
5705,705299184,1814126638,310029281,211453171
5706,855536929,1093821459,1114594784,962081772
5707,2032365862,1444995318,1001582470,569606396
5708,998590982,275458401,487858107,1688959444
5709,866735603,49235268,918805101,100018307
5710,636829276,74256342,836393767,124079434
5711,721156572,1404289473,185541894,1149839062
5712,1124872136,1763197369,1403727489,4470735
5713,1499177824,1654498450,1866774796,678521889
5714,1501528638,2005048019,988626784,1946160774
5715,986926155,769515331,1217214697,554647991
5716,193464725,1942547818,832319291,1816418090
5717,1320733778,375246247,1558905682,1382224373
5718,1369834114,217984022,1667946884,245099615
5719,62864936,1401717472,1182958034,401337711
5720,1592558525,1600476559,1017465754,1518370541
5721,1455469904,145136392,1061581382,739282586
5722,1711954156,1767489635,984069717,89445992
5723,170633449,982332856,1921658100,31371100
5724,77655192,89699499,918207944,1599490986
5725,645168839,207908761,402862365,735631695
5726,1971350938,1181607061,2086890094,1240319649
5727,1174052647,1235124033,1310426651,437483798
5728,283086435,781667815,2126159613,1288762324
5729,666993612,722770517,609075466,661304586
5730,584131438,1621998173,326188152,1926005856
5731,1939699147,1984048701,697266308,1408315813
5732,499505226,1111536691,2037265632,1558671669
5733,347340421,1535963838,1023611295,841659513
5734,1561200438,131958805,69439747,1105564071
5735,341897373,280631336,173718588,1322575335
5736,1620668239,1842930629,952500204,657534669
5737,103696983,825753952,2038146313,971854216
5738,1618820847,304487518,630930894,58646152
5739,179054235,1260653057,663164692,712714956
5740,1561161135,302051827,1639427913,1382517516
5741,547698844,126397348,1498557360,675103255
5742,696382070,516243226,1975643691,1011063936
5743,1536417321,379033973,466416440,1781094626
5744,267000400,451211979,479909049,2084980897
5745,688875949,149543984,37223988,658780253
5746,2089036846,63939192,1925545157,1607087747
5747,1376284508,567602838,1737580295,1216410019
5748,335916854,1408772235,1956609899,1298485951
5749,2001147207,588292534,9064658,330575139
5750,1209299361,1456489547,445583775,792817936
5751,1437608123,59680386,343904429,747445483
5752,651078874,1981315002,2142546796,288755369
5753,1724747812,899293151,1963131958,1168935249
5754,1543845009,340847120,448951639,1918827347
5755,116320390,562665399,1701463954,1780785254
5756,1226938313,1754081739,1409002525,1734198909
5757,2047218931,1281385631,1870192058,2012474545
5758,815511431,273323291,1813788807,1279102615
5759,1683719248,759473929,1127675116,1549340818
5760,1432966703,924338901,1478322067,66559183
5761,1952697383,631056204,1678487439,1927490905
5762,1705317654,1074917468,1186911482,856357137
5763,1546269107,1631585641,1259302534,2122225911
5764,183235454,1919775771,1669520376,800317960
5765,1920366886,564056390,1875746149,321258173
5766,1778725573,805156967,2101124262,2022783339
5767,1848169471,1423938668,746433610,1448378269
5768,116252659,1994298603,711293369,392121443
5769,1661184526,792420243,659779934,733778995
5770,1668496873,1904505174,1879005568,1671450871
5771,17482344,941510011,242984319,1583967379
5772,1010724770,1319937308,1713222620,746468282
5773,767732509,1206282366,325003842,1204642932
5774,931195121,668719177,97423203,551729232
5775,1647718910,1943599501,1512449782,497383927
5776,558543540,1898052683,210475421,973233640
5777,1082617795,1492998197,1305924862,2071236590
5778,349910539,1852778608,49880076,2053446962
5779,1535212121,1892835337,286504685,1447697060
5780,1578116635,1093876681,1650602202,1509639900
5781,370060187,1592856293,1331807263,947762815
5782,1118670060,1300758742,2112788034,318578495
5783,282315725,329813228,402008245,852807087
5784,232640407,1035446090,742175031,103406785
5785,1383109238,769099196,1772655133,590479010
5786,224894531,1026707207,638478098,1953206564
5787,1733316473,389946834,1031803748,1028034611
5788,1526657933,406302926,1402653124,1865261257
5789,554124288,2102787922,959753870,1843310448
5790,687763857,765514547,241769656,552216341
5791,1675198742,129562468,830417924,648995077
5792,146501133,746603395,1737581933,1430234576
5793,321472027,2029331515,512003919,483587041
5794,1215881106,1050809686,1140485289,1154101841
5795,1322100387,14314016,1055438079,1898265960
5796,851876831,162143793,663278709,348962830
5797,1617163337,2024007747,1586432901,1360763361
5798,164102787,1424595905,464481885,1557350947
5799,2073212528,1216576788,1591842675,2102512634
5800,98146362,435713444,1079863425,188901452
5801,5712845,96887925,506312227,761247410
5802,350944807,539149551,254952964,1219208057
5803,1494709871,440560871,2144387473,664440149
5804,494534684,1454472737,2120380481,737661777
5805,1914083345,494561004,190921756,988655650
5806,86908152,241354245,1266226509,352599381
5807,1457679761,2028940293,160169447,807636128
5808,1397824277,296553843,1686736629,113763539
5809,1109617241,1665138983,2025358159,849117105
5810,2020781343,1932688646,1413752133,304944962
5811,1764639576,919582372,403915391,1721059925
5812,1867622633,718961742,1289263945,1469970064
5813,1745506322,317708882,69418735,230544196
5814,708690661,143942179,1053611886,1703620616
5815,1352740161,977722621,452405194,663586420
5816,60303829,1093084977,1060518064,811283085
5817,1806734935,776060943,90865615,2011638111
5818,2015929434,2021813471,148341657,674010223
5819,752038236,2059779237,45862469,479047189
5820,564869868,473444792,426990229,1568012780
5821,1628726470,134914290,12611280,1912818262
5822,1203927819,557978104,1331998772,857644211
5823,6170616,207495499,1935131768,1084577784
5824,200764589,196506728,1109376896,180389374
5825,257332944,565203175,1956687780,1778876622
5826,1067994337,1287242512,1685882469,241176038
5827,1908458263,1884881585,773531924,47580411
5828,1415881185,636938898,931828855,285788347
5829,2066562134,1073530677,615070833,680252050
5830,178887130,435077969,647771019,2055657202
5831,192636642,1971735983,560987839,1525892271
5832,1501179092,206887641,1781271849,1879222991
5833,187531623,800594069,330222299,641540798
5834,1298490302,1564400715,834549306,297396080
5835,963560747,76078603,286885125,619123294
5836,1688776848,1671608823,280152983,463446876
5837,1034774026,973877069,909911418,1393982793
5838,362495887,1385564175,231441497,1296629691
5839,2133826755,1502340186,1775636082,564610193
5840,522250950,317992061,1921329859,1967460967
5841,2103444956,474313196,777386814,761949772
5842,924309006,1088097014,366184428,959279441
5843,264787021,1687457413,2118542314,1993845144
5844,1864070575,1923014453,1852120175,1551014274
5845,58971425,409078641,1091974173,1064196427
5846,906583177,1240760692,1577444060,136976706
5847,1033734525,266877238,2118076841,269531142
5848,840408193,194458580,402715757,941639192
5849,809389377,2074552720,533198657,481653539
5850,1450066541,1266555396,1102757949,320781049
5851,335425075,804299527,1674116038,434448352
5852,1102341723,93406018,543739746,1558990282
5853,706786937,481209479,803111769,448325607
5854,1282934044,1788789186,618484028,833803158
5855,1975197468,2002875384,825162971,1340968380
5856,430932502,2143679544,1580319514,1626998425
5857,60318237,153632661,17076080,426516871
5858,1188262276,1056800931,305358569,318257946
5859,373755495,1224824119,473803150,1527734125
5860,1602746020,434587518,1590934442,1839058560
5861,1606148976,1727026770,1800212219,1703932847
5862,491500038,628348447,719316934,1924090833
5863,1025065937,959045146,78122998,1638277377
5864,1649678342,152532057,522510649,604101078
5865,1010125537,922473780,913844045,1631868855
5866,23866238,170443055,2036419632,1679618793
5867,1053287215,1385903086,1536124595,2095621450
5868,831116658,1641519634,196220988,1391638803
5869,233970115,1083415646,2147472832,186724370
5870,1853906618,1734696466,335598585,1229510608
5871,1233105098,1038072126,1714068072,887703130
5872,767851251,1602486695,2102979607,1696702858
5873,1189072538,668417672,1376544665,1697325684
5874,1011392157,1184278423,643182093,1427016163
5875,1989857138,1762911376,1802380173,494374072
5876,1442479207,960900280,743335446,891964762
5877,1439665440,74846289,1831745478,1254178986
5878,242968733,1620562729,623419596,1415013261
5879,571500468,409946442,1621379052,1075472249
5880,2025263489,862349376,1857230062,349781497
5881,1818593986,1356620421,172066182,1344968284
5882,147841107,586284626,730671694,1448208276
5883,1331659083,1437642380,451776837,1186498298
5884,1133674149,1479336839,1563247766,1300007723
5885,2080951582,343540902,289628454,1761319602
5886,106470316,1650822432,1580141312,1477715726
5887,247014721,174768712,1317604561,807408230
5888,1776767583,640268227,1772006159,53658447
5889,2105474731,704143087,1366483333,790196887
5890,1003194038,1917692143,1324787961,1796677824
5891,2012280172,1294147827,1856933876,1873129546
5892,994728195,864777966,927959911,1956020839
5893,1042451928,830065020,1776253117,2048115721
5894,1805832973,1224788256,1947604124,988864227
5895,1406477633,2085353563,174396893,230388481
5896,40255688,789100715,1681355742,1334313694
5897,1983249128,216523770,1988865897,735314584
5898,1795202820,1649242297,1059276755,1601880996
5899,2023718718,1207713637,822746484,1981986309
5900,1658447825,1690368454,178668582,1183377588
5901,1821426879,46221739,1969846221,365999791
5902,554613150,352419238,665185869,1881101094
5903,1453672419,1917600528,1016897,1091236491
5904,1851462468,1985929135,2042160678,312723751
5905,2132933765,1442874329,919400668,746508089
5906,86793801,1527463656,265787607,986294390
5907,1458326705,1422074176,1819831549,716196322
5908,260997732,964114496,426685990,235525057
5909,564116128,704698680,430570440,666674144
5910,1330127226,72707567,924687504,1588052463
5911,54782978,1625492074,1483633965,597945717
5912,1691391159,1885552587,491382587,491346553
5913,138961560,602095998,2121087220,398380272
5914,146365287,821202803,534373381,1308903819
5915,121484532,619764244,2024498708,1879711672
5916,1580184115,762871094,1918800862,214632758
5917,1017672013,1133129309,561722110,1190179865
5918,1309215364,1236598357,607657550,1349781986
5919,1700944017,648031905,1914551379,986142635
5920,1450572654,479765409,437215293,108685080
5921,1080496230,1653316310,359386937,1213271008
5922,457739306,501414321,1768093779,1981715585
5923,1193607156,1392323614,618861027,1208203281
5924,1413863165,749953011,1961544551,2104528565
5925,1112122581,911138366,715237020,1123925440
5926,1416414433,541232276,1009903541,1901713660
5927,2053143532,1019229519,408526016,700719814
5928,428489600,1229883279,161849215,1067069788
5929,658906179,1924880432,1880405851,937154174
5930,1524168725,1806930353,1488436118,1388485051
5931,1182168920,917922090,463826609,549079321
5932,1890396025,204276776,1730497884,1586827130
5933,1150616398,867227056,890499662,330425033
5934,788379601,1762332062,248066330,1804727771
5935,1138128146,1783333191,1599935881,169401622
5936,1974947220,594093116,780785438,1638370799
5937,198690039,1486282384,1502367461,407174393
5938,286971825,1285727127,1120020137,1822173874
5939,397663926,2140812283,2002415743,776361757
5940,1719167029,1018887485,1343213213,1235216255
5941,748315406,627078330,851977830,293299317
5942,1533525412,572632892,637893205,1435824339
5943,1336574458,133207759,1787262729,867176513
5944,1008631761,344095673,2025742551,214868312
5945,1242753564,1597948674,611477694,162039903
5946,1764747827,833402685,1866314082,190656432
5947,1423004638,1112300985,14527656,1302443970
5948,1911734671,1512397385,215697794,111188821
5949,1082359678,326478661,1728354745,203550096
5950,1952273086,1668892388,814173761,1396423075
5951,1950638773,314405701,752587583,397009858
5952,1666211567,1631818959,522660101,6690016
5953,171452948,1853940353,1642924441,1060686238
5954,688193673,1588290084,1502241010,1121467080
5955,246838360,1690605592,1253599231,395816108
5956,297533802,886471596,1541101103,1272301437
5957,720166469,1000686026,137421091,1455379289
5958,70496563,2058195448,786324049,1325150057
5959,291895968,764066320,840699047,996633831
5960,1744856455,2028433244,545785080,394366999
5961,263655009,1500532059,1246058110,154163179
5962,1076159668,1597984349,982546091,1492729688
5963,215478885,278153717,1540712045,1900684971
5964,192669132,1491743658,699488408,208218685
5965,1473261361,298620007,1500045190,1951183091
5966,1850938012,194345043,1327506741,448717166
5967,345267864,1630814399,801552416,260795140
5968,658180980,1655589432,1592280108,1906742457
5969,2047530817,1165731788,648444378,2116813935
5970,1109598237,444404296,706963659,697676322
5971,1039496731,1922930402,112514854,215727664
5972,860833298,765100048,1731025499,365282860
5973,2076794922,1908108615,2019284442,1646170322
5974,1233272370,340704928,1330995435,1680514583
5975,1813465736,435754609,505305065,1862977286
5976,1584695400,1579508724,717123608,72509273
5977,340606712,235991208,1062301559,1303862297
5978,1056656230,1895297894,1565582608,957644204
5979,310068563,260687290,817487106,190350458
5980,1308575774,1678446671,1463787044,432202223
5981,1534922867,393826104,1662648372,1936416962
5982,892248559,765656055,2041889116,2091226928
5983,1009534843,1109036010,1426071187,1481025824
5984,869940232,1328881071,672820091,1322527378
5985,1620607043,1599509806,1615023725,1599159651
5986,1165538976,1972436228,374973454,857392197
5987,938786646,1706302631,1220432530,1520290507
5988,973352944,369340610,929207494,1213045205
5989,169390716,619776630,1064406411,129265481
5990,2031321286,804591121,768283508,595513947
5991,564972721,2109153042,1429760280,117590608
5992,437118339,1699622514,98275291,1408353683
5993,1945948629,887524316,222354180,1587377335
5994,2055198212,2121836836,136392933,2072508701
5995,346852369,1607318294,740931770,460275074
5996,892405309,1257449239,1565916554,1695530367
5997,1274724620,166023248,1296049791,451764241
5998,296692169,610034020,321802251,1716481363
5999,1147051159,1545648665,156282973,1534863604
6000,867365557,1282391968,1342492154,1691119910
6001,1965722555,1342515722,225522295,959726932
6002,786687881,1895499646,213771652,1428170908
6003,1869232603,640940409,668607949,1695708420
6004,1350817475,269363349,1459874761,1324554242
6005,1374906451,654551369,1933160158,189050112
6006,759412156,1281778050,812389831,379803530
6007,1742367518,1200106561,707850444,343370597
6008,1813702525,264141558,1042238074,397185541
6009,1356886596,1048706528,840484288,946796124
6010,1612073354,27844783,725115960,1612220578
6011,2128503027,1648301639,681057779,2121914548
6012,1441028977,2102863459,810550267,155411580
6013,307176105,1782514998,2048583544,158586018
6014,187210486,2126903270,799009594,510711876
6015,1143661712,960663012,1351973735,753608817
6016,197146926,299602202,1175175499,976439088
6017,1918627154,1310970517,218215820,1909454120
6018,1531985535,774725735,2134982697,1415566315
6019,1363049607,129843001,2138878423,1742185634
6020,578158251,164137409,1475869451,478780408
6021,40423700,1520565162,1231133599,1840901821
6022,907062073,2134856494,724997857,1247253678
6023,1409910803,1708810226,530955474,376601520
6024,853632877,785137776,1403095234,1133350325
6025,1286928714,1185734750,789040886,1590147061
6026,1444703683,2081860488,987048883,1035776699
6027,1107112587,942544820,1545704418,1055703496
6028,279184067,935452972,518100692,111295978
6029,412993301,867972428,1864491735,1704173241
6030,1851949767,194254822,1133967973,372859249
6031,1953347906,423360108,391762699,1159469076
6032,1751424988,237000224,1298498833,1737688449
6033,1565447841,1228783311,1274535478,2004566099
6034,1571596132,1819889515,818423702,1751200722
6035,312441471,676560412,44545459,2054453351
6036,1227312659,1557916882,630955109,1928455572
6037,1654371960,634157403,629470743,1525213146
6038,1301888635,1360616831,132613436,1972770195
6039,641838895,1196629310,37967125,562302689
6040,1196361297,613683553,268639181,169896493
6041,671289753,1009001225,1498113100,1847414087
6042,1376710902,850236753,2133773426,1521108884
6043,1121850559,2129221770,456194389,1222371531
6044,1233118750,456307169,2130807132,607406910
6045,356592775,615846034,724537182,208034632
6046,1505672888,646381885,1121385175,389712024
6047,975616599,583036570,1022166691,920600408
6048,432936723,2016814904,1200182,534561924
6049,978441326,110156195,448379514,374555330
6050,1627249139,1832034360,1220412478,1531638046
6051,1220735494,870771175,1167389751,1139632136
6052,1008314536,1701799333,1045887562,1530947508
6053,715910060,482232533,278474646,994411386
6054,766035112,980856024,1927530561,640461317
6055,1991944363,1840527119,93473210,981884893
6056,397303884,118336121,998867807,416144912
6057,547089784,922740515,1898136897,1105647808
6058,1159986477,1212916367,1464494072,627992044
6059,84614631,307011348,1419279786,225712209
6060,1616316539,554087902,461704066,1515239663
6061,2064277549,1416405905,146430870,558883675
6062,592369154,236380465,89969150,1531480831
6063,1686835863,358630844,1452979271,1919382035
6064,864137215,1598067285,677908148,216705931
6065,887774109,2041891559,303076401,1636977395
6066,648706911,1755096139,1901561011,2140372250
6067,1758589534,110842819,707052508,506653220
6068,393097208,171971703,1437344637,1667255954
6069,1752548445,1023507247,765681916,247069308
6070,1955539119,1381460901,2062528595,2064471903
6071,49592048,509220371,1852068232,1954028816
6072,914587417,180633738,115370421,1550926699
6073,177548807,480344901,2120761495,1821792380
6074,1549846,1308855215,1008699339,998658143
6075,1777071435,2125627575,890292424,1614924740
6076,1584909632,163789922,1089428209,821682975
6077,1431767675,8336615,1697850343,900002752
6078,1699504393,1442293595,772156130,947849783
6079,148477671,512023623,1643218505,1919245501
6080,408645145,1169529822,2111715538,1862157166
6081,812651422,1628041363,106737962,460304156
6082,550758639,183853767,1730535378,1886119739
6083,1796267796,123153930,37771436,1295489289
6084,289014843,1058652162,2075135295,6895396
6085,207067711,1319543289,125572898,529109544
6086,2055625223,1759618852,2043543005,97062219
6087,947502312,1221266006,236714013,88262646
6088,1677351234,1527034823,783423939,529429992
6089,886497469,752531774,1539614445,498428975
6090,465389502,2023610644,623275253,336093843
6091,1055983667,1906071760,1244825225,635341733
6092,825716320,2094942250,1755304495,214088586
6093,1112579091,143011650,517115954,1387811073
6094,274476131,570936977,1190250346,168728477
6095,1446036647,1234611220,323834745,1749618298
6096,1279236574,235736164,363869973,621612546
6097,626257793,429204750,1583982003,711053464
6098,552017027,201290256,785851530,1965881190
6099,219692829,29610299,67962954,1833388892
6100,96036911,1367485751,1047961252,1557187425
6101,875763663,507458000,1112276630,1438853758
6102,49396795,1913014774,20538396,357930014
6103,2127188785,1635782472,382390045,741648417
6104,724860802,710429743,1716933016,276033324
6105,1620087900,418896696,19434376,1703516314
6106,1322691624,897864069,13360293,620895416
6107,1541703708,1070329005,97459454,1694688898
6108,2057614275,1834760186,517293436,1422065572
6109,1925759818,1507293374,492084251,1686116654
6110,485890578,2053396923,2027028825,2107295245
6111,967785112,249999729,754242766,1876525902
6112,1124678731,1959143329,1163014374,227468848
6113,1933496185,147796390,664046517,1067040991
6114,1886480476,1159743990,547202744,232421560
6115,1931994890,580437858,877985306,704426362
6116,1418983799,1822726910,258768796,338544297
6117,195119090,1378459855,91405152,1882769085
6118,1346883658,2005886420,1550307902,1826379943
6119,2134287367,1375909012,2137796553,1269633550
6120,1824581034,852927311,349165266,422199001
6121,732713625,1723158241,707013464,1498729182
6122,2006069966,401403937,1659448084,2043358783
6123,33197278,1663344109,2039976235,2045595013
6124,1714555963,430032633,106385352,1025306135
6125,466129936,307083944,1391800979,669914445
6126,711817480,207327476,969672886,1949011962
6127,1305633384,814113218,690256473,25803850
6128,2115583322,749430790,566683420,1693949670
6129,1565949575,611069636,1317839739,509264676
6130,1934227679,1502140256,991080221,1795224075
6131,278792325,1560038078,897712584,1929158570
6132,40663863,995546126,2048786777,722983481
6133,340039454,708429153,201201726,2011755278
6134,981845512,1182113877,632306203,1479243558
6135,366804525,1275714375,1743692587,1633497827
6136,933538989,1298699674,81356115,276219942
6137,639908368,1708505932,1339086995,220387987
6138,1223024449,457391952,1036708484,1352357756
6139,1648191493,1186524218,1417125796,46901471
6140,1294550707,43561413,1593322339,519385935
6141,269079078,72630813,1445699258,1409185215
6142,840751382,1422011840,1141298589,1885911031
6143,1347297625,431798140,1956410520,1995617930
6144,1113406077,1905693808,641707112,596853783
6145,1637863583,1147202635,906382685,365502131
6146,1439954720,2094436989,1853358888,1164063900
6147,397470742,1273506111,679128137,1605399194
6148,1031767234,337664294,832890961,812689064
6149,210245324,932179766,1541588138,1151455078
6150,205522494,286141455,409336040,2087820804
6151,1849558497,1729001938,1224123999,262700250
6152,1472553740,1633234291,837294445,189609671
6153,583880401,1640017176,2047438189,684762802
6154,1313950517,1959677145,1044003521,253305148
6155,327883256,131105433,1988144245,1015628084
6156,1543780426,1004965662,1777690199,396338722
6157,1442840852,2046402503,1864145837,1686976591
6158,1856440933,1434324423,251248010,1439581985
6159,792147159,1183242469,1917040689,2031163910
6160,1245903415,1711262454,269856475,1276644955
6161,1558034882,1192016507,924262705,564020207
6162,1834200261,1913937062,92105611,1295042768
6163,1502396364,1894899449,1254646592,94149808
6164,1484886627,14281526,942251778,1135090474
6165,695970586,1018878933,2008067165,1747542520
6166,250018288,63271697,259853903,217123401
6167,400582291,405850819,1320033933,145898251
6168,2086362901,347215911,936842143,552093790
6169,1283352961,112133760,654243644,2001832801
6170,1675371765,607448136,942512261,482731536
6171,1409966832,397840121,1207755913,58705899
6172,1785376279,986636291,1185541635,987326120
6173,344908685,1922470193,120005172,232319592
6174,1722919685,2053462693,1126599859,1788979438
6175,1057609844,1754875673,822098591,870559701
6176,1991713892,1426623604,2139949723,816565863
6177,1223255293,685376945,238682738,122711219
6178,1012557167,1569737189,1229819210,1406243764
6179,1283850926,1945061649,980005290,1163641954
6180,1726472431,803149335,460119683,1588970360
6181,1461857714,1243515568,485713420,385825233
6182,791828022,21155952,1435131477,1574613624
6183,1340924500,1814634371,1756383314,1729238719
6184,422560260,1294278040,862026568,231030646
6185,1899468568,2116574082,1575634512,1376788274
6186,635120866,918729520,124505819,846265301
6187,1963528870,745168218,348056892,1499137130
6188,910731264,496242067,1456913714,1386394576
6189,178975228,481500317,1957023588,151616084
6190,607590506,363988886,1094357546,1758233274
6191,1889816569,1455902583,409519999,249249412
6192,1127739740,1558360521,460969932,1649084742
6193,275992727,1696597763,1699785647,955003217
6194,336538304,803063732,450964361,448442633
6195,851531026,1068868153,585744524,860104558
6196,846522382,38099502,1964652340,1817042528
6197,1531496097,1690089713,241768252,773282343
6198,396273822,1341785300,1775881254,1944523943
6199,345856205,287528730,970455777,807488806
6200,743100919,832697968,1493200103,2054245631
6201,412210437,56634359,471987220,986742938
6202,1044045047,155546768,871509137,987639968
6203,325890500,1627446273,473230088,1788243496
6204,1723235522,1840311126,62997368,339156533
6205,1002007514,2115771627,416730647,2065648454
6206,1044514975,194087654,1938223476,718369874
6207,302055294,127077855,1880676338,188963244
6208,330189350,1039085496,587235364,1001126749
6209,474595971,1391682683,1913610677,469770697
6210,1651662319,1211621167,264538374,1673442825
6211,1615030459,126992716,2026476464,648549255
6212,1550880623,961150380,366624246,926622432
6213,650156485,515528734,1786557226,1986957222
6214,1559676926,1520705674,519477113,1128124408
6215,345969763,835386576,866113940,506280036
6216,1123215223,364437508,1286844781,1127311552
6217,875244940,132582605,1364649628,2118992754
6218,869163456,721297537,1169340610,1547659153
6219,1011868698,1878104449,1809522332,755075890
6220,19783681,106744729,384821144,1750474966
6221,865360864,723561656,1120384051,1692794548
6222,1854832935,2137100759,87551244,1063448238
6223,922536201,1092936013,1994999306,86945643
6224,486310291,1774058024,2040814631,2003737897
6225,233174634,1378940345,1397492221,1880633591
6226,1232298252,566866504,674883349,630894137
6227,694153384,1279108664,1535426415,1917619192
6228,1758726405,1044135214,890704980,1048611003
6229,710716302,206588067,1676736653,1439229461
6230,1852581948,1229382257,318517460,1154024542
6231,2069885632,1568495859,1930622898,1688348522
6232,78745117,2043018636,971156448,1950557138
6233,1108112087,538980854,1255664094,768527113
6234,500669490,250202971,476425329,1269132175
6235,244551493,662881233,1914054482,531825942
6236,510771661,549486813,858390783,460787754
6237,352002674,1789216342,585309670,923018158
6238,1393179959,708144088,904195658,593180891
6239,1862830868,1040621916,901944843,1320164895
6240,617580210,1719385879,1022424177,1351828772
6241,574292394,451820153,535033391,1305473762
6242,499102212,1275868553,967829095,403465681
6243,757211053,254438580,1890947396,1931528243
6244,2144417050,1848314552,813990472,494947203
6245,1204856512,2010407829,732851038,439945315
6246,679733526,830262181,1833454820,815075702
6247,1276034435,2084787887,1643089722,1975857441
6248,1444088516,1677667626,1727907075,1479218720
6249,1749148218,2112035070,1081320260,1180113092
6250,453700174,922593306,125816429,1685540404
6251,1795672425,1515480247,285570687,798653812
6252,2089814861,1320043922,117458230,1583847224
6253,1662531063,1541813196,957851397,214691873
6254,896174746,1691332068,2119271865,1234741391
6255,12230210,115940224,269155036,1573207073
6256,1778156949,1194344437,591295029,711351945
6257,1254459591,153675176,350439456,877050059
6258,437515130,1617004975,2243113,404260594
6259,1159733562,2097267344,609338439,1114552746
6260,772122033,831800679,1966714969,281239729
6261,1561560426,1540304743,1572277378,1182444921
6262,59330435,776761458,1650856517,1270785525
6263,646384997,1782189053,268118099,1726346076
6264,1809253569,1473905867,760419113,165782659
6265,514776117,1161511229,543802799,192151391
6266,1735880642,925893707,284016329,509728732
6267,1514885692,1277383278,2035811867,1601574057
6268,1716409927,293330327,58044095,652151382
6269,1042517286,654417927,1128258180,1784439889
6270,1422177870,1548121070,1584850623,31865378
6271,657536382,368668694,1561865401,1112782722
6272,732077664,1221467096,876610414,262757485
6273,1759127834,989012913,939716767,604899053
6274,773039984,413342994,1182288173,553242645
6275,1316228551,1895817247,1559047699,675184034
6276,2135138813,5260632,350656598,257097822
6277,1139821234,1869271871,1798273506,364602940
6278,1520144883,477616215,622208775,1892713720
6279,509684482,761375277,1357720264,507582584
6280,452282705,711940950,409218130,189750536
6281,78914146,1680688740,479177165,1702137961
6282,1020904143,1321838642,1953181544,1310177091
6283,1282888019,1551131268,1356048173,262844086
6284,1803561406,212070034,1851023044,1128952070
6285,208325313,176116800,63857593,248462390
6286,719707097,454398787,463543513,2004119794
6287,65665773,2054148065,1284181012,1267596209
6288,1917233948,586412137,1686617957,1195678051
6289,187077377,554835317,999877474,1217750222
6290,170774820,843908489,734216589,1050396768
6291,717718590,370127874,1547051956,1184768556
6292,771768170,270445861,5665539,434225425
6293,1615468875,216210414,139949211,269909584
6294,1588057230,290907594,619827135,1620196191
6295,1898378666,255105579,471242307,880612578
6296,2020252643,508050290,122290187,277351600
6297,1756643673,808880796,1862836057,1960646152
6298,211526769,1127667621,2134737192,982534659
6299,968221850,1738041490,1757312919,100713611
6300,497626342,979638193,1028442623,1407185705
6301,646297427,2081198796,1340423167,1867698824
6302,432786239,406980119,1878392611,2115974097
6303,2069381579,1564977267,1753697674,2019879621
6304,621952003,1309646645,419825796,218619193
6305,1269822659,418102271,1312242839,1812426107
6306,1450377916,1537551988,1683024212,1527358174
6307,735673353,452087828,1507417509,1304564555
6308,218452059,1616684979,1616474442,617503584
6309,1765808911,364960265,2005891997,1863822007
6310,560617468,627670375,1208422065,779119724
6311,1438381196,816215127,1119712826,253694016
6312,194990749,1129465784,578828516,1008544331
6313,1062343005,873828040,508628309,425838708
6314,614183682,315252250,823352494,1887166844
6315,1496933843,386889188,697337306,221349539
6316,1548302543,608656923,124623986,1545319607
6317,211842549,496388967,1424926428,196710165
6318,874477511,1143302719,1151710636,1798336365
6319,1210416039,1009168584,1081053536,1379703528
6320,1788747608,1290299916,1333096921,2085199000
6321,1888078999,403615577,650941228,1971639618
6322,464847336,296080681,2007810735,235601368
6323,1363282544,936010168,231432165,1213754386
6324,1739375631,1701170753,1423746676,2128261603
6325,462867211,1885264942,1049422593,1640902192
6326,1858591419,2046084801,1092652543,692490810
6327,1710346020,992631634,830408530,753225997
6328,233243540,1522959958,767813191,298639827
6329,1460349907,1043535113,1672765641,979579028
6330,1721758339,1213798067,1984821844,2070068546
6331,959941129,1190122454,1417674677,1790512726
6332,845218363,1388026404,1860744472,2109081277
6333,384534580,1355633402,165399456,298272827
6334,451141889,507772402,1645532787,1340873195
6335,339275565,1945857060,518619117,1815068533
6336,1899842058,1018093973,907027359,1897425286
6337,1647837052,360034838,1480690914,359254550
6338,1233428557,418758506,800591056,1512477758
6339,1241942774,1015240329,95128376,2024216994
6340,176324551,1584629729,617330037,1992876430
6341,2020929109,1089798422,536183650,570718490
6342,229534532,603060172,262685953,1872246478
6343,1102883105,990204147,734766269,1771266243
6344,133001468,702356415,705043861,887746371
6345,619073483,467189958,1761283184,751679433
6346,1460334915,1072558417,531278901,1026183376
6347,1184924971,1367318186,61939016,274902421
6348,158753894,1534855308,1727522403,299231307
6349,767822941,1971101222,697609032,975947186
6350,1371955667,2096584376,1645332806,1230594041
6351,305419004,63111765,1451353522,1099165294
6352,847757057,531769858,1001593714,527084889
6353,488775529,1279224966,1327459049,55935876
6354,1650163843,477529608,990322947,332028277
6355,488655559,1095060915,1796755683,1466843987
6356,816142562,635409808,973820040,17093267
6357,530067267,1662782705,1898305456,31093984
6358,1085767182,2014645966,747082981,643017897
6359,1337150733,1799399892,1525724122,648069628
6360,1709136315,102876593,1530338858,183353607
6361,1323156600,1375570753,1637126927,1210181533
6362,288238513,1860224652,59645411,113225166
6363,280522778,601504856,1480570967,1587876340
6364,494388477,76645841,1367507907,410952218
6365,382255566,1500049905,1044821437,1092380767
6366,2014596534,740739943,9773293,1291411431
6367,124400362,1207730668,700831489,1493640210
6368,444058767,109046719,1332344952,2070725509
6369,1458679683,1655231959,1644568977,688277058
6370,1551381952,1740061959,1936897553,1414597967
6371,237090020,1328300485,769378758,716262198
6372,273122601,284142516,235272694,646442230
6373,1328383080,1156102431,616210527,1098522795
6374,659087677,639006395,1337914712,1757706469
6375,1113491627,1742931423,517293709,737588155
6376,1984094756,1292680658,2021235551,1966881696
6377,503103194,1058564443,1403202147,2001265617
6378,92116968,281543385,649977443,677018660
6379,8320407,1691931331,331216765,374080740
6380,157452972,1132080087,1717053127,988558320
6381,19743860,355183667,473098503,1868563901
6382,1826669324,774988923,1330730015,1826092020
6383,867040079,1714993277,1806627079,577829503
6384,68136682,622639565,1518555351,433515046
6385,222270322,549640386,2080002465,689014479
6386,1199108342,1143709464,483215099,1248320938
6387,1436656390,1446613391,481264165,491535121
6388,171152279,1694819519,1340414332,1164341565
6389,668288548,1453916150,817029199,1111759518
6390,433620252,501647848,963159117,2027515380
6391,518197975,287465925,849223409,710365
6392,1823917287,687324912,118873941,637739893
6393,1067961872,1732540986,1359278736,1599248290
6394,1745200747,1730115786,2098012111,338530370
6395,1623285589,2024156654,879840991,223506349
6396,573783077,602849351,2023991213,1611888953
6397,2137560483,1896384469,592559652,2028299805
6398,805169216,817459227,824555895,848207319
6399,549715494,1097012745,888993737,300189129
6400,508502283,404623918,79265249,129035141
6401,1918508482,226077795,1056762836,2024807659
6402,1790776003,1876258114,1624089942,590018522
6403,1196928318,111733149,58304064,928258158
6404,1936563280,1917813468,58196772,724753242
6405,1251068947,1435117904,839784045,602307475
6406,1657738304,130339574,1204275167,504442767
6407,625763295,592193054,1231883570,6792934
6408,619983094,1410987447,1192671788,44905229
6409,780215274,996292410,2092335451,962758713
6410,1052363623,517471419,1674882471,1055369152
6411,1462768297,486798563,1382774276,117931021
6412,469056462,1884815588,691690991,677561740
6413,1842936423,1727533092,946447208,1546058821
6414,422306198,1094060289,621776519,1659740945
6415,1781761598,187274842,181624491,1706944993
6416,2138033295,456260146,1790197008,56455938
6417,483281845,115410756,891734188,1938434394
6418,675446881,1224168751,1814774829,1490048890
6419,1777031291,318477330,2137751804,689206337
6420,271369527,390883266,1463233288,1012429098
6421,1958173362,1052463154,1637100427,1385983714
6422,808746720,512338270,418940935,865096529
6423,1933881898,669891649,182112957,568848880
6424,1252710082,1816387207,1487911432,1584038647
6425,403480986,1906134824,2103489050,524874042
6426,752217468,1384755373,1977320666,955398091
6427,1148318348,974879939,358763567,271230091
6428,105048197,2057940553,1393596610,1486634994
6429,1298522435,1607216349,150658144,1002329298
6430,622172784,1468548638,63426941,2139073203
6431,213671327,1132316020,1376823909,577819039
6432,490253651,2028771096,1019763420,1376934715
6433,1228138773,1052917568,1601525169,1876535510
6434,892329007,647891617,1158888625,1844054081
6435,1464788987,436063009,877162755,1733930562
6436,1970507633,1791324271,2120284136,38420835
6437,154357398,1849439014,1715230723,1930449422
6438,1907974674,1557875546,155715806,1846792580
6439,1457256314,1924580786,110765551,1941680315
6440,172133452,658466835,1326592616,1032751937
6441,1024014459,282943719,653693782,1566061144
6442,591167295,1516698144,183530595,994486113
6443,1954186869,2033663534,1585536984,1785981662
6444,875012716,69344235,18005280,2134410127
6445,1734789532,1626170620,148024630,1868893698
6446,1216523436,2098591491,553541584,1838214148
6447,965552117,1911859952,1427254279,1482555374
6448,364472624,2028998109,1747075953,669955925
6449,69334599,1989330192,703575651,1868026058
6450,322741154,1943235465,1396550575,130594158
6451,1671888311,273155447,158966594,1738809682
6452,734656553,348101144,304665988,391422142
6453,1237483176,1800991888,912475396,1320945107
6454,2107162223,2092440183,1281682733,359741630
6455,1423280678,908917136,550144640,1036903031
6456,612133548,1435115648,526939949,648317541
6457,1280149115,1622028252,1873796569,1380277086
6458,1514515915,435611971,597730791,1519274858
6459,1301597528,1064879254,221675431,566155963
6460,1405013846,1019686138,226205762,1232171724
6461,422997841,1963890145,1669128467,1120711891
6462,706204771,1411143036,857905863,1515855538
6463,763163308,520967671,2101739406,659950413
6464,433527632,1560589081,237910815,2097676451
6465,481475288,1166932861,1040541659,1480041099
6466,509971293,874096423,1945198095,348246008
6467,1963438725,1566620517,1017546355,1310972091
6468,762734599,240444641,94783277,10247125
6469,495151905,1657129890,839122518,952790218
6470,646232347,581967271,490490801,1365716696
6471,190976449,1132451114,1508217025,389729445
6472,1633246949,794246961,267601868,498083105
6473,1815646313,1735359841,320158002,2141549693
6474,1379463765,1928288144,1402930782,1058833229
6475,226266962,1933749319,243474173,934019080
6476,350419516,168265343,1992385868,164977898
6477,1486253666,545596014,275809231,664108915
6478,660220252,71415972,1906591488,2018626229
6479,2071790277,847791572,1292352086,687382222
6480,100775258,1979796419,1054861168,1414532145
6481,578995115,191851204,820524223,910943544
6482,2020549036,1989593750,1819978470,841777685
6483,263666119,1689964338,1780553726,129762890
6484,929799980,480042223,129456162,1817167854
6485,981056094,1673507147,1207056481,1033590043
6486,10106318,912589118,1828233536,406203970
6487,1431932682,859178408,1745221480,1184691337
6488,682136049,601921670,1562320688,18581271
6489,580750589,30701083,985843681,409581407
6490,524872600,1846005322,1178604550,339155722
6491,1575584783,2029762774,1564805266,525961516
6492,105725358,2073519674,1459749597,448617855
6493,2073005022,406570991,1388446347,880596503
6494,789896692,736403072,2134564946,1530046602
6495,2050118426,204322380,1829350097,682795313
6496,1804454858,354846526,1566127697,606029169
6497,1755168771,1519871518,1333958929,1190968441
6498,326609946,1743402373,1001545172,2112042626
6499,1844738950,1926153895,701383236,104766250
6500,1512648568,138992536,286276374,1038202173
6501,677296384,1297558162,466128631,1705035685
6502,1990991378,104778660,45387076,387411877
6503,2063300055,1139014085,2056008793,2033525696
6504,423118375,1319160733,1429376087,486185788
6505,1161537659,563163382,1289608976,1176547910
6506,1054259266,230492583,2126811386,1214387022
6507,840330046,1093722990,1404514172,832939923
6508,1263435735,1435770076,251264143,1435394156
6509,1062723750,1625558783,1901335311,893560156
6510,1444598595,1375641013,1493702003,291254357
6511,666915419,1813357984,894532000,154402177
6512,1335603395,2089999299,347679641,260841074
6513,1344567531,1387073669,825770791,1049826918
6514,1151112754,796406396,1705484327,455939770
6515,134461974,1400771940,256933377,1702496289
6516,659022234,2135717222,1140413532,1081925580
6517,934183718,2057953953,1089810060,677994419
6518,1648734884,18577030,1575982975,1329076986
6519,584749389,157510834,1363589377,76361925
6520,248735886,668711433,1692598348,217818466
6521,1799645541,993629124,613494760,1912682616
6522,657464950,1419996910,669743339,1104332692
6523,840432214,769933101,1711916206,1727205700
6524,282902496,2061778613,1220323136,1581135153
6525,1213755718,826999605,132086728,528328137
6526,1523130651,718977817,1504688984,1445946079
6527,953532136,75604420,573824147,736703482
6528,1158236889,514631084,1999965900,1420544865
6529,1810006265,1488350508,688965867,1090972507
6530,1322690901,217672231,798512367,1274529115
6531,1280019901,1768112272,1089376556,531162710
6532,752683264,208193692,1581662489,1216662339
6533,1646740005,1261391218,1078080431,1666509703
6534,218595621,979177262,176156669,1560846157
6535,490802561,923673005,1494811645,1875882163
6536,169703974,1602483226,1369782931,317327385
6537,376482160,1678921683,1852681568,2046084936
6538,586053334,624990591,1223640292,1577391388
6539,520318105,689713678,967902598,517790513
6540,1403548817,2029771890,695569649,857581322
6541,1800004283,575869163,808694734,671837813
6542,1910410147,1422810348,1946601968,1188433205
6543,2125819623,678396363,1991530031,1450987073
6544,864169508,374598846,1952388176,143609504
6545,652534278,979825282,1547950954,311813978
6546,2077750067,659785880,785604188,1309232889
6547,2030218824,49970913,1285698027,1518826865
6548,466426894,2120765050,1728108514,2100310804
6549,270933348,1306291361,1056510933,1231298133
6550,752963981,1298985920,1874985114,1327466739
6551,1570117246,668198201,581830735,673669003
6552,2067419757,190968015,2037073502,1688597033
6553,992414977,1638712672,1555281042,2064103811
6554,502719975,808359179,284994252,1377369357
6555,204050899,1304286742,1772488986,295923557
6556,1415661004,640430015,679756496,674032308
6557,186475062,2028266081,2120889795,1259097410
6558,1735532677,1544344053,1342903921,283775105
6559,1384679980,1598235063,194113863,1375569377
6560,1879625630,279048878,1767953260,2031473111
6561,1304942980,1447512213,2138876616,1925187094
6562,1185490173,943632999,1935436111,883898210
6563,1392331211,189821030,742996954,586721525
6564,185654222,983604839,1874288450,1714525512
6565,983115344,1384320452,870887387,43283086
6566,1692608325,1154842984,202999119,1641311466
6567,1813767663,1543805236,2012832181,746592025
6568,1319367955,783451446,1286590818,526894035
6569,24535714,762365067,493073012,573418401
6570,959643843,837571020,502574045,522534389
6571,1104944710,1891990554,1065681248,1957274790
6572,1725062063,134506109,1218578331,661457256
6573,139595155,1813010044,1175402530,554353762
6574,609830837,272865887,1409970054,468957791
6575,1523562560,1694847832,1299787226,2607164
6576,1643280214,1943742365,746995264,153709018
6577,1457258695,167131604,830980532,1667235279
6578,1420656113,681994494,1077882757,1163713195
6579,614130665,1473916900,1001578913,34164504
6580,2043821191,1528678052,1725358194,667311760
6581,528817080,444775937,346283244,394381030
6582,1239375019,220283189,781230381,1679960053
6583,987625413,112376380,1132408708,1163473121
6584,1398691298,1236188386,1312207932,1302413695
6585,1842588300,677458106,133531332,1191469998
6586,250717315,1928311192,1646395312,1904085299
6587,1719515888,1270867129,1717559568,2098331716
6588,1992436953,743535884,1672750061,640583871
6589,1254566508,1764228215,244181462,1765989531
6590,1865511904,1943189296,1063872035,1887585852
6591,654811817,597764467,550203598,886609703
6592,1525521334,853265100,158077349,859157323
6593,1654964987,1605258901,1765545947,1993146684
6594,1870647449,952936274,1603060798,854814259
6595,1696586846,223648175,39936717,1319805282
6596,1027403574,438372719,66929779,220938925
6597,43962932,1626685729,238201253,207308897
6598,1675013231,158396159,1926988252,1062730513
6599,93856559,156905969,38236096,1980842608
6600,1547307468,1448583276,996349583,1629062554
6601,1727032430,2135620055,1604772232,2147353772
6602,289548800,243510346,1377967510,1356395803
6603,796242230,391907410,120558414,947778440
6604,271138709,1953863301,1899987884,1350145883
6605,274462803,2143063530,1725454626,1565253615
6606,1853871053,104642342,455382434,1763531358
6607,603551920,292441588,1941189152,1785888515
6608,858002416,569036996,1556629291,614588256
6609,722766307,54757576,491587829,1285493376
6610,1793889768,103147028,1111335309,1245466694
6611,205673497,1933895205,815372855,1995043478
6612,1018371850,1478429001,1962968002,1201480062
6613,2013647313,1925438023,1787003553,308907553
6614,366766829,42791841,771552647,1178090248
6615,1319107838,783632124,1089259232,921881465
6616,86234801,305580572,1147976287,2076325712
6617,187644682,560886520,744402107,1983395386
6618,1035708147,814573377,1548129689,2122287682
6619,1156765297,323659043,1436963080,412886121
6620,204706517,2053497381,1665201134,1894629088
6621,167632703,1005361356,1250955459,363295168
6622,1451517341,357247531,217035450,1416455566
6623,1240823879,383882438,835604522,1218582314
6624,1891458671,616468935,2008204271,1885645043
6625,7925561,1555530204,165675083,1387912722
6626,2068785212,184236201,1499047778,1639317272
6627,33094399,1893357113,2019863954,1678790331
6628,1898381287,548257464,1556845719,2140008552
6629,669956868,2115291673,2075953427,5336294
6630,164142085,1821962193,220268805,245667244
6631,1351464823,1233041416,2112419494,1378934266
6632,1645625081,1297164742,349894640,1456250217
6633,648048520,717953180,192901648,455719809
6634,346882255,340863012,377036818,854870286
6635,1182098132,1512610249,1416970616,1794397675
6636,145237592,1177837514,1497858702,1467106065
6637,168713438,1314843055,1815933873,106741069
6638,1292881041,1628972924,1201166738,1138061849
6639,420929952,286777111,1225422129,877071308
6640,445406966,912425285,1416604600,285690839
6641,987876988,297868738,602471856,909790623
6642,363328933,342586686,427765842,470939387
6643,1319666192,1825569103,1091485069,135683238
6644,2052233066,346797493,1332835755,392108839
6645,874770769,517056322,99076437,1709602776
6646,1162037489,1212562596,1911809641,1201186428
6647,837913639,1780269634,1903830372,1233999335
6648,864697465,1121290175,1318374810,696590320
6649,1224861056,308674104,816544190,734927510
6650,173774690,196200860,1549540373,1081772929
6651,107471023,1684458371,856211324,772984840
6652,1034530082,981504887,554741995,1388223542
6653,768848720,180153751,816430076,935746682
6654,621252955,1158755042,163550241,746540544
6655,964384926,2130509485,1451203507,319527397
6656,1805376596,1020608333,1363421066,707629889
6657,1440642868,308363248,2012421812,1718094164
6658,421666403,284160874,1358701377,1813279263
6659,1029512260,657744916,546109103,85999202
6660,830239155,421118053,329712233,1270958569
6661,984284712,286174403,41160438,1510632725
6662,1011342786,680765850,699043154,2102589212
6663,1566117308,1601181843,2299287,695750320
6664,420773858,2059497150,1066408517,1954090143
6665,1927602590,757642327,1019676357,306507089
6666,422797954,952871974,880840657,406929670
6667,1161087185,486779305,814290621,56717723
6668,1316839415,1587234325,320273031,380844328
6669,7243767,996027857,1953674229,1498437037
6670,1781536842,2122818391,499090224,1641473825
6671,2082869335,1833113694,653488728,653531123
6672,762011337,530970026,546061755,989062280
6673,634362858,469193159,520788890,2147004956
6674,1864894488,779795100,1406944864,1494509741
6675,2113111149,364605653,797829479,312907130
6676,1205702177,1520222481,1182355208,1958562181
6677,497117566,1164840184,1195748169,831050421
6678,1708624400,1842273389,265059156,1595317771
6679,623027010,2102209314,1905806372,854898609
6680,138962462,401714142,606445476,131381000
6681,442964693,555625094,1387556484,1747756325
6682,1271150754,317221123,886389824,839727634
6683,1984044395,1847560557,152886547,1432291534
6684,54164942,1357366664,598561958,544111911
6685,109651356,1229164389,623798512,861877240
6686,329781457,299327935,2108931017,128524323
6687,271646073,888052921,680927690,1449284413
6688,822560497,2136637513,1450690211,24108247
6689,522519604,1339900481,1673370972,1027232189
6690,1510425998,1599700142,2103328924,912814973
6691,311424386,961318393,997598280,1883289439
6692,1784133973,1892460374,192043037,663001401
6693,809426813,1305544481,134382265,1890336767
6694,512155651,2002643674,529709138,240531239
6695,361953422,1387410900,521060240,1286040009
6696,1505266247,210498190,642196985,204128696
6697,1613839544,212060057,18186765,2013387083
6698,1480741107,1131711173,2080139246,1479833216
6699,1790278801,731622683,1851515212,2003061395
6700,844358195,1751801740,2137124923,751111064
6701,150879740,929812914,2036758862,1061014837
6702,1806931943,1416905912,751018720,1945382981
6703,1834462621,1579766492,874573293,2008898118
6704,81184689,1036773631,925815953,475096861
6705,1005084837,1613106359,1367867251,1642737343
6706,1805875478,1350153523,32801944,169270004
6707,868238613,818376966,425932874,514953886
6708,1296741742,737535005,1005055450,1975418317
6709,1283594247,261006495,1433503445,86389444
6710,401312793,1573085334,1295269404,1896556989
6711,1997538873,1391328630,490897163,1263295927
6712,142011678,1725394171,1426871232,1865869814
6713,993039534,781635144,555302315,208404324
6714,1040803935,1461420545,1465735012,455661454
6715,1338444356,135970085,781950265,1931197886
6716,367355558,1370340236,1325945107,1334410711
6717,743631005,807017775,1563070357,1814507811
6718,1991730844,634421172,87942172,1406783751
6719,1078437675,1657038207,880528876,2105584484
6720,55084181,1560937485,1748346937,1390080939
6721,324238313,989970687,1637991641,72349591
6722,2020963569,2096654169,1736527362,1086828175
6723,303676568,441480277,1194452468,496380763
6724,72206626,465580974,1628662543,1198325602
6725,1481143383,533596426,732240810,823849074
6726,1421301482,144614075,1240686400,1167588506
6727,1921712375,1393123274,1710307581,1943190363
6728,596630872,304142130,1275949479,1513693925
6729,1352429300,847873615,374489889,1192518946
6730,1702153775,265478952,1833055992,1835006844
6731,2049131441,717581621,924829524,1090453086
6732,506238867,1856310986,1136362453,1964206824
6733,1413254767,629739646,724970723,1135131770
6734,1560887532,1286444397,98689398,1494157421
6735,1528783959,1745253293,1379398678,1670239066
6736,670598345,1171750191,1668956083,941119335
6737,1019380890,1141329407,1225362091,77528705
6738,1349270556,1325167180,896641305,1507613066
6739,1328947428,1910782529,1784652843,1687854937
6740,1614188305,84758000,71019322,666643319
6741,1326358768,597487755,739188602,1610056190
6742,1502106279,757667371,782574940,1169852909
6743,315015108,275815435,854630415,787880441
6744,1978898387,1273102453,442574430,58486537
6745,664508310,1051373132,1074538314,512705824
6746,403104119,374450384,501564539,98194344
6747,974997332,1363040342,1057459126,837319998
6748,576378914,1148920408,1133963488,1874978534
6749,1067009642,2147166113,315290917,489584808
6750,434810540,890174886,2123061791,949862394
6751,387337385,259610884,553047578,1378918807
6752,466904963,122867355,716720562,1542603577
6753,2021982838,1809266236,1997884635,1492559044
6754,44170598,1796616963,159498523,1440686299
6755,1085416461,1041345900,323918813,1171707976
6756,938424813,473997058,930218882,1401339799
6757,1667698109,1890217857,1522609152,2079501426
6758,1138510839,1482411919,1699342086,424021697
6759,326923982,1676577759,47477212,1037960718
6760,195247439,1017589826,1326292767,1762369211
6761,322387539,880815133,1329361854,1980157038
6762,1597118704,499256195,1781807219,423538618
6763,369147185,1683003271,1872890484,902333865
6764,430642203,1976535880,1402371865,858438550
6765,2128854697,1107718462,56301698,781006088
6766,1620390147,2096129985,661121722,1822673944
6767,661381603,1861310882,1531059485,930395918
6768,1939529602,237640980,1833610796,409514590
6769,1487819923,1620116456,771065367,556925594
6770,1315718548,362547955,2097865828,814461613
6771,411628710,35671813,673607902,16061452
6772,1958608024,704244460,314596962,361651285
6773,1374747209,1744418980,1961919476,1473713546
6774,1767629698,1931019436,449337662,1715184758
6775,252027116,1044639467,1854437123,2019133540
6776,1989497676,968572588,1055457181,177071403
6777,115822763,478451330,1095417404,1305095171
6778,542677625,311992676,994207249,44254912
6779,1077946389,1714204474,1651212,1295118636
6780,2119605240,1637048338,65791594,156353310
6781,1358799740,1711965572,1539042531,1970210058
6782,1441466264,1196035522,1801786196,347258610
6783,296238221,1367976800,398133634,1816297342
6784,291331260,353473455,1493909100,2059023297
6785,1626375695,1532261469,1186593620,1879910903
6786,1985634944,2879712,1500468597,829976716
6787,656225129,2081278050,1909364688,760220618
6788,1632705909,1106002308,529214334,1153544129
6789,559471099,1159556372,2017054160,306561547
6790,406160168,16450823,2114682306,1751346769
6791,1366832041,1462553732,1406177574,812385608
6792,1043693042,225565624,18531521,385524513
6793,1466237074,1450721204,1073565934,469842921
6794,459506623,1371784414,182946539,931324683
6795,574315216,58080715,1777421458,1205061423
6796,985443125,1054885411,1817598213,438244466
6797,1374413283,309772996,737410431,1035619151
6798,582350578,1882910209,980199448,1342494095
6799,55528813,419056323,2025437846,620111703
6800,931664660,1564371552,1924313000,970622888
6801,293292368,319938827,256494836,137139150
6802,1775451643,290788059,1801162450,1784631180
6803,1900528937,2052999921,1252769731,808603602
6804,1091865878,385243706,1958475111,1465436366
6805,115435860,482943990,1220531919,1037506354
6806,425617671,1531103078,1320146735,1784166040
6807,1213782115,1716946792,1812162265,261124573
6808,920082427,2029434014,1595211988,1593603265
6809,745086426,2145217572,550760187,1636591332
6810,1926585938,1786694699,1433803949,1445677780
6811,915567683,648939231,387168839,1277979874
6812,2088311154,1817615316,81912226,228944240
6813,717273730,1020579700,1090180875,1227870226
6814,378391051,1467924997,843990812,256484651
6815,755799923,320761713,422003857,1017043540
6816,1029659427,1408152759,1654726340,1765218410
6817,1601552781,1873762845,1199000958,702142816
6818,1604760848,20850086,1412244643,1288679072
6819,1596862503,2059970741,1704646128,2110608389
6820,1057645154,2112131042,46988469,81971706
6821,778893849,371740823,2093770490,1187988892
6822,2023187433,906693017,663076660,484411854
6823,566776036,795435441,871464694,2023153884
6824,856550141,605346790,1084970567,910181236
6825,996580904,622166142,1025744635,1795998429
6826,1606125894,1843568822,1832237054,158691705
6827,1088964122,1312398370,1245241428,889994310
6828,1817377569,997511241,507907413,645816811
6829,694177211,1281111044,186315340,95619518
6830,1096446661,1957626794,991671323,1935722828
6831,831250631,644967911,863775808,437932537
6832,590438837,1928266834,1691574536,81024921
6833,302460336,1305252274,1602441633,244023116
6834,416749062,302264656,1880938613,1955721692
6835,1457780226,1432331750,1739652038,149192508
6836,1602381361,1607654470,1562796983,42179253
6837,21680327,1111711387,2077617143,420244031
6838,217387275,1084809566,1091919836,788133018
6839,803222878,2015758465,850101055,1728184677
6840,1842806081,1325338043,913668135,1095260120
6841,1973495459,255383902,1417271421,652291293
6842,723162265,1708145372,737008074,608339294
6843,1692062556,2058373830,1188542968,1280463349
6844,2022899352,208624790,1610407800,1804920297
6845,476505218,1476388454,1848006984,1652792613
6846,83782991,181145488,1192719796,518455641
6847,1628377752,1839302667,786197237,524048821
6848,1723970530,1953440042,1864837063,1191359521
6849,824566182,817191479,989580722,1629917494
6850,1935329850,591492170,2123700809,1770681335
6851,302953967,131455917,280280762,2125888559
6852,500108929,475559146,1024251748,859060654
6853,1076450652,177729244,760059980,560633208
6854,1368132982,2017521475,878031536,456183243
6855,1206783029,1659302153,1532547248,1009316458
6856,966290614,2056146065,421648813,1695809630
6857,238702641,101931398,161468459,101037951
6858,286484401,1959408603,316305128,1860180264
6859,711280333,946103433,150967144,905086687
6860,693918911,289235384,203989903,684767445
6861,2009000350,1745422272,199087221,2058268574
6862,1761762202,379184020,880506261,1786736909
6863,1649483976,925165794,352805248,195601498
6864,1942934498,1768884474,39625810,1482719929
6865,1540322042,578356103,2068170850,1304923022
6866,2135188559,1220073005,1860282872,705907177
6867,1279245031,1278958895,1434885053,65555541
6868,591452565,795959631,957808285,1608565602
6869,1928974672,500023428,1317727052,1577324528
6870,1737917189,1615152238,658554379,1510281622
6871,1464151862,1173269196,570344709,713013190
6872,763526669,439652846,349453811,867897733
6873,487513249,230853151,2140156781,1642963564
6874,2103543921,1465243672,1127234873,548801859
6875,1523415339,1630745121,354069671,405914193
6876,205981987,793637634,403776818,2073792859
6877,1399628806,1516531406,36952717,578101241
6878,1964423378,1704008081,883216917,843641623
6879,34284476,1445289355,1575093891,151385957
6880,754498704,574627789,182969786,1973696549
6881,248370383,650180533,1514319134,171459655
6882,1655011257,1756209888,501924286,958566232
6883,228529326,342912431,776522877,918853228
6884,415056107,1011471864,1924446391,1842318255
6885,1669334080,865279644,702172311,304671158
6886,1471109021,1669928444,1927016276,411121788
6887,1929547010,345530382,1262297642,1836903247
6888,1821081868,1926718491,1493371660,202749069
6889,1151406651,821275411,50543659,175311574
6890,1464129311,1372538615,1026997677,1755334241
6891,655260022,730748775,1036340403,1416349877
6892,981748861,1603080291,1921757984,2026398561
6893,1887822910,1712661418,1936465862,632933638
6894,1253814595,189387892,1697743767,1265001181
6895,295959316,427811891,1194006177,1445089379
6896,1453272417,179303212,1340365014,257217212
6897,873093780,963869576,2133002856,1728297456
6898,1771452807,163841176,1299078235,1362491319
6899,1603036740,510279065,2117582733,1791468257
6900,1690453000,648477825,416102245,242986728
6901,1778753732,1819913080,547974586,1298204484
6902,2056454483,945500729,374686553,1143095714
6903,1741684835,1164282066,1993637461,510108232
6904,12726836,347202928,88582120,1554668998
6905,17193216,1615214543,558486777,49962474
6906,1981981844,425868697,2064492903,2068266106
6907,921966672,1666709728,411499313,971271200
6908,1307133570,2126228054,1870267397,438980235
6909,952421831,678309520,518960918,1057372521
6910,1828588578,1974222290,2025708032,546799123
6911,1459307832,223307807,809808311,1431369000
6912,1899792684,273428063,765094212,1626755518
6913,1210081146,1215124864,2087038456,394323294
6914,623089024,203564357,2091725680,818561457
6915,2125234206,1550520962,517161611,912566693
6916,1780699941,1710687037,2015718278,1034935505
6917,1904373645,794806640,1369097375,2028442508
6918,212243893,1370925504,1462003361,929902206
6919,1693515877,260528605,910226826,1374661926
6920,771014435,248974294,1182744690,1233297507
6921,956850575,452915011,1370481627,1438708829
6922,1132591972,1748038154,2072087442,2062867068
6923,1240055884,602054588,1438127684,18529925
6924,741191887,266368210,1827227569,1476900822
6925,35900832,974234493,258406594,1388939425
6926,32633669,2059568542,508567904,1556182604
6927,1972505915,1380605708,439462270,98866796
6928,1772017277,1003306311,56985800,903026221
6929,863900965,889138072,1500559163,1282592888
6930,1893461889,491417287,1780689548,159296217
6931,1877290598,842562560,1117445251,1002553678
6932,1838819977,1094267736,1642453952,567145537
6933,1979069861,1779786940,1877833792,2077808595
6934,1086629720,1003164807,468395293,876452231
6935,376632228,2073555152,345186961,138554804
6936,1153904164,921254664,17451486,1286467283
6937,1113533785,1853995590,13709942,719022965
6938,1217005183,1595012052,164797000,1655532893
6939,2040796835,1408189920,1281147920,152958860
6940,1782016373,560776365,916350247,51209894
6941,380975835,1083458303,819244987,897727791
6942,1408861569,518171839,1103140096,676627281
6943,2105464277,661154917,1407509957,323977302
6944,375131756,1344104537,1232138481,1604507402
6945,694314230,568802523,895380623,864091929
6946,1355647118,2101860296,220103127,1871317728
6947,1487559659,1587276030,2113850349,1469835011
6948,1330136697,1473462420,1693945773,1522659048
6949,733816168,526792668,1899141776,68923160
6950,885342016,630767097,1912040846,879592843
6951,1717701002,1968260944,1940599198,1025614166
6952,2131337915,881990319,1540923157,1473883675
6953,992955108,1507378793,1808518178,26946795
6954,1802646877,1100702501,953470811,1856865507
6955,619705444,158952388,1889459378,1939774722
6956,794575703,976669307,2067334491,1517309181
6957,563946204,246688702,1099806264,598921333
6958,1746718389,2101213529,1327431688,545123757
6959,1374761966,1260793915,285950365,1832208075
6960,715699257,99901956,374576774,899987694
6961,1374775715,2105649207,303457699,1798256210
6962,319887065,1276124229,692588858,269194711
6963,213635521,1206474621,1544650990,705253119
6964,1374239682,1224003942,344849710,692788905
6965,59153062,1088616330,686690592,1158990528
6966,1855448867,1387961337,1933008430,184348393
6967,76615096,1627675421,1276416388,862763131
6968,1693652201,1553803042,428850408,1287712291
6969,2054058329,1751794311,1783173678,819745442
6970,339978405,1551293153,1411914048,566909776
6971,451324667,766960343,2000133927,819146681
6972,1419953819,1067801977,172481467,1213545800
6973,50614077,456122865,1294748898,1487311588
6974,1434248251,2057612384,648057710,570042992
6975,1710325102,1022099780,1551511490,1217401314
6976,1248688465,305867401,1735363708,1229475829
6977,847163644,491344268,1263260275,575063124
6978,1159846093,521492610,986641687,903664502
6979,1216887506,53401016,822013989,1631566342
6980,160024335,1008481846,209891835,416497805
6981,1127551141,685299382,1408569334,354332325
6982,91159649,2114033982,1275024949,916603129
6983,877178258,1699597570,812587105,664830035
6984,206298675,1375047987,1326967726,1889505003
6985,1177872770,1215295642,1487656937,937657624
6986,1442293839,1824958350,1833066795,1866759212
6987,994051102,1887336345,874131830,958410295
6988,1028942000,30441392,420003321,1472158803
6989,1076098947,1851989728,1220322687,1357044862
6990,745667732,2069574839,498712556,378680470
6991,1985434042,737158459,2048641878,1243092038
6992,2000617562,2026264348,253146902,1950364157
6993,30312145,998512598,724582466,731510979
6994,1623450590,1324945818,1750572571,2012226449
6995,1171586242,1501354202,1069708818,1078461988
6996,1458465740,113799744,227466010,1162853226
6997,1806821434,1491694482,741904921,1536597341
6998,1154963338,589283309,1465949768,1989135940
6999,1074971021,701166473,430949356,171617524
7000,22708076,1226699915,320099743,1739387991
7001,1883363442,143482831,1486725205,671147017
7002,840031261,1796586595,1406871909,547583815
7003,751882516,1790523382,1178696886,819741504
7004,1620496822,1340732592,1441368949,112178851
7005,1486349311,606864906,881585067,1476103508
7006,1703096231,1659399914,356450607,704444084
7007,905534134,1792164675,23907762,1157105411
7008,805229954,282906736,2119489634,143086029
7009,971615453,1605918728,986777569,1095484815
7010,2077151975,1720072230,509393183,1911276657
7011,434237656,1988933642,756053372,1117103677
7012,461209060,1125430561,1406043128,1883268058
7013,967939340,1874038168,1354459810,1946804272
7014,1531149352,1799201642,1580806902,720274115
7015,840954386,1815372370,422055660,757021836
7016,1952421056,692610197,603813901,1569380582
7017,847918438,1039400864,1429218185,576674981
7018,550060242,1131911375,1564634884,106585194
7019,775140156,1496147019,2025722284,1907561806
7020,920669639,489463044,1124880813,1712479776
7021,611065753,1989818010,1829608308,880785193
7022,931675876,1687602978,1405837449,798910739
7023,1628987556,1476581177,1542454809,109298054
7024,1943304670,1698808035,1229937084,502549848
7025,867135261,2042264788,345261485,1311826834
7026,1736100158,967196582,1694599295,2067911636
7027,382597075,372886443,107496914,1050410554
7028,1168522709,1878655923,207316244,1906517592
7029,169639818,736855684,162128301,715055618
7030,119530320,1221253431,1492756810,16217245
7031,1589795591,699171857,1308996920,1588493581
7032,1366435480,1191862366,2021197759,2146855721
7033,451466810,1664819806,1915649067,238117067
7034,1683238731,1247703898,1296441425,1349022361
7035,778654144,1067669074,1671707485,1064689119
7036,47876655,42069744,1954779707,1277416795
7037,875478199,2083936384,1212094643,928848818
7038,616568101,303025512,1935220772,1598154909
7039,998576069,1188615644,1104339213,1077372236
7040,1331367898,613391496,227484176,2027218380
7041,206385612,2028647554,18091771,1976058856
7042,1684267644,1490330353,149940170,960574475
7043,382331123,1124795081,1075131839,1960059452
7044,1373335743,1698588928,1653348994,536436153
7045,1237924060,1659753384,1437010278,766643210
7046,1404082417,424271639,1145097436,1452961613
7047,78674768,547082074,342983106,1502673295
7048,501097351,531126669,328523276,773593490
7049,410927647,1686703813,1785501017,769834276
7050,2085573749,997673039,236662207,558819286
7051,1284704499,1039661977,752493573,2086452000
7052,330523551,1369658492,428295690,1707389725
7053,1124939958,362952278,1285199610,2040816864
7054,223524068,419964338,937582359,1161115987
7055,1000233821,870903829,907578301,842013806
7056,328271060,1429012610,1648557238,1519126164
7057,1875955461,109006201,747925405,1831209127
7058,959307899,1877658028,440189188,1979718637
7059,2018204949,5973918,2051690752,814911256
7060,1861605525,2123042205,1725920406,258430685
7061,769590101,111756349,454932582,1150326897
7062,1261357740,1467100745,280033949,1124689891
7063,1875379878,408529261,975874943,420701915
7064,142892685,383087358,1008802967,360356563
7065,962334267,844756273,730986350,241066433
7066,1936590073,437604321,404205590,1005329477
7067,786715259,742552240,355914405,1912683531
7068,1608096684,2057408255,1648291922,1094248521
7069,512700816,136589596,132178395,1580689793
7070,806490100,1914061690,124028978,534063836
7071,1257930155,1938211746,178230877,1590099137
7072,1695852795,940172189,1346495617,849245209
7073,402870147,1653178122,1267765952,1729647466
7074,165224476,578026337,50733875,1948931356
7075,656278572,1487408246,1952419827,1172741855
7076,602173853,1598268895,2068266990,2085923935
7077,1637087417,1491687707,1614096177,40361655
7078,1502346571,991377590,867675263,1832624919
7079,561719510,615539110,1572045135,2004168878
7080,268462412,178765804,672846271,1710311977
7081,1096014898,1914847533,1720492450,1190845168
7082,462653718,813965307,1816612356,1532377373
7083,1580267119,1067250828,699943094,1071370322
7084,1050123651,1276616975,999868885,1294041165
7085,1829785475,1901292318,1282416175,663082322
7086,1628801803,97193895,288504637,360033401
7087,855386525,1849664065,1168454494,1170132680
7088,1023737171,434800143,1064796329,1394256607
7089,549014567,248539452,1067893887,543172841
7090,1906857208,1823181581,1854049957,724605302
7091,863113584,91845067,1031480750,1003755285
7092,2019531284,1178029891,1994570601,1761674870
7093,60972955,155972836,227637298,552464838
7094,364439059,1648161669,1192156121,1589143986
7095,1144843430,1152940055,1384929075,1906014821
7096,1552305731,385248485,2009938080,199663271
7097,229008802,1150484919,944684427,1275324944
7098,501394411,1838887071,1888354788,516709334
7099,1708085474,1068988412,1312180209,1834009613
7100,2114083362,421050591,524339098,1312008213
7101,1830277162,881030865,976780333,1658717402
7102,990123595,233035680,1799750780,1440358281
7103,1856381328,410910389,163858750,1154574853
7104,1631746819,1243718644,1716245462,1041328002
7105,1785291149,1183730214,1243169304,1732821235
7106,1346995359,383875561,210412658,1025665724
7107,1765135282,761816108,1197992141,1793823312
7108,401241610,1178356873,1834457823,320704770
7109,390696923,1377380711,1291117986,1576922157
7110,1684589007,448102431,622202784,714413417
7111,59929955,964730850,1853814942,1888624075
7112,55095124,755408413,1722955758,1210857721
7113,1559101686,276246288,830525964,875990140
7114,208394177,396558330,376617171,297753986
7115,1267341908,1422474394,800981055,1663619999
7116,2046753777,137105465,1963372916,1615112727
7117,1236162081,829208345,1226325426,1619331610
7118,232044794,1355855272,297664019,1570364117
7119,1263627795,215584970,978570278,799200842
7120,1386808261,2025561275,1743836159,488562367
7121,534109287,503078300,945600752,2012832289
7122,1254106739,1469811537,2124289164,1712575601
7123,899756363,214213907,554553591,1501666701
7124,25408664,93137308,977175882,229489282
7125,395213153,1138685268,1983120188,923011638
7126,1686691917,1297291129,1143077166,126454913
7127,1254712465,2044517212,1652684804,1645122754
7128,546663867,1035100900,2091929487,360721393
7129,723249535,1967117591,2092471472,1110249756
7130,1815174586,1327642929,1221489492,1021837364
7131,1752755281,410769205,793691007,1742602729
7132,1957759576,1841849330,1433904604,339515321
7133,2380434,1662471249,1238311307,1350858697
7134,1130403930,1030446548,1087687220,458311921
7135,87485177,1405927377,257548439,1121558744
7136,423386890,1897782362,1405863442,1140249689
7137,56252283,447240230,574411105,1095046123
7138,2135771005,472665096,648439424,279799373
7139,1709562349,1174543943,556754910,842017956
7140,316508080,208808331,91042377,77214331
7141,1822729592,326050,1123232214,33688641
7142,612320997,1119799502,598089755,490795433
7143,533001529,107244287,211131927,1567162866
7144,2074524815,2038569925,992930267,1266958438
7145,1362158031,121669792,1070911420,973692809
7146,450467581,1233304578,21064455,1800937813
7147,1972710710,1826575194,1437107947,1452651278
7148,1538634841,1886627648,1212384928,1628308346
7149,991033492,432450682,480467287,1223913200
7150,1912228893,1482044999,1062444747,1400778791
7151,1733015595,1422448832,737319441,1233060845
7152,896129006,286124344,1340416975,1487579662
7153,840227080,562022948,931440110,731988585
7154,287322840,700898784,1579068219,325653554
7155,316887011,980516202,507590589,1700940578
7156,1367756265,379892015,214104029,716995402
7157,937718740,1777496309,270111723,911934848
7158,2015745769,1932943135,1522065486,2140631057
7159,1896423627,1126681535,55673634,1058460400
7160,902554399,1639175083,1547770187,741963746
7161,1317501278,1362188143,1001429878,2089005412
7162,1069475561,1338278865,269387612,352906472
7163,2077954526,430150964,299931354,1085809766
7164,1055493193,1640670477,46700175,732783147
7165,557210610,278513970,1319394410,1035575427
7166,125290494,1527349618,1999918149,347861346
7167,1524828597,457469334,2050637262,2109045196
7168,838668925,1523099773,2010659477,1866773781
7169,758265544,134963226,208473451,1076207020
7170,1445891154,1806251409,303326520,1100345528
7171,921821489,1493332546,984928826,1312072322
7172,1345707810,689211322,1581130805,2120749609
7173,1443182991,1505439317,1031138185,1393804002
7174,1723361410,306698791,408574013,249776726
7175,295969567,1457838014,777148974,424621542
7176,1230223311,1371548307,1648069892,319627399
7177,1683882978,433123388,1852527281,1597375342
7178,1455689757,303957926,576045205,1207852323
7179,35507178,1515607617,1356191682,1133860982
7180,535289874,1104771523,1183424217,1171369023
7181,1033691051,1035904486,409325219,805789988
7182,217865260,156486802,873087473,332148276
7183,451587108,37240450,1205132352,482148898
7184,835932645,1655159152,2027610457,1375459369
7185,14557268,1375313022,1257708363,1118998219
7186,1027096763,878911693,605270427,804197439
7187,1592554229,160377549,999438451,973158048
7188,735445241,486816771,772893877,181161100
7189,1447890579,1861865826,993538722,1908434908
7190,672051213,1592493776,295783332,906058935
7191,2100723802,1047120618,1800052981,971578145
7192,1065834115,1209398077,1105030548,1287292372
7193,464591992,639554808,625168562,1390820056
7194,1095417133,1195217490,1553102996,1079509449
7195,1104511494,1035371733,1644290717,624221497
7196,1962882161,1760908178,1894055270,1579884251
7197,1668263991,700684361,151435640,1258815438
7198,1973286115,1814107181,2112430050,1458452451
7199,1091629271,2013647861,1812237328,774478230
7200,1718529267,1839434335,189537678,1844039132
7201,1047927768,1816378790,1769446437,1012731431
7202,1253023722,1396564875,1648558309,1473867816
7203,1961216009,1199276400,950097158,582896431
7204,1630515572,1729057883,606204144,457277963
7205,1888759557,1897171909,1483906444,62700052
7206,1203475440,1986075467,140539220,1238999961
7207,1132717575,2140308078,1389645172,1919316627
7208,420498720,63554817,366205379,1988989948
7209,1658812938,1681998529,790489912,799467504
7210,1495357257,704324448,663405009,462576743
7211,149857871,2146421622,175900723,1377856260
7212,872751973,342438597,1910461280,1995559272
7213,269814443,313844305,856018866,238435119
7214,1567660495,792888863,999357957,519959840
7215,616893283,2108839121,198269147,1128915039
7216,264431624,532852546,1497569427,892533611
7217,549650050,1082023371,528582939,37073934
7218,1293523923,367303509,1626915205,994705467
7219,549631762,481470309,1110856919,13461551
7220,757307839,968895855,1419962253,885534413
7221,1419122770,1375390332,1343057804,802582667
7222,59260104,1283831045,1186149213,249132922
7223,211409543,156625853,520723505,2114143663
7224,1988130434,939857995,136028783,11803752
7225,1698807767,275784336,526534155,1864558859
7226,1265964859,681885852,1141608697,1608779034
7227,902650361,1622549215,1029431870,603417617
7228,1478590408,1611182790,1464513961,166359894
7229,152834930,545197844,304978317,1124263921
7230,796509498,787686187,407253305,1158436689
7231,1088582381,148354250,197843070,428500269
7232,1924516218,1254500397,858377867,1070379567
7233,1654006310,1342360366,592047076,1693998154
7234,2093134412,1676590635,1269571639,2053333327
7235,1502472149,1402632007,1047325423,625245639
7236,659357791,16763126,1449826040,1325348744
7237,1006694579,2071062826,1186776887,628479243
7238,799366253,2106301440,272864794,1678427717
7239,2125680711,674073160,1986744280,1682834048
7240,26815292,1269321908,2039201136,1523424807
7241,978243810,182907522,1828817636,312780639
7242,714049974,834524579,483617926,1205083160
7243,173677118,1646797962,339148749,1040133722
7244,2119404622,2123268853,1843683040,568916536
7245,759547735,1807455875,1492373652,1535358392
7246,345737349,2065694787,1212702123,1411223192
7247,1548553851,1761494687,2001430134,131574445
7248,1884809575,944957412,467114877,1071994017
7249,1895551832,956044678,1940868731,591831546
7250,1003278685,1955385614,603729572,910283509
7251,369391570,85292266,2117866480,1216758703
7252,2056295569,2117907964,100054009,455553090
7253,856112697,1294051473,1339882744,475239903
7254,1359734411,956344437,195084638,1685844543
7255,1145573576,1543702924,1661260814,1019770958
7256,967001151,802072238,2117205016,1613278738
7257,188919358,1969376291,1806127521,1607825687
7258,317492551,2005849517,480190481,588677286
7259,198804408,2128272304,256168946,524200218
7260,1041725681,2120768934,1133663841,2101706038
7261,137196348,232018031,95390800,499872364
7262,1336771591,1228768780,1864026863,1815368054
7263,658335413,1854455017,2071153599,174256793
7264,800886653,1442492541,347404711,2092270073
7265,896882268,157104500,755484142,1436038954
7266,1622154573,2055635945,1214595615,1242455421
7267,646810475,1071393490,2131403842,1836599352
7268,1882611080,1750803936,567347278,795284172
7269,48943976,580382267,1975231968,1709206494
7270,1780825735,1103984208,497600675,505443123
7271,1750048619,358966840,2019182721,1320813883
7272,580879301,465066404,169570030,1937831701
7273,381635673,1191634632,575757788,1024990733
7274,2088524104,528326965,1656566338,1897199562
7275,1199550115,744274646,962822421,211787169
7276,790958270,542492109,1565126326,1470428938
7277,1822457861,853662270,778358414,1146068679
7278,1448275790,1581572804,402243992,857181583
7279,1216405812,1985223594,352434082,215178394
7280,1050105443,835490837,1608306973,2124308982
7281,84945945,1217931483,986287011,704671668
7282,736993612,1473505238,1927520867,1497604804
7283,1869910302,2039917704,1199053321,424707616
7284,1870927984,828718669,1989208373,15028956
7285,1714226631,1965629650,195258000,1921998094
7286,770952285,1172224385,491734182,1235274595
7287,1575688655,648306463,930369483,1991562139
7288,1047927898,1436774701,1042263478,1053136301
7289,1603617765,222467853,1616215095,933493845
7290,879472628,1172037865,1606887393,801269507
7291,1977491405,1795497559,1545874722,249963954
7292,223254240,945897818,1452042390,1831204347
7293,1460510618,1204273235,204347746,751187165
7294,1411088153,2105715245,369480064,1452961678
7295,1110540472,1380351913,1606540601,1047345261
7296,1093727656,387704447,1195515945,1234186295
7297,573045391,2107334584,1781677143,221667818
7298,562590878,298586972,204447320,1710159326
7299,1684058846,848331724,957962235,964643332
7300,665333857,1425363443,518312455,798365688
7301,1394320294,1751725100,1531196219,1068904786
7302,929020304,762027522,954684144,1477824826
7303,1044051752,1563706627,1125984067,262952764
7304,987986066,892124032,809436555,1270389248
7305,687175359,825180008,1296061821,917764526
7306,1901091417,901638881,518009716,411279997
7307,291046604,746769479,875726890,2032262884
7308,1084577514,585185789,659141360,824204372
7309,1736968878,1968110451,1404942072,1415856727
7310,695317708,2015880479,1894131834,1393933667
7311,1400186419,1260575374,1845377426,1123684338
7312,1358855701,18259574,1258657168,162007901
7313,1366784374,717759605,499519826,1119645593
7314,569209429,1024539857,165507971,1033168722
7315,405454937,1639396954,994871049,535731919
7316,2132275745,1717364536,2100809427,1652540430
7317,699180324,1443140139,193442718,463434967
7318,84390261,696106046,200199911,2128823964
7319,1022594899,1581187236,1670007769,6574190
7320,906731437,442298012,119603581,1200248006
7321,660630326,908610310,783364808,1226279658
7322,1837300034,1569023347,324050070,2133328650
7323,158080208,2016557297,347223679,2059748815
7324,1943308378,430634791,548642277,1737346056
7325,1874218209,1607246260,889630291,1148995630
7326,554967389,252164320,414083398,1347009396
7327,529937832,1149245271,522628357,1817522285
7328,364444511,79314266,462027598,1712429594
7329,1367589639,380834894,747020232,464336456
7330,357491567,1911767215,640657868,185783912
7331,1169339420,36156668,1432532693,731724685
7332,993174852,1112375969,151166227,1283595312
7333,1065102919,557833787,1456872448,728451086
7334,286459953,160410056,851225348,1049120190
7335,2066459962,1138620055,1242578316,348350476
7336,1112377175,153519123,967859487,200968459
7337,1003695247,1177136097,459708930,534078308
7338,163182044,1710621591,1968584677,1871657174
7339,806104807,408786712,184305818,987214037
7340,1148091380,2105316238,1018299932,328718262
7341,121655960,975116290,266163139,1134435995
7342,1398817843,1002225078,269076747,1788639201
7343,616258361,1047391664,106964583,11464870
7344,745692009,838030078,2082873717,1264416832
7345,576511641,734218142,341151584,1683789664
7346,850919747,103533756,2082396181,643042425
7347,1148559052,1883137658,279602734,1367539617
7348,1750853265,1197590616,447949189,164042597
7349,1614189476,895560721,834582664,1574768231
7350,2089959444,824480103,1681869564,487080971
7351,2105111605,1005903072,752010674,1707347808
7352,330461783,1563721098,965870761,391384731
7353,1439632359,348559348,1401053881,1715248569
7354,1329557111,675263632,76944170,1560090223
7355,840319714,104661264,854248082,1332404847
7356,1943291159,2017374248,1113397169,294613422
7357,995737017,786116640,460834069,1089047689
7358,548320341,494536631,1296454973,1327459764
7359,2093260535,215158907,406797011,1369002620
7360,1496099820,1612915374,1609004357,838872926
7361,494448762,1605128508,1365769852,1728546664
7362,1689839028,933035783,1518794487,42647885
7363,322739525,173074308,1531004799,1813289137
7364,1044267564,8549388,418374000,1626623416
7365,470687598,1513926539,580165299,385204708
7366,1135332097,70769513,1222218090,1736778295
7367,1069142139,2094468783,78847380,909890216
7368,1102857069,704063386,1443220606,1309143926
7369,957861566,1770695278,611973581,913920076
7370,1999902174,1847660370,1529717875,454094975
7371,1376478896,1733305247,1487873291,384302929
7372,1515863844,409601990,1352325962,1075566412
7373,1998578709,144357577,794800637,1609402836
7374,1398019456,1022237133,1991711551,1567732456
7375,1249970818,1607747877,775680697,1559579775
7376,158285421,1036264533,639284984,408741137
7377,2079540304,17052624,1731933535,1610943587
7378,1612906178,771347231,1798225692,1743189685
7379,798160406,60647334,395122182,1333357107
7380,1312521180,1538929576,564073524,1698336315
7381,1444282562,1371832912,1357896073,423749723
7382,1368155812,2084916643,1381501317,1754528081
7383,2131326195,900512131,1848417948,1481854256
7384,1404522716,739010708,801734436,1977739575
7385,89384583,156606037,1334685704,133332630
7386,1479560321,948953636,316436926,977477752
7387,1489949971,1987515720,1519829001,289179188
7388,1945743597,362762143,696553846,362623323
7389,970325756,1046150312,2005079041,37983333
7390,854671819,1219614836,315191043,189775020
7391,762535000,839674660,1718845196,222104864
7392,5788746,103422819,1968057591,745592663
7393,1468026351,598633225,1173756257,362253928
7394,812063680,44986858,243600720,1970260120
7395,1217524342,2134816666,1882670347,1711691952
7396,920938663,1519028513,1636902773,1565889773
7397,667254446,1023492307,266438250,1554671221
7398,1630350859,407913934,2011503901,2038922198
7399,383511690,2014414194,1041283417,1701927424
7400,1311716319,413525111,577224354,2063362885
7401,709830975,141605856,813725019,1378755582
7402,1881895686,1149645231,812116849,1538256343
7403,889449011,35971670,1555454991,1916800244
7404,1117503557,207922520,1861007788,1291180467
7405,1502050262,89107471,1540981768,377186517
7406,1719514521,163872043,443678436,25694922
7407,719437382,2083437650,1467246315,1656988462
7408,1883663831,1085510276,1644163363,580278816
7409,1498420577,1562000705,1711692549,1812533700
7410,1524436745,2049712784,1658830316,880085158
7411,2101649621,2078213145,1019095329,1719835161
7412,1207812355,2002130692,2060420300,1308934878
7413,551845304,1616969925,1054978023,664730451
7414,129503224,1442458699,384082068,1504619610
7415,1609498955,127602443,78181616,397259525
7416,523094403,1084711067,137706811,107914390
7417,120134544,1199521318,1785965852,423420223
7418,106879604,1470400739,1523102238,1136298047
7419,1773700592,1879378627,1127644317,2022696418
7420,192150977,509930345,725515559,990012170
7421,447994583,1899785198,175248522,1663733464
7422,553815646,417613599,1831677246,798004902
7423,1621994686,708754781,957720699,53151463
7424,379457872,1662362173,1607797889,25045415
7425,638279750,1901285816,1470545350,1410306044
7426,1657625635,19436989,930666479,582156916
7427,1748793235,1486394915,771004744,1546385815
7428,1363207288,1480979985,850360434,1456092397
7429,238756410,1399381966,1248868901,789179270
7430,1170129830,350394588,2015966756,287693503
7431,1437589721,1711426962,790343481,449568672
7432,1049772001,537992838,1097812617,1630915358
7433,1206559406,1069440417,1965949249,1998761173
7434,2027693821,489663230,820839674,579786474
7435,1642699133,931571750,56876476,1653144979
7436,765516436,1070455553,1309438506,1801304088
7437,539566986,178609523,2071141705,1614801524
7438,54076079,1079327853,605763914,814271546
7439,1916641406,984410898,929237008,626844209
7440,1512196154,58108479,106427171,686533196
7441,755656050,546777407,1726388659,1364493960
7442,366469979,617248790,638206484,400328403
7443,145744489,1672930914,1091650793,1187685628
7444,509546822,759712919,2001164642,1730342280
7445,1165239848,889004054,2065997807,1487397354
7446,2002364893,1817049247,1518014138,1558901258
7447,31149328,328239425,1809828138,399554326
7448,1783580222,402457569,772937598,1236710654
7449,1691273384,1366939835,1525667018,544185725
7450,72595974,1446486177,1946449010,406484940
7451,683456678,388153569,1249670329,1993382116
7452,919672991,697980784,1594164696,1832679303
7453,34613722,1199014517,1732915181,679296652
7454,1298824644,1323708964,1945562827,154401723
7455,1353248813,1507752691,580737390,580124509
7456,963321310,1199005007,1283982912,1370936747
7457,1700936862,1868850958,1077208639,648125936
7458,347119587,457218533,638165323,1031278706
7459,1951035302,668093385,398174550,1710058368
7460,1781107450,1667057712,1179550274,802659693
7461,1423201569,707366131,1738002074,1183394788
7462,1272906006,1989250425,1468490366,1487554449
7463,1489531005,2067259997,89399979,847199487
7464,1221339275,1218695720,1588302240,1628606773
7465,1122687176,659423480,890293921,1542455030
7466,1397754658,1142080669,565698128,887306006
7467,1700836664,693314201,1306047933,1978372725
7468,921850547,370414138,190483350,404098445
7469,456891042,1905201717,879973920,2110223215
7470,553439041,1984837528,1252107987,460485812
7471,1820691283,1920765070,141020512,74319959
7472,1488185703,1010440500,664175917,139119389
7473,1095580635,859498159,1593070043,1035083206
7474,2031260465,1012807936,1367530367,736576425
7475,1587670575,173572798,1944014834,2004114473
7476,1333200623,385657704,1150753084,1831295
7477,1422150542,474879389,2007348407,770295079
7478,1433622190,1549797308,823041044,1626466637
7479,276733882,352846385,327319574,1647684417
7480,916903978,711216882,2049072014,344347246
7481,1629690178,1321215316,1535817680,1129671895
7482,2100858254,1901578461,724720368,873109758
7483,687379451,1069477124,1775831066,1558742693
7484,1699120856,1266571001,1110053772,1773526640
7485,1891499716,541880435,1603063664,1765239757
7486,134021372,1020883189,1141971601,168016071
7487,323062786,2057305790,972189280,473482428
7488,18924935,73459361,212146469,1411189832
7489,287141485,893788480,172714245,526213979
7490,676712655,1691967735,586246327,578588696
7491,136872214,593071123,1311964724,503448404
7492,674063559,2141721221,1500936596,858998227
7493,699078741,1861010720,687617780,214235968
7494,602617653,1949830068,583663865,1813393995
7495,1385162762,591454040,460118738,552943965
7496,382991780,653491379,665080083,678877845
7497,898516185,1077561633,362107344,312154516
7498,2026639089,1210223676,1497329746,1841869422
7499,896070528,906691978,1173694821,1063378185
7500,1960450530,133542420,1178756375,301351227
7501,930653444,128252399,1424896712,369393545
7502,1731236950,177072639,1379732269,223535198
7503,297028567,627447628,1622220723,1059118743
7504,1156871261,1603878191,1211713203,1175540603
7505,1846369456,577847668,411806363,231117267
7506,2023010637,1371618009,1916192990,2071333684
7507,1307813512,1630689730,2126014001,1897186093
7508,1523508303,511666548,856407275,1493642288
7509,1985771777,422430370,1748993086,139121112
7510,1998164559,561270616,774973051,824759096
7511,95908546,1917527678,840906901,637669211
7512,35226822,1808384156,1275738972,1872751813
7513,20775526,1669654783,365907503,2114069556
7514,962854031,1688136413,1617868319,124444696
7515,555293596,1821953544,441329997,607317985
7516,716069929,1911497951,12268290,2060411794
7517,1856578294,279498005,444496986,916824427
7518,1153440339,1891584720,718853714,1017257258
7519,658974465,1003105512,837985857,842578178
7520,1536346319,370748632,1244417616,98220784
7521,1403695865,620319228,1126206107,2058609337
7522,320707855,796846494,1108230015,912311724
7523,1946623956,596940494,1719656943,165703297
7524,1581267227,970140494,1573327401,759853051
7525,601314303,1559764520,506210009,922877539
7526,485141876,1723563435,216857057,1226591686
7527,2077351848,436225977,1101890726,1851097447
7528,1504032330,373609281,2066673429,2067366118
7529,1733125662,1298369257,2019536715,774058490
7530,1191515084,308600480,1393818678,1815930180
7531,2084910700,2067501867,1247064686,2063277282
7532,1065376678,938679976,1032299355,139158710
7533,1265213437,1769493663,9008056,1077463385
7534,1146232553,337395925,853077407,1975193309
7535,1735861703,2058916002,211779751,477555697
7536,2018441397,1087353805,1690322913,406480371
7537,1344441052,1019230496,232398655,1771802653
7538,1422315972,1211613979,503359482,1094703778
7539,2103201117,844792858,827028700,1948740751
7540,1116694416,1510853398,2116807832,1944167250
7541,572335610,669532805,1058278458,846723041
7542,532959453,1448243268,1547134460,2106278974
7543,391178938,1025646348,1692130249,436838562
7544,1998867911,1865663519,1538221448,1613039108
7545,199765758,1470073693,235189610,1443875905
7546,331970580,1574003560,1100140463,1459507359
7547,442881450,82347058,760875606,1000358716
7548,174566719,1712948449,929319184,538127747
7549,276442334,1121859088,2048431744,1415617333
7550,990410524,598201643,436231369,355843518
7551,10056224,478207044,746094981,681756086
7552,888488795,1419645803,1645150376,1214924408
7553,629870830,559251214,1918284361,2029309960
7554,1900989539,1613996490,1425393132,1436318179
7555,1098535736,1232954230,1165313141,384674335
7556,1296030584,495165305,1181165941,1077617471
7557,374379092,483405313,1622366771,845708628
7558,448671073,1761754155,754300849,439644619
7559,88506250,1036843291,1020238329,979382571
7560,1079892741,1822865559,714655696,1374379942
7561,1074987275,360620587,123501738,563928249
7562,810510321,845865375,155550112,1253168677
7563,568953195,933498573,1547514137,665770462
7564,1200346321,348075072,1123433864,594594007
7565,1677468237,769102855,1009480783,1148463282
7566,126725697,1337935942,1718955302,1876331006
7567,852983121,2090770778,943353193,967984335
7568,1018580059,1857526951,851074921,2067115510
7569,999862854,756320269,1994319788,991183900
7570,1543762499,192916853,44430199,1530615572
7571,1202554543,387631607,1793749431,1190399923
7572,1434959699,55241766,1727953854,464759801
7573,1814337473,769928354,43244780,1747288539
7574,754891811,1486213999,31274861,2137297632
7575,1977116843,366115279,414928566,477823289
7576,290825320,2132542147,56307585,110846995
7577,520199482,2051166395,705239734,298857732
7578,2051977913,426477207,1013990053,1342918653
7579,1594610941,1313745215,694263968,333584003
7580,1250779091,619166380,986264095,1631302244
7581,1837748537,1940475148,495322290,1282755475
7582,1725464810,1892792149,1111127885,649516590
7583,2064671421,514379528,1966072826,1574272606
7584,1597209411,357517562,1426022372,988056796
7585,1400876619,760408710,695465250,1239841976
7586,1791173085,912471215,334532160,388070067
7587,1610667346,1206982864,1396588829,429157629
7588,1989701715,2106433857,347266185,1808718592
7589,711206055,1433700369,2119661656,960626700
7590,1431518251,593443555,580206574,2011545357
7591,53402073,1919995800,2097862478,1092251766
7592,1074273519,1857559888,1270985995,1055039626
7593,2115731214,613747220,1511221295,1351719616
7594,20008150,937264494,1805062114,1827317599
7595,1608987421,698710851,2066137439,1752251772
7596,543916837,111448123,152731096,1918528436
7597,367287583,1795419643,373836135,504635942
7598,2109385288,77069258,1855912016,1787608290
7599,43358304,2017805655,1068449144,838878836
7600,746892473,717670281,800137047,1841873223
7601,1942484992,828163546,970472024,32960302
7602,895006678,338861558,298306806,324380993
7603,809895150,1169479010,139112931,371965463
7604,530873347,139194157,1270133364,1805133123
7605,491649420,434539418,1664242055,1944372966
7606,1466357431,578559639,1918739427,568202321
7607,410400406,1185371786,862125450,584953191
7608,29406898,2051317762,504889002,1677670845
7609,1265404828,2037574095,720691150,256236660
7610,438518128,264070830,902981962,653692559
7611,1718252587,928372051,28429937,1709957954
7612,563290615,333028218,1129832550,1481978033
7613,1660120358,190974771,1852419511,2083175605
7614,980677563,884285120,1935295325,499629198
7615,975603864,13126260,806144188,1116274523
7616,1890549465,216914437,1651932205,293973930
7617,1712106399,1082168299,314697860,1500893727
7618,1368190414,1917375039,301730298,1165387070
7619,58641097,655199630,76689763,786291733
7620,1292240396,2023872964,835123343,1321015824
7621,1844554592,2010207946,471962333,1630716750
7622,1210230085,2028170045,384262654,360588184
7623,1760640765,621978483,200126713,707648990
7624,1280279854,749852749,1554396264,1570475289
7625,1828024815,226981681,1515271746,192924587
7626,1186580826,798019540,446383597,1178438209
7627,633090575,767978500,1982075114,1777181990
7628,204436187,1154017935,1693411047,1253471447
7629,1195773519,778867169,800959184,874806071
7630,1916295271,1679355198,1720366984,1979635362
7631,1079539154,1257862678,497417417,862590908
7632,1345075481,208999105,1261207447,1280849634
7633,833896409,1483359638,761487401,1574952292
7634,1185565923,721213878,1074457548,1377682460
7635,541841295,1402295265,1894145082,178721663
7636,1996749085,556116425,1833036486,88588575
7637,923185961,1050852334,1086419966,1052235304
7638,1470234774,2027166753,1301958712,312919399
7639,362561065,1255482632,514878391,2140921808
7640,812235137,1713714825,1134973157,228315332
7641,581688377,855185885,1960286541,1173437492
7642,92475592,1649853458,2026897030,1178507067
7643,894239312,1591209275,1068687059,601562550
7644,801123690,146344968,630742327,751098867
7645,1164766263,898733001,2045870272,322336969
7646,1759630163,1793785031,498772295,717405565
7647,1251149540,724688891,1865271560,243257272
7648,511683501,626253325,1570411415,1470645629
7649,307442161,759872305,520145238,1673940630
7650,1157048786,338497383,1802837225,460658833
7651,924768227,300491679,171934346,776153270
7652,596436426,274472232,1196491091,1497578608
7653,1268827735,2074634864,1502473547,656833874
7654,16642502,1056816569,1357919349,1152792040
7655,1606234541,708258904,397274195,1727009446
7656,890862692,645315753,745691609,1165760466
7657,782296150,1991468521,1655121019,340320843
7658,1336281430,180447634,1018573432,1696830650
7659,1584727956,788988269,114341293,568129638
7660,258669076,1519013362,2120229585,840546708
7661,252969539,2106838403,399801865,1596360787
7662,629387236,2146381359,116662579,2075603886
7663,993438857,1154929887,34105851,486074995
7664,1849345143,2075639792,246717601,1258220570
7665,1908727412,64695619,476678610,1241384989
7666,506253749,2139575092,593213846,708959552
7667,494349836,650296026,876789932,1921843486
7668,807079869,5117508,1025897080,702785675
7669,389414867,1390061931,1676681055,1922890195
7670,534361673,1514343171,1169918268,149499255
7671,1668253322,592612345,1584487108,400716581
7672,1654666287,1827766382,243147867,958401527
7673,834522959,1674142384,1361789795,862348186
7674,716425388,106656505,2038181892,249171438
7675,461449994,155957456,1727351414,1585475568
7676,1746591212,1894731744,670941713,1509885747
7677,1140982550,1174443336,1208306932,1235040090
7678,641198518,652118776,2049553819,1796066972
7679,1081450370,179743015,2006910692,563778431
7680,207945637,1585144218,143602108,155626103
7681,987927109,2075982838,779955041,1641990122
7682,1160269362,157150014,2117019646,2046398639
7683,1744433776,1077094593,2001916957,1760648273
7684,2042722731,836222183,2021209315,1249783035
7685,1018572021,1403073351,60419473,1058533721
7686,520124204,980739991,1461920610,762762676
7687,843370293,2034442663,2044924919,992753057
7688,1676038329,135919456,1633204053,655737233
7689,1750290837,1656889141,250532187,1627973972
7690,1540988054,285870850,1015490792,763581643
7691,282808283,1072598388,17172355,408092914
7692,1920130177,983299851,1877322911,972703590
7693,172777234,2056066186,1886550954,608590395
7694,198226198,1702431575,2038237950,1415716169
7695,1988186649,990540325,531220590,1440090778
7696,4788270,2057687962,767765731,2004920013
7697,1113014915,192538411,1506791011,2010247422
7698,926218553,933196597,1200726105,1444146172
7699,313309089,623247782,2045468474,348820872
7700,445816602,3469618,1016645352,65271493
7701,421629363,1782963008,714199077,888885229
7702,204043246,756474476,1520180668,747524627
7703,446522223,1299694698,2077991782,1523538044
7704,2114537990,231306594,13330909,1714756256
7705,1421405140,1529353916,1633142976,819186841
7706,2024878747,391203807,1019244788,1950407876
7707,184964880,1297649429,442678029,1886248184
7708,995358961,421541075,1620697602,1241120004
7709,1371393069,2146979847,230905036,974163592
7710,568879585,991943461,1367299408,1310293898
7711,1636729759,1708142724,521936916,2142502465
7712,1015086654,1823733144,1727750174,1659280574
7713,1211592981,1782249825,855432593,1099048826
7714,22359250,1797608968,1374088254,2019261906
7715,21749290,579857024,775689265,577813940
7716,1583322114,716194719,389183486,1222647911
7717,183821660,2141419149,1814384017,2129092385
7718,741749066,1492097964,1152828713,572077410
7719,1380655957,1737263516,58912640,1499860794
7720,694545288,2018825090,419917838,1411970419
7721,410172668,412771212,103182049,506368318
7722,1157561343,713997689,882997417,1288836697
7723,599371993,355113924,131473695,472429312
7724,980929324,604585224,1211873061,176577572
7725,1405985223,1621088215,1049148468,172913645
7726,1203604495,477192722,64636383,1934301488
7727,1253966756,1976254367,139572104,1412154573
7728,1101858345,2120687385,1402073291,64081146
7729,524718033,972913571,534025870,646913811
7730,1344917293,65230976,1441417678,779925493
7731,718756956,1616459476,1100881964,12301908
7732,807665613,471779749,668477950,1517313799
7733,349437821,1945341566,2133484880,322763045
7734,1052740128,1526953310,1475335729,1521616780
7735,416261167,891498719,655245613,2000803923
7736,34500354,1744527255,628291093,11155343
7737,1069486680,185242147,746952188,961246652
7738,1886752216,1589363255,436942229,2022588331
7739,1806320380,838990123,163580497,708509562
7740,979404175,723888857,1471985083,1190732944
7741,1548373151,226348525,183986849,1175973490
7742,1248942523,1116348912,307891873,727194818
7743,907116219,2007371484,1341528478,1728706821
7744,1546207211,1811128923,1709004812,2026535325
7745,1782542510,1572472389,917909785,483003995
7746,629375809,508352296,741734688,947457122
7747,86781082,1669751178,404430427,18279434
7748,1785184247,1827086439,1379714463,64297235
7749,767950572,1678404757,648702841,2076261867
7750,214756913,444718597,303164386,1957076914
7751,608051768,830994846,1573393391,1092033413
7752,1548139676,1361618641,547214816,470503744
7753,1281174243,616048366,1790697168,40627535
7754,1017985186,622831133,1063967191,897139647
7755,848698640,74847795,1494439012,1198299540
7756,1249093300,1056830960,488037046,284575909
7757,2074796329,958918130,1133745331,1297132573
7758,1660287286,1096838240,1673818634,271550143
7759,547803693,1760187944,1064304751,1391449104
7760,1424975057,2127453899,327950391,540737080
7761,1435053410,1884766815,1650626116,1386094114
7762,2081166284,5547946,2067766953,1947380310
7763,1985866011,1116067109,1083823275,1504540433
7764,1589956796,1385053092,468880257,351650348
7765,541820658,489009937,289443931,710787933
7766,1763572123,967703744,913298659,1144054368
7767,669593242,102723844,1917458643,1235733579
7768,1594941871,141134523,650198590,1264710617
7769,1330339744,1639446343,266330250,333591328
7770,902777892,743862423,210004675,928247014
7771,2027714710,712441765,756193292,534254590
7772,1895516341,1709782789,1979442606,1781139681
7773,2061769315,132380059,1333268384,162715167
7774,583292790,577356988,1330318360,2006934865
7775,651115341,1880701407,384033006,1123984293
7776,1126781283,1036276102,1760028953,1826053699
7777,368342759,669666294,840511650,2085379483
7778,1836794305,1145868381,1748389405,692558154
7779,1679083712,1199289858,68493234,1425266305
7780,1607015955,243390292,1326818529,595852827
7781,642427735,1465783479,363538959,191699325
7782,1655739947,1893417384,1667385470,971715605
7783,1800560770,1456479069,810039283,1299059729
7784,1755812517,256697752,1334333532,227982639
7785,922029407,116701266,345646798,1234496702
7786,1763245769,2038196176,1431247197,612125447
7787,272729681,314538473,564143735,2093333561
7788,1720097486,1437465068,1326513226,36512620
7789,1510677789,1591753352,1027785119,920907073
7790,134614408,2044518485,1348516466,2077253743
7791,78166664,275839770,894367244,51161247
7792,711455453,306600953,877849636,1302882924
7793,1893243832,1986988550,237135216,2025847814
7794,112244243,902009246,1305077505,607029551
7795,1138277741,1467310377,379206070,408967553
7796,69224162,1627403209,925493600,219860418
7797,279249092,790982769,1905568912,315388167
7798,907134022,1270649139,794221775,708953336
7799,1712505356,1016047799,884860278,2145651229
7800,1895483021,525759306,1514406539,1970147496
7801,2063071353,1598781967,1478021917,816908339
7802,1017010246,72410015,565958983,1884398406
7803,323604613,1536476181,906032035,1385300723
7804,227988493,460865295,1768919430,1880404434
7805,2076751629,241446011,993736482,2039077929
7806,945126129,1312063703,1780117854,1291257240
7807,85939768,1886693552,1790536650,1118324782
7808,1662715972,85505142,1061464569,1216165899
7809,1439758449,548041260,1456542816,1185718192
7810,1492111323,1180853022,546359597,1187608210
7811,1931439610,2062293861,1139800663,1802523610
7812,1508501148,1238456477,234538378,1348906135
7813,1906305871,782919403,586579490,1797534059
7814,82309819,206793549,1945629252,1923701501
7815,900780798,1146461542,932713669,1664930188
7816,572363499,1486835523,78301133,216987006
7817,1504148679,2134375528,571361332,68582318
7818,267274739,887029981,914910578,601651563
7819,1681254765,269896843,1995051202,889301092
7820,40905400,1380984698,662281164,46734280
7821,364330880,794278613,564408015,1916985317
7822,1780222230,1033455872,1397524679,923208019
7823,848500247,83434052,26340998,698078664
7824,2076323991,1070909366,1078542660,157445594
7825,1864155310,1452267602,225823631,2016291019
7826,716369644,1646886751,2021535458,203661699
7827,949121436,1962116090,1161609802,1133375140
7828,1687385703,1839780794,708237527,1085509614
7829,1298067624,1589700536,505741790,2072851899
7830,60166001,1952563334,2021409360,1837362119
7831,1124122980,1865026095,935429476,2142728852
7832,440892344,1107300908,1725509298,1462110278
7833,445299813,992429537,581502886,1223848851
7834,1896988609,1744878907,946159256,446484679
7835,1631587808,272663515,1574128219,1059517261
7836,253148802,712703814,1769036694,1268726718
7837,630663266,647417841,1258935495,440153323
7838,1362585058,388786990,1424091723,1884460020
7839,580021429,804221011,553893949,1491395180
7840,628775360,1702175587,351558177,2019162731
7841,783349819,1718284305,1160498408,1477664326
7842,1871916308,1081882193,1277156006,411386434
7843,1930842338,1962347274,1988895313,1196604975
7844,1285945354,155995643,1590250096,756670559
7845,293483283,2120012344,1641800035,1136588598
7846,1570310163,1985687665,324136640,1388707487
7847,263169876,1680102863,689050122,1416374383
7848,788029802,479999568,1968872799,639978231
7849,1903309348,292087500,1440966740,1211889935
7850,1728380242,1663363685,1281292994,526595042
7851,431624518,171580455,717288461,1164445508
7852,1284333934,840428482,410312083,1842984263
7853,583709410,1520136831,313104611,1540775103
7854,1242420898,1107185387,236249578,1556771925
7855,1682809861,112075804,1661662610,2111621013
7856,527586757,1335614932,347553717,378388497
7857,182969924,510191361,347157349,1887151947
7858,189727436,1723060225,1430485795,768381059
7859,1571346262,1963278008,1490795746,1865117342
7860,1498009163,2069893936,1020845893,1996979884
7861,752549368,1433840456,1138525797,206808164
7862,186238273,1534871126,1201355222,562886420
7863,998688206,2096895421,1054626182,1706184045
7864,860394729,1797606138,386379586,2091764860
7865,355089980,1251566931,1680169833,1726501043
7866,1015784904,1256082580,536342516,198651202
7867,219706597,504822105,1452989051,26117431
7868,953609771,191104891,1613329107,484965107
7869,153234832,1621696170,175719099,1925055193
7870,1642256764,37618866,1435257254,1384565
7871,1033233228,1747678314,1314819305,174024656
7872,2138073618,1456337549,1601132273,568943980
7873,116970079,1615545183,2116618137,2124922274
7874,483664500,3265312,280214374,340880625
7875,981741634,1147065201,1224220487,593914524
7876,2137103520,1507262198,974544258,18906028
7877,1100939616,1291274682,539812099,520673733
7878,1546358882,1665061632,1527089611,52832624
7879,1569910572,860534295,811654671,1724433785
7880,1998587182,835850599,647482559,1825163361
7881,804769255,762825892,1100914292,387874053
7882,527987537,1587532919,777908317,1557059849
7883,785148527,1647005769,726768787,2004462072
7884,294345889,463951814,1609913995,1509524819
7885,1351755800,2116022878,594983449,394357252
7886,1820230653,1990431073,1705006446,876978548
7887,1936992090,307612337,1786681889,20437047
7888,965468620,348761975,1010913872,573964198
7889,453163515,524218718,1259661251,1860412730
7890,74859801,2043445826,1371279445,1727577265
7891,961125206,1152939236,505249855,604597202
7892,171413781,1076342468,1912692656,210364931
7893,1845421202,340443998,1625716201,659641847
7894,847135350,1917211262,172338017,37801508
7895,2146197344,102849235,464580607,1247129745
7896,1723149869,670836478,31694888,957552103
7897,1284864654,974841952,97958541,925150669
7898,1520048310,1765873943,1707937164,1717819836
7899,915902986,1938689906,1097836988,246670513
7900,357106483,1941686496,1069262936,515771209
7901,1990362771,7170377,1287747747,1428539292
7902,1445137239,1919086187,578283083,1384609237
7903,1120972797,1153367793,1931723926,1046553971
7904,1958944502,1968681059,1917478143,885089307
7905,2097122493,1554493142,44437257,2011384459
7906,857186738,1485405233,1235159299,389140748
7907,590652186,1976133399,1014472306,1116461044
7908,1824730089,1018633961,399722873,1629231676
7909,452235564,338531193,1687200624,1741160
7910,1599920729,1770823439,738467140,610632020
7911,254710549,233378915,651572764,182998658
7912,1647797412,938641397,695467709,438207354
7913,245443918,1982164871,238817365,42711887
7914,800204206,823402564,1758772927,503054514
7915,2030419524,1938375276,1739836007,390662830
7916,1758918645,649920955,1758093767,440832849
7917,1648379547,1961669757,874230888,897422555
7918,503036464,1327490150,1814752275,772015723
7919,520559960,1036836350,1983779788,144071957
7920,1396213649,1680637717,2028688746,664838440
7921,2076002094,335198019,1800215019,1050892445
7922,1309354347,995080742,69783331,1372733310
7923,743099820,490209843,619131141,1139649412
7924,867420144,1334643086,1288323388,1173209837
7925,604097852,1928094451,1900549074,309074756
7926,1415192284,1923422597,974306323,1860991238
7927,78256478,1510437026,1511362884,808342045
7928,1543688947,1921711839,2110933837,1520111861
7929,630373270,132252886,1181281630,1536288584
7930,1729694068,1924548732,1228942515,1577467170
7931,423488728,1658178437,916912193,1940588611
7932,1797550868,1891505318,102112573,571164316
7933,900396636,970788334,2114872086,1403560712
7934,414227521,1551989957,1846922747,1953558326
7935,195095978,1991812537,1437810494,1780707521
7936,1313433910,497844504,1801519215,774972766
7937,782739555,153252305,441722033,800517328
7938,1484011789,295595186,1369665810,1430992708
7939,1063856848,881356001,197761498,1106852401
7940,1990975284,1369758982,1725386304,1617642654
7941,2083898251,380321217,2120397567,263374276
7942,311557681,93511644,797267620,1320778005
7943,2024308955,1229545087,263836129,659864019
7944,100320670,309120802,751050580,595184948
7945,971518692,740644899,1256230896,1159396657
7946,231324329,1364386559,197388198,621929992
7947,1388391007,765588708,2038804596,662375317
7948,204596149,319034643,252032272,442994017
7949,983792248,658796485,642299429,367079629
7950,953565787,769133073,1894731186,1434524413
7951,1059845602,388506283,890534184,5281175
7952,381173847,1859127861,1555858654,83126964
7953,1229149477,1438084579,2123138291,1757204865
7954,1318718898,1839841781,1620031962,310713756
7955,500140915,1148511550,78768096,518421287
7956,233609806,900035999,1114231138,746208500
7957,2118844937,1554988387,1415648821,256638382
7958,633740505,50164272,1530890426,1113717992
7959,634139669,1309013405,1690185292,1565326030
7960,1371232344,600410407,390885672,719386452
7961,1935468538,363828521,671473441,154931321
7962,2003268861,531962981,616147858,1657032777
7963,971537579,796388510,1601034523,595708479
7964,1503785890,1830906835,2105939333,1203103896
7965,2107897304,1823525953,1866713497,1516824991
7966,962396629,230528231,682158581,824425907
7967,168885795,1337474121,1131655064,311016759
7968,38643940,437112190,338483419,523275108
7969,955116871,1744633128,262609026,701435729
7970,1853786825,1442730620,1844935992,1418653449
7971,1473849122,1379453758,553731420,1903408173
7972,180695125,457955896,287975861,1549480041
7973,131663673,485698520,1593315196,463300989
7974,1025211677,631199395,1377888741,244016343
7975,1274352892,1212161439,486906664,1433960895
7976,1150915436,673235780,1080073025,1059703271
7977,1551649460,1346869592,1711736142,1058718226
7978,313767236,1810321762,583689591,1106418231
7979,891891757,926090528,261109181,974385886
7980,718699746,915194194,1276293887,723727081
7981,1036653033,1802639890,502992380,2102799036
7982,109970883,1562101374,1136764679,1799468832
7983,1798189705,422797490,73465171,1627165775
7984,867929110,1878003525,2130137515,907795621
7985,609133284,1291262588,585740231,1256375261
7986,895337566,1714573287,287914090,355265669
7987,965212099,1063382644,42088946,872384011
7988,1739699711,613478787,993688448,475768338
7989,496549903,928492311,345422143,851087735
7990,1301763966,486872392,1667684600,1608688074
7991,570827306,63080096,1947778441,2032784127
7992,478693170,184907738,1382753632,558674537
7993,60417487,1076536346,1969288379,1295360384
7994,420772143,1108421812,297744885,570102102
7995,1831038266,1474465044,1321930677,1070116719
7996,1644530940,555106713,654624560,517411249
7997,1351586221,450200778,220586086,90894414
7998,1725477289,970108920,185291409,1674296839
7999,1622052655,1164051667,1571687276,1506991105
8000,471896802,840518645,2102561442,1654827431
8001,548450498,1068691323,1675376922,994433102
8002,966202938,49694979,938799985,1052580655
8003,1884421587,1319580621,1134647409,1503715081
8004,941620810,579486983,1403371057,270516648
8005,2061797622,1428854186,451168651,1101227765
8006,274614671,1716337550,541343149,344694474
8007,1897177432,489529524,1583257817,259988346
8008,536510403,278797135,827859552,1501062888
8009,1778688863,1079502179,826681773,149834207
8010,749125081,376432615,839936807,763769343
8011,1938164599,304810081,869609444,969326441
8012,432367942,743297802,1958342654,1527224831
8013,2129878371,1055788839,266336669,1678207190
8014,1475291811,687964771,268128058,1582075444
8015,756056747,1757189540,1908380771,1625892466
8016,1184086499,1994718728,313073013,1871915164
8017,1837980200,1816402420,909998218,604661701
8018,289088676,1175213826,819699907,1948633757
8019,1036231594,149103738,1964641873,1855698216
8020,1637641660,632562283,775389893,1457678174
8021,1425841351,1781722571,460873226,1703910673
8022,1392204388,210798867,649838003,1228834156
8023,803564570,945262269,1442171214,104682644
8024,1252884851,1228226714,711470850,1847242310
8025,694513032,1174493990,643852505,835342056
8026,2093578874,961145498,142310598,908879564
8027,1482905863,1575234216,1059445001,1029399240
8028,635689721,1715219367,1998079786,944301380
8029,625695641,1600091408,811912277,1347237989
8030,278399643,1063801617,1055147471,468486242
8031,1552962844,1974892469,535082064,1589252297
8032,1924824690,143010906,769773319,160727959
8033,267073969,1795531611,1265273587,1671824157
8034,2144403158,999341293,1483969305,640577609
8035,1925483265,277239749,730979340,1787494255
8036,597272321,358007131,776084814,722452077
8037,1936614280,243807795,1321291912,1805245930
8038,1559715149,2135199815,803949109,1606103079
8039,805716204,805095917,166509056,1532104967
8040,4041927,805367093,196672574,1892677462
8041,1855237878,781498437,852500482,2065542347
8042,1203155985,2041174470,1585670413,1592891816
8043,2090767638,1911745617,1537127621,1976098450
8044,448261976,133882578,938645596,616848157
8045,1699343920,1655913393,274980923,1693873198
8046,171160914,1054165322,515072121,1183635595
8047,1998423317,934261147,1509715329,1105066771
8048,2097680269,370902313,886737575,365193857
8049,1050669127,1455015738,957121543,1329819301
8050,418272458,2032038813,1013639537,1175680724
8051,1054916671,1681743019,1178586271,1716853720
8052,1947626013,418024795,1496719981,406244927
8053,1204051634,1780709655,2001141113,886344859
8054,2055635165,687783430,1393213915,1739773653
8055,1442304245,1365407833,588755673,1015304010
8056,1680984617,1748916680,1242954705,136135379
8057,1304474345,1253676963,255407918,407127223
8058,2043781709,1224228477,78911253,83744482
8059,1368330124,1301864150,568320473,502038215
8060,2032682441,1347245137,1159031755,1095878352
8061,1406734916,1264592867,669684289,630717613
8062,994512386,1614917434,460445711,802883972
8063,1211088623,1882375648,1947659895,329513891
8064,188609235,1396916567,775006155,1772932095
8065,35417211,1662373317,1879145724,1386725440
8066,733640746,448018705,1331498795,1409977296
8067,385536299,371838180,337762508,629419581
8068,870409882,1285257071,509101470,47489920
8069,512354431,1189460544,1146684320,2004904096
8070,335403213,192889694,1952549673,715056119
8071,1727978550,1378861234,1191643287,376736654
8072,78232151,1067110052,571362717,220524476
8073,350919631,874925715,1175633094,1129240377
8074,2090767064,74802074,1333589217,2064781853
8075,1460992793,417197050,1164808117,1068585053
8076,886619976,1319302803,652474300,840290842
8077,1397605690,1296437649,156762775,1397613599
8078,1356557099,918524486,666249134,1975195113
8079,1923092422,845099613,1818499098,252370543
8080,71491599,1965678849,155148457,473665100
8081,432767390,1135337856,265082673,1866448257
8082,600043935,505602065,794506773,435743945
8083,806779977,71335734,11400121,1693287619
8084,1778928295,1654361214,63242374,238009049
8085,430816908,400029805,997374060,990625239
8086,29302827,1234687349,160057976,1424873667
8087,609955161,1137154626,435988854,1951627657
8088,956517463,200693938,107512590,366203195
8089,972474099,1258582753,427797539,954376274
8090,1627728021,1854194072,386516087,512597097
8091,1365883937,214091452,1926587696,585578611
8092,1351148597,1037601862,1224082730,314758249
8093,1246769670,1934322932,1292491829,1823361724
8094,2024112748,1157977831,1663296999,1278368349
8095,667172150,1079051150,1753861003,105968795
8096,42269676,1422156068,1951874158,202964437
8097,1311230443,126025780,800553845,1614083867
8098,3689,1802884210,41835135,1603495832
8099,1343413659,627321432,944391225,186397417
8100,640313156,728979426,952975955,1439091031
8101,402348166,1650308292,491780718,1314244619
8102,1559714758,28660206,1059755259,402155691
8103,308121291,631243594,118879233,375771206
8104,931098576,57188749,1963117488,573024162
8105,2025552598,694171529,1491800350,261149707
8106,299174832,652406018,897081454,958858432
8107,58586074,2090751458,1529854499,2114375925
8108,1051150834,154102663,1278649980,1995970085
8109,1729585743,618987382,799118512,581448327
8110,436584392,1240789574,475117147,815330808
8111,1201418244,691857067,1181033681,1232945423
8112,17284412,1324624744,210237936,553515303
8113,622498911,653520679,249869208,1264543516
8114,1892544197,525757545,464501986,1555412958
8115,2072060371,65860744,501191768,200642068
8116,618474559,1060889423,843691803,471355816
8117,2017343002,975000569,1853460890,994185559
8118,975578435,1418349147,1262651899,1533749334
8119,1767008291,1234208803,2126392357,312353257
8120,1380764439,1055974792,754908687,391995383
8121,101433043,21219309,1380494288,1957331594
8122,1331119721,1254149290,672082312,2063221249
8123,1213134629,379346998,1418390375,1857297405
8124,880612565,682986552,586681570,1110115803
8125,1694634731,303934019,392755454,636752132
8126,1201404932,650390030,1752670138,1113325486
8127,662864190,1838388243,677369258,995226417
8128,838652561,348649246,631264795,40023727
8129,383549262,1907683401,812784027,2122628859
8130,524709402,1470158369,583390836,1300906830
8131,2062485897,155615829,1788235971,1827941896
8132,2016075458,2061645112,2059812843,1127833120
8133,657469277,1322797728,1204987398,1540107891
8134,32019202,2001113178,41314602,1832971481
8135,1932000564,634501558,1923500916,956732950
8136,1730654898,772911502,2030865114,1304509170
8137,1031036611,1306321683,1867928142,1634224654
8138,1327634734,1891417338,305645148,697911837
8139,168460182,2061566848,1404329484,1914783385
8140,1448996193,1354160360,1295987802,1582029425
8141,578993691,176274530,1373385170,912819568
8142,636139810,1359613376,1326352654,1473177078
8143,2033444913,798703915,718823364,203929100
8144,1687161003,541974966,736064272,1364850681
8145,1933651752,1700479679,1433593290,1614909780
8146,1967456178,2020805836,485553035,679677829
8147,1249470394,580451694,1081343607,681290292
8148,1516050410,1862434106,1663452072,1414342450
8149,1472716103,1060917908,1900486528,1471059663
8150,2055024189,592404768,1804848427,351855366
8151,2030590943,1566037969,1430797497,1417489375
8152,725017170,948186549,32353274,899278112
8153,822544431,976372023,157136569,2059248821
8154,2046654436,2113446726,272550538,1648387507
8155,462352835,749789353,330154060,710653566
8156,1972035554,780993818,459936121,1447738718
8157,2124197870,1689079012,99447963,881930298
8158,2004429722,1347474417,2028305211,1334607318
8159,859901814,1516285180,1031816609,1634045110
8160,386019797,505929936,1476884304,1780152359
8161,381722393,185390644,518538756,427092814
8162,946562370,1316868313,672403650,1066802192
8163,261593198,512917656,218979431,1013910643
8164,847289128,97755468,1416554070,351548947
8165,1618555463,2037253081,1573593870,1457770132
8166,475635473,68168030,1082589896,2061904503
8167,1047216009,312937814,2072370601,932563322
8168,1288982348,1499928230,1991649550,761411885
8169,1467000190,2059189605,2052212507,437457722
8170,58573141,1069341660,21986132,68653620
8171,1598311601,48554249,1279606035,1419035127
8172,1521279341,280322933,306607690,1968678196
8173,1658963234,129691426,1131656272,850659646
8174,640901731,2100132327,656977246,1983533434
8175,389629537,658040455,566153958,810217899
8176,393984136,1722774700,76249256,571059350
8177,1480881318,170280845,1557116867,1322401750
8178,1215592780,1913038650,635337177,207979039
8179,1105942821,1012562987,1217149058,590311847
8180,717902094,543354144,415034554,241374690
8181,1476936151,1114289974,790779236,1787337339
8182,323626012,1928533163,1885479861,786067855
8183,897108082,915198696,540504614,432988652
8184,162507890,839074785,354274304,303419518
8185,1820715163,276716856,468841430,1647158481
8186,2030006327,524235679,112739296,2102767135
8187,2040430855,586688253,462844069,47916087
8188,1244436630,1650698493,92422079,413518771
8189,1427719789,245000684,351432787,154329672
8190,2074224273,1211293441,1374857806,1587191733
8191,881598898,276152925,509783690,1331952264
8192,249747932,413206412,2119621089,1362020292
8193,1020753758,1932193811,643918471,1795900997
8194,1619679108,1162253823,1300333944,1515260213
8195,2023185542,740607013,1093163402,1078586810
8196,1117590914,313402949,1665617007,378461856
8197,69031191,1123583015,815522305,6164005
8198,286647364,1957368321,120133584,308969819
8199,1033147667,1373429833,75013425,1842938927
8200,1462266300,2073676577,1820322601,304340614
8201,1316559026,444330668,1634456584,643324510
8202,605262685,234649345,521881253,1858183180
8203,1179054813,523741384,1016631447,1782110173
8204,863970252,1078529397,1037524708,242524990
8205,942516010,1955005377,146155132,1173691119
8206,299247963,1352721664,1320580680,768037248
8207,1688628288,1114439952,2050436805,404642590
8208,14479035,358372382,224625734,1130903916
8209,562287194,569644905,1397246120,670485399
8210,1270349967,868097960,1734409982,1219332707
8211,2054475601,859736693,1435948488,481072546
8212,956646966,26854356,1218013499,2072396935
8213,350903655,1694375130,1767404214,52788185
8214,674072442,1823900060,995583071,1937772726
8215,617250079,852710448,614993392,373168489
8216,1074657311,1492636938,1945742907,874933693
8217,2136807589,1227939953,1417569191,1625986104
8218,1282391579,298603298,24701826,1404263603
8219,748012798,1446977361,1458710228,1347359858
8220,647474346,1098917600,1766156414,1272113286
8221,2063407057,175872346,996148045,1029665017
8222,520614971,750200383,1105543041,425887368
8223,186085039,683625580,193372853,1373829863
8224,1900502992,636203439,1953638185,2121779483
8225,303540059,1242478478,1312922993,1586671602
8226,2002041518,956884701,983963434,1598333294
8227,1815756852,761204785,2069067750,2115887885
8228,1474453739,774337525,651336699,1701135402
8229,1213051723,185316884,1089286581,1610030353
8230,66977569,1072167569,420086236,496631985
8231,1458216486,897119904,1396789171,588840344
8232,1684942596,1902017974,2100814173,40921336
8233,1323080773,683813478,73853907,961818253
8234,603453491,60068381,853722145,1393236107
8235,490234040,1536432555,1284983546,616095588
8236,537600565,200712182,1449591991,649334592
8237,1268859081,178754584,538918546,1750958209
8238,293313777,1183545356,1291937077,1907321950
8239,1792827148,380660371,1933610910,1134366387
8240,1789037612,1366657189,425949869,979348064
8241,1353696197,774724006,398072875,701721504
8242,109169099,155466561,1247332150,429430272
8243,206265985,1360819405,1319819881,1392592145
8244,1763305488,1980169523,938314524,1411776145
8245,460734533,1171053720,65600052,632591405
8246,2007318596,400434133,2051215566,1264458463
8247,1413152352,595162872,748128225,423600598
8248,790092563,1469625962,971040311,479205329
8249,1345909061,1838185265,15928140,507485926
8250,489222244,110478246,1899293343,163793379
8251,2131172490,1728649247,2125767130,585987011
8252,552714519,463772391,1876740932,1571903488
8253,415164756,112386043,655766609,565085202
8254,1605259590,903197504,1654123025,1428840464
8255,1092193249,75601603,1067181732,1981018329
8256,2078725156,854754816,1797184706,53189563
8257,718371590,428885663,391432494,1601100026
8258,1689942481,178578126,538502538,823605399
8259,1072712415,1356587264,1037880927,658023386
8260,49585482,94923563,844400471,1528559539
8261,644336265,12923284,1120467465,1470305278
8262,1740808849,1938594736,615059289,1206888760
8263,556926237,952867145,1734397730,591273922
8264,1693360758,1242118208,50556113,1045009546
8265,638779990,802682544,1345661469,2128007549
8266,1896477396,1352038869,1761846162,1941928937
8267,1849467740,2115910251,521410361,1926531462
8268,1289594384,813285580,1517654032,1434069262
8269,699538453,649875860,1106818543,1896517313
8270,708021259,527037073,389244231,1116836749
8271,1572622833,1439715726,146777334,532041936
8272,75854120,247226550,755433274,237505634
8273,1857050580,993212474,1328893522,1293131898
8274,733959582,1106885043,1522674583,643450553
8275,233543157,1479836785,1287029635,529190463
8276,1482805894,2129545327,970680631,366246680
8277,1653698292,1412813205,1268519575,1895247265
8278,362974751,1920581983,668185670,1788589095
8279,1830254091,792143476,1950065420,372598814
8280,468958014,796691561,1456067098,100696027
8281,1610402245,1616177703,544166906,1142201873
8282,728771392,2065766093,2033305526,177193763
8283,309412346,1030030632,337786051,535099212
8284,1697081553,943206005,1302325990,91913774
8285,1497415491,489992561,1959488311,505969543
8286,1208510910,1264767450,815408750,1837992159
8287,416925047,808580478,138280939,1083445418
8288,600171992,129682632,1177577643,392937868
8289,1567271947,1413976190,109786168,1957508047
8290,1672622686,997234652,1111383561,900710929
8291,1913466080,89680077,215626262,1029269727
8292,945375672,1920625353,1616936451,1332297398
8293,1830357700,321932667,547175854,1997850764
8294,1248260709,2133595844,1073398558,1990065078
8295,1235479610,1502411972,1984410583,465162592
8296,1746019898,1428014878,1104921416,342865082
8297,1557231899,686386170,320731133,772165681
8298,962104440,1220043197,346091434,1143219828
8299,141931208,307656266,978854351,712952148
8300,775109256,698564099,718768772,517018535
8301,714573453,645009785,479120635,587819824
8302,586287834,967587146,560635846,1737653122
8303,1213386764,1579412645,1465748204,1199305370
8304,814650818,1196163193,1960982978,1034965711
8305,1312147268,113314616,595490599,864720470
8306,460445928,1268231009,1882604745,252716502
8307,1619378818,1216349075,638043086,1993579757
8308,619972178,1426955208,1370338218,440589998
8309,1683976739,879160071,749616108,675833785
8310,941490265,1388453966,1172539678,644350745
8311,1052957166,753009844,22905009,714320938
8312,2003544675,1369867353,1099949315,945504976
8313,161742805,2013242435,326242149,1078621652
8314,1609804709,2091031311,1912965572,2112585532
8315,2139373053,165782199,1199894369,969330366
8316,988602724,788107426,362559575,1945838026
8317,182960420,272734834,297946012,240002891
8318,283519425,73444147,431627943,1199165408
8319,941512953,1361573815,1138260538,1352793789
8320,1300938437,1651377479,663672043,1931006646
8321,1331462097,1530064757,515934782,1640753083
8322,548548891,1816284134,636238102,548962943
8323,450692391,449544882,60012688,914865401
8324,1170435564,1017598937,5877518,821259689
8325,1982721859,1266521333,2013544307,396778898
8326,977825996,906774412,1382981686,1559299835
8327,1914652397,1335554523,702354529,188503506
8328,1149490448,443338537,1247755832,80748541
8329,263484567,278476987,947141182,2068954454
8330,671073962,910001693,1123223306,844191915
8331,581647935,526275907,1605711475,188715091
8332,746086782,797660516,1540381567,529032007
8333,170273835,1110518502,1204308421,363611215
8334,913943936,529024563,728273085,1423101782
8335,1471148571,1182197970,215258538,1774928945
8336,609071999,945542013,2097921140,2098129735
8337,589101709,1028346726,1242327757,592321481
8338,29208127,769619310,1802414775,1283277975
8339,399922464,795747605,1640306479,363892694
8340,242575009,766106737,1899262490,1367747188
8341,948042126,1390422554,1850436125,2129717079
8342,514864338,114989376,708858629,1969406364
8343,406118886,1582116010,926246456,819333492
8344,551118180,623082359,381057949,189709012
8345,1089598968,1508538494,1230389092,19531225
8346,1575101679,1385183826,1476463118,1560201700
8347,624420735,2100573551,862887543,17854207
8348,1510170467,1457668857,894775294,1451950793
8349,1489188089,429597155,850154742,2083105602
8350,1397243213,1389874498,1000662376,1321469221
8351,1469266912,401048544,1552386113,339241918
8352,1235175865,1190887677,1298581437,2019763910
8353,216481671,295182104,501181923,1327807839
8354,1666340164,338014866,371416330,1550437476
8355,948452486,315577184,1096053707,1877478869
8356,1879072229,2027839919,213617732,1143844021
8357,2072645058,324067827,318381321,1620988232
8358,727671047,730109105,458496294,1845214152
8359,1506568324,533276033,1866321612,1024926690
8360,1528196714,25757090,43335982,1448048909
8361,1407558516,928415755,2093982322,1966956364
8362,1607699473,2085900551,1493254079,493557336
8363,763130297,1742428701,2145017689,543244846
8364,1979114163,144677860,1972888792,200402540
8365,1356908131,1213889864,1608285609,1508912525
8366,761079038,2075521852,1338015762,1029304657
8367,1341321484,917806379,1811410906,2052951896
8368,695992834,342093422,741723450,88245443
8369,1521045505,203152744,715037295,254151399
8370,266396104,1581064278,893249648,2130178444
8371,736731603,1833442968,195077060,1111226568
8372,1649558641,364856316,1797608285,1430740732
8373,1112774455,1015706128,1169360095,798447940
8374,1370506002,1745152055,125262812,2082537366
8375,2021844337,1538877651,1337297544,456450405
8376,444368831,739470082,1546776935,1498481632
8377,911667888,251796897,255108824,1982510381
8378,1416104207,1462259543,431223597,1413874125
8379,842143933,1205242615,106984593,1077682045
8380,1328545918,756284845,547730516,1833063538
8381,1246698946,1909125887,1997651487,301376511
8382,790965412,914078107,656216902,655775151
8383,1233807006,1282384128,91991379,890234508
8384,1723660881,1828036415,620532849,634917999
8385,1545322489,1158954625,819042431,1864983423
8386,1806205836,1136818208,1408954485,1818133165
8387,371549099,781114611,75498839,1228020750
8388,178051020,1675564001,1214560705,820383299
8389,1061150207,1739086806,822302539,1528885423
8390,1592103745,755369286,1818680534,1601830074
8391,1802723082,802205170,1092835424,1347584532
8392,1802302432,1440318907,1021002839,1939639190
8393,1205172487,547910895,872098008,141017337
8394,571948262,221739081,684015780,1541942665
8395,1910191468,1840352157,411766699,1999311619
8396,1894215252,1752579631,1244319583,881533758
8397,1459219162,631567889,1804760231,567210317
8398,1122024458,1123996101,90877683,1207145325
8399,1021422283,1363952089,2134739471,1208558033
8400,298530317,996114729,1929792360,1504926577
8401,408580660,1970948817,825773079,1243319008
8402,712292305,1838426499,544905648,409679594
8403,168729208,1317057191,612737305,839737626
8404,433641272,291221647,26992806,437874157
8405,524505052,1041996518,275463621,1469908154
8406,1107922893,899484968,308308881,1829807003
8407,1661371101,884383666,441053679,1106716447
8408,1821971264,481808661,490361290,799642522
8409,1184935954,1585388400,1452667604,2027580273
8410,1352510427,1151902951,309746454,2098133335
8411,640109226,633008348,1694978724,158119741
8412,842595303,1789187893,1064771679,367063521
8413,1545184065,208513783,1316281884,767506677
8414,1828967393,271049024,493160014,446813155
8415,1280373283,1041314682,400765709,1974016371
8416,2024550767,1543536779,2106460358,772682939
8417,2071236104,183817296,897424790,1534433748
8418,843287113,181962825,581074717,499493183
8419,1279099969,18810436,769963951,547509502
8420,278802275,2093032191,298178935,2075141361
8421,1229572354,1361822286,735635118,179106720
8422,1590656279,1351150549,367940580,358278600
8423,1479259176,582394835,938089835,91815974
8424,274014975,213885367,233030190,1168426407
8425,1755756306,1463054990,1499168409,770020637
8426,870032111,927921767,1407171589,720718841
8427,448170618,1181437665,722846740,271944794
8428,286468111,1652435251,819618224,1568079797
8429,2005064056,821051682,1718710815,1259922135
8430,969286420,2134151302,1874091585,589157284
8431,2062315077,371653332,1349947245,238043100
8432,1531335456,866317549,1060708077,1632865848
8433,248251322,962410935,2060331125,2088975709
8434,1751345246,864264324,1806477893,119984699
8435,383591951,1663586108,1077444690,1485931448
8436,1256247641,491548495,1693803526,1030160165
8437,989312671,1073530858,1374010171,2060673885
8438,1499174185,785425447,2077106053,516093266
8439,744395150,1159371489,63335542,1198875372
8440,827748533,2015628405,26864759,541608692
8441,1030050835,1914011456,1061099748,539620306
8442,165256875,1023806002,719595721,1025819242
8443,1179503864,536889370,32267660,2037087092
8444,1995149019,2002369971,658731228,1501064955
8445,1229167682,446297864,210025270,688219023
8446,319787319,689117214,271221347,784068885
8447,389558386,380126419,957314002,1206367609
8448,834790794,2119639716,731170832,230306613
8449,1478031497,391517459,2117133635,194404621
8450,346756349,144434366,1368983217,2127893406
8451,1152450640,1431622316,773033030,710555139
8452,714934774,259716341,406279939,1946851008
8453,1107655253,1495922525,17794537,748416634
8454,471745774,1380314185,273983558,1778522496
8455,319082830,45593111,1516557563,1962984636
8456,1400949426,700754172,1401454680,273841754
8457,1318695914,1482593562,967331570,2135559908
8458,672323701,1885194143,1564978702,1137181553
8459,1808641997,996709092,1829889831,1136128382
8460,104915459,1381014140,1356786426,806007620
8461,94822024,1588788274,549382554,337852248
8462,1520594648,219721001,168093649,1689848503
8463,125802069,781500470,1885306932,1505702348
8464,1350254581,142888223,2022364034,1276067316
8465,1360063112,1889192507,1809608671,1691024118
8466,1321105297,1075546314,1599295874,1558981160
8467,1171901247,174952187,356855833,257517000
8468,1871234681,132211988,1691946633,1207823606
8469,235326478,1576264416,325369913,652364950
8470,1140995287,1999219810,1159796736,593295085
8471,209477662,307717469,1524461565,1780489771
8472,144684265,1575816467,943500087,1269919777
8473,1124409540,2089025458,472166490,1367139931
8474,317710107,676871664,140131129,1706004587
8475,143425991,1880905271,1723940501,1900833403
8476,1024793793,1696736946,627533248,95503621
8477,320477947,1408189300,1448018923,1980600061
8478,2023219120,98615825,1517847366,1994753432
8479,1615341604,272115903,2125161606,1750207792
8480,213316798,277849812,1891250817,1297045787
8481,80382600,683513549,1156004883,841543971
8482,177858738,512436066,1542325951,154782602
8483,1137077444,1865777415,981192592,646050130
8484,1428608191,1853321909,200971504,1270644200
8485,604150785,206909062,425052624,669647603
8486,2058708612,1333179984,841250120,1664667683
8487,2013003280,306134908,325956975,602315704
8488,1576872636,2050486710,865024056,332381928
8489,211697024,1947477142,55199256,1939259217
8490,751004606,143332318,1252882345,1366862167
8491,1536868576,1295198073,918987419,1035107215
8492,1350146936,1623356967,2025352592,2036210251
8493,848598616,7125178,505105120,1800945850
8494,455828138,161867673,495064693,1090549372
8495,1790628156,592193884,964330122,2055964725
8496,1577848642,2076066389,46032260,1251266269
8497,1787597142,962942772,487214416,1945216242
8498,867778452,1961160693,352910194,14119412
8499,1354074730,1748048808,1873896594,1395050716
8500,298421890,205750945,221388983,1697463929
8501,202897653,98017909,1118081844,417098392
8502,375966410,1107849625,591310719,1051900470
8503,890162910,456552966,1561286796,824884591
8504,574553194,2139547221,1774392731,1392495969
8505,267371667,138350785,933781070,1346977591
8506,349448786,1320564044,2065945816,37048642
8507,1458274911,604531794,759263501,2043561974
8508,1714522432,348697779,1306042555,1354694984
8509,740180991,1333253759,1587522762,1330513051
8510,290811787,1400304398,1212735984,701844085
8511,405151739,1629350583,471830257,1402092152
8512,1092630228,1886636539,1665988277,1249219754
8513,83251343,1756168463,1611314160,27162396
8514,733798038,1265550620,2122623210,458784697
8515,1349518195,250995295,662589452,911729238
8516,880730424,1602734232,549870744,1891801865
8517,1429824787,315342926,873099205,1464468516
8518,1032416104,280299732,1180379784,1947148919
8519,1331876413,1086948226,1226868754,272002798
8520,1382666829,2147410338,704043280,150291169
8521,1330338470,304475000,890755919,367323308
8522,519802879,1793007361,1512878872,1493476619
8523,1320216942,515971237,972960529,1075227779
8524,1604408079,1209390318,822445763,1506821351
8525,1576584460,1206934445,335302104,1626817617
8526,541456349,1423855744,1379864134,685934900
8527,695970138,637052803,1659912447,307035304
8528,636265979,398944093,33028962,1174564763
8529,1068483865,839201165,1489768797,1833606228
8530,941085962,309618576,831458490,159076734
8531,1131037410,326147939,1208493485,1147994409
8532,1485212502,666525593,2015304559,1420092247
8533,1159592584,747812645,1405978225,169904125
8534,1246371123,2127309716,789903951,748858408
8535,2110012715,1686133485,170466321,824254417
8536,1566570853,1959736747,898443375,240162134
8537,535374323,1711116246,103972275,675953165
8538,1924791109,715139503,1395504857,1260900339
8539,1536872784,1671275615,1665110533,647568393
8540,994118652,589822106,374948758,1335275379
8541,1688923503,1864371095,30156301,1010996122
8542,1945609557,1465888455,2019603148,1591142574
8543,332110869,966976268,1783885651,1090743097
8544,1107597606,597189021,893249337,1500344537
8545,1049857408,1544487331,1228711773,815251263
8546,1799038132,1892370180,1170244470,169629806
8547,486784188,477477687,976244368,1624498774
8548,1161450821,87279,1171763368,1320789732
8549,1990846063,1153471389,1766615555,1969092663
8550,521596513,965154658,1479208405,1755536203
8551,1507059078,217401943,711859209,30519850
8552,1742294664,1511565742,2001465606,1972240751
8553,1373184089,457203789,1680508347,1493151744
8554,1883154432,1596272478,677101040,96325011
8555,849032804,2100224642,2073362218,923951510
8556,980067175,683918602,428012223,888779352
8557,717742962,1086190370,2072436262,1962624045
8558,2074532121,1693792153,359773368,1212828692
8559,332297139,1395391291,768623754,411609917
8560,832429793,96648968,1437351122,967066404
8561,718003249,1464715288,2061776491,1136626807
8562,1789612745,1108493358,1541310899,1743324356
8563,165232867,884671370,950567287,924637717
8564,1411688797,1965141345,1538453794,1836416804
8565,1281743055,1234256364,1331097235,1933406536
8566,2122513815,271931292,1030392538,1843679480
8567,144161349,189162336,159667540,799836413
8568,369459059,1646096416,503995846,1018705968
8569,1779859866,1645621076,626283995,1563130267
8570,707692867,447667562,799052341,806445271
8571,2054360276,1723181472,430322720,873729452
8572,717393854,1282041414,1137899934,1129875832
8573,763286114,1499624487,2040963022,51049346
8574,1517243711,279380742,137024398,920177943
8575,921992095,354109929,448225477,828737427
8576,951786093,199330436,192396630,1942735064
8577,1506444765,1327776706,1004446342,979674346
8578,2026852623,2309211,1041326627,1722384422
8579,1448891057,1713552230,1187022474,20956284
8580,366665435,403681592,2071672795,668698624
8581,1436800545,1841957818,1002680970,1218502034
8582,1846781435,240229813,869366052,1917849532
8583,564708915,1190422711,711177805,169392565
8584,2130455518,845414296,811947859,881663023
8585,409361753,551460352,1593046311,185937222
8586,1021168127,2123442537,1678444490,1470966975
8587,1833989295,1691177460,1883579458,749097482
8588,1404995855,1259056381,1979139292,322328942
8589,1253260065,162896711,539935903,1738285460
8590,1759193265,708096298,1075192705,1242999705
8591,1307809859,1857335554,269502252,1574822081
8592,358460857,1067506826,631486672,857996933
8593,1948039763,1499244922,1448861536,796761114
8594,1685347266,151698261,1851167793,1928199197
8595,1754381403,209268042,181168749,882431270
8596,1761524968,434349962,776710401,1175721982
8597,1545666705,599786928,789872181,1514117566
8598,331587310,1494986067,672229867,607743315
8599,1349225689,386556849,2091670066,1651441883
8600,1006614603,1942264269,1176690178,121159597
8601,27427892,510851072,584546502,442525055
8602,453894723,782922950,956508581,586466186
8603,1532283200,821184744,839447887,558569905
8604,1251775825,224666459,1592823227,205326621
8605,2100088959,2001507665,786864940,905337027
8606,980201952,1900569526,1057174064,1728861736
8607,1954319983,1330433688,532021521,977988144
8608,370835749,919606274,1792366610,1249276649
8609,505467509,612550892,241764558,1762463403
8610,1519423392,78292155,1682716782,1565312561
8611,233588579,1815590325,345219174,1679721622
8612,101956368,1818780884,1668386943,398096276
8613,32292379,20977429,2001576336,1522175069
8614,1916780803,1728533472,1731715698,1395263081
8615,1226976468,1746422394,1034049462,357863227
8616,1246696516,1939328572,1225360928,783726638
8617,269131587,1027427581,899268966,1978573953
8618,131370626,780891100,1751392165,1982860574
8619,1585742954,38198634,715398512,1813666996
8620,822938025,1441608700,672397732,1591283804
8621,898520881,1076525909,637475489,61370381
8622,1574585092,1169396318,772567422,1778121297
8623,2132530821,1681174082,1678464812,637101704
8624,1053702994,1210004663,751417595,454375489
8625,1737831703,451357533,128489526,132220407
8626,188157303,563743168,402154744,2141338949
8627,1458390773,555658565,678530966,170076006
8628,1970947161,1650739195,138927425,1821830764
8629,2030192680,856140497,911315463,596203451
8630,1442524755,566777696,1365045735,938159590
8631,1583637294,646203587,523631015,1677842898
8632,892763049,296273050,814983567,146181130
8633,410940968,1596269106,1986224956,197489028
8634,122183898,1305027610,1764111232,1090007437
8635,2140099696,188425715,1956544302,1461606389
8636,1901337474,189727690,1909225401,1790927951
8637,1669290578,1559336594,883154681,94045747
8638,1317894611,2107935620,1092915426,117401014
8639,584134549,1850352937,450691939,1061845026
8640,2010277447,978478269,1970855375,2117904632
8641,1406100043,1211261490,1728767677,1479369442
8642,1616758954,1455026861,274292870,735788061
8643,1827036485,1410303679,1533130679,1125332388
8644,1091024088,2043188483,754941513,109879799
8645,1140411082,613552002,648657057,1234606449
8646,297512303,2023668381,2070304688,740526396
8647,736933863,513479240,1580401499,1641343616
8648,100078765,571115905,269411550,266669796
8649,1022828799,946059223,1107917523,523563780
8650,585780089,285574015,1302751,1404710128
8651,958529880,1304604962,1955190855,1914075106
8652,1845906619,882667801,361561880,382882679
8653,1589398687,1801912348,630496187,976718342
8654,1306279568,1640105909,1089047148,1477492367
8655,1632551399,1026175233,654922607,2074298472
8656,883156431,1403132888,690670444,1283260000
8657,1312427937,506816100,535079800,958071579
8658,194145076,573662072,718252214,91047439
8659,1845952707,1250536388,1908056753,697477954
8660,1712949246,1223364554,687625688,280129081
8661,1867484861,1918915384,351523333,299163269
8662,1737321172,2062093282,1242962513,1237905307
8663,4948420,347284492,1103129503,927477508
8664,1007610866,1120712678,915075022,282042955
8665,285856531,295201113,1624285894,208224641
8666,160030261,1105831694,55952395,42351424
8667,1017112732,1357713611,276321394,784463213
8668,1608517203,1522818407,461149162,374897869
8669,1224700934,914701562,2133017107,1361271749
8670,1880571473,1629333263,257200941,1039762156
8671,1288801435,1564829078,260251545,1391443094
8672,1971925525,2117768903,1394043116,1269573644
8673,1550342424,459145599,1561491358,1466214259
8674,99689035,597735044,1045441410,27730457
8675,306670976,373775245,1619191942,775969332
8676,1635656411,754211293,2133028636,1279164593
8677,678263104,957377506,960706485,183458054
8678,81259289,83067966,630211547,1762185522
8679,2039442950,1782359313,1993445118,452441656
8680,1833661799,196919605,888165643,1686669119
8681,395037845,1990535479,554078507,1105274061
8682,1542493237,1265679730,1323825167,2019743376
8683,2072495937,1396773160,1189963380,265189998
8684,2140014647,1662770942,1724357949,1746618990
8685,143395937,1050727152,203369083,1984951033
8686,815591407,420383166,1005430294,148210703
8687,1715542908,635685243,2058974021,1588308308
8688,1325652244,1581055949,1376933316,343906089
8689,2069962,459974245,1595346643,752813952
8690,8492580,1927793457,498082932,2135026216
8691,757108000,1553038713,1051372227,467352865
8692,1433781779,171345753,280077751,2084760415
8693,278038057,501074291,817252904,117170063
8694,1033589818,1838027631,169740606,594960775
8695,1171076248,1183608967,1687364505,1455203325
8696,328385807,1204437118,1340382177,1193958710
8697,257819680,984304526,1023860624,615327215
8698,659625356,361027771,2029461190,175585312
8699,2017068247,1380248040,1555902016,1324415002
8700,1970986336,1381100685,504442625,612933950
8701,2025281386,1470297738,890470817,137756952
8702,1288050030,1244173923,1758376261,744054419
8703,1691508918,571796915,149377306,1423576065
8704,1402821496,651747783,705834190,2037964042
8705,1585314636,1624293721,1310623688,287315890
8706,1382769713,1728123750,561152922,340456822
8707,1316854792,1875281701,1101869279,945059905
8708,728032414,1226429363,420948144,604615462
8709,933059043,2038667746,1244317902,1962538845
8710,996081428,869611405,57564819,763701404
8711,935137701,63985145,806330566,1127900521
8712,1549558571,1182254124,524040013,846624944
8713,1059950638,871979639,1892072694,126791878
8714,1186848881,1788205678,641356102,1632023288
8715,818934648,1714633135,1433949793,522258970
8716,874820603,2102133335,1136740798,877689948
8717,256236070,932004361,1882744937,682552811
8718,222841811,462104515,295185569,1902463397
8719,610469126,1171853607,448271631,1870274204
8720,1367378139,1432242844,1998638159,1509611321
8721,1392104345,1027498321,915457847,208960026
8722,941463577,414794702,1563460619,480346789
8723,956314692,1398197833,650588052,1196013536
8724,2011826524,58115317,1487589769,983562555
8725,793353541,1903223507,1339873186,1885504940
8726,394681507,439277047,1779361954,2033238759
8727,196213787,2058840657,1237344670,114584678
8728,1102221777,1686832437,431397479,768313290
8729,1619089475,102795502,1444056294,990771878
8730,353942333,494762373,387575822,1710627891
8731,1219073494,1163715052,706317221,1321068509
8732,387002271,1805934675,1320902536,1277614908
8733,259631847,1651244658,585738295,877167141
8734,1818992003,607766813,288637811,629419607
8735,1996067446,590729167,1442571452,1434068963
8736,1626126682,1540306675,1048615668,1793677634
8737,998089615,1841119761,1728688630,1445053886
8738,353254351,343708069,1476098361,838801503
8739,1154735581,29968816,1611153000,1088895252
8740,102244318,2024988705,646558731,130998504
8741,566432178,1858245950,455444698,35757874
8742,1848011259,102649357,1424542715,61892499
8743,275462791,1895076563,704809668,1750243190
8744,723369102,1319565320,2124061225,2030330789
8745,534780313,319555696,1930760957,1395601535
8746,458615922,2080113040,80243493,60856135
8747,961261456,1674656546,1849257380,1122325054
8748,612272645,890048036,1854765684,1287520461
8749,365031421,1534314356,349939660,617244714
8750,582935006,111972292,1790394036,42062242
8751,216875962,862293462,1894740902,160373994
8752,1938728742,438661102,369486447,1667524319
8753,1071003763,714053236,1623897757,727330739
8754,437538711,1808411660,1306406782,1934650503
8755,375248367,2133709338,536722619,1753779746
8756,635148599,1264784492,556116288,1885717289
8757,1741560971,1757910190,2091951194,1626631230
8758,1175810010,1555999856,884026486,241311744
8759,1718581849,1229137758,2140319864,1977360848
8760,1975772071,798493394,266687548,1998818586
8761,595133394,267639418,2130298054,1520215768
8762,1614283507,330383482,686982272,536188327
8763,1514090854,366728012,1471025153,2055232917
8764,1944108964,614036345,1702424377,903469787
8765,428427327,343813282,2127631950,615054918
8766,1985188542,327347214,814032120,838616443
8767,1830264255,2063700674,1854435308,232538748
8768,2085436829,1363322905,116516154,186187788
8769,13295777,134531829,1314427021,95365746
8770,619840505,526309915,2140926463,1821386131
8771,1406987853,2085240310,195050519,930407191
8772,1511819275,237527454,1025697286,172075135
8773,793252208,1723132794,2134539663,1795199747
8774,885129051,760633931,1505185631,586709971
8775,1134995452,72434385,187613988,1539844696
8776,1950500041,1280106400,303354414,1368072592
8777,1438076280,1088563683,45552021,1803588007
8778,1774867697,1695655793,775179462,717115901
8779,1369687684,823825266,290747030,1299037780
8780,505775729,126573415,1427498237,480439948
8781,321886095,242365083,609346484,995028022
8782,1290514446,1427801066,303169333,1276875407
8783,583020219,719108427,1992727391,1517280425
8784,729062415,1460332103,1912175583,1670324468
8785,109591415,1468495036,806086687,66675016
8786,2084279632,944576927,2104482992,313992170
8787,1190833016,1988697895,1284091617,131481262
8788,2122534524,720135068,528336330,303691029
8789,294702021,675533517,1439140969,1250970904
8790,1916168097,2139876512,401528042,671460594
8791,1103287734,1044796925,313057496,1001044605
8792,1573356936,303949935,678343089,588621146
8793,1877197989,549361737,1885321343,2116015135
8794,908008296,66142018,1648527391,887266193
8795,983290593,2115368249,200910600,1078184395
8796,1979278513,2135555913,290013366,1566568425
8797,1046872767,1023686310,2106729628,1382063687
8798,1269348198,1337572037,1439818501,155313145
8799,389403211,205287544,430816955,244232721
8800,1319580746,801401525,953133427,338321770
8801,2109055035,900405361,1556744399,465905215
8802,340856657,1507142997,803588064,645509161
8803,1845678783,443102588,1154686411,4555850
8804,1029533505,1717533466,378233269,2063345591
8805,842932132,37926487,1829413279,129969341
8806,2007723771,2108015006,1779097629,1708443621
8807,1229725282,1751385567,1637080243,907748833
8808,1590166379,1999552800,886243720,1485911776
8809,1556412781,209808616,1710478692,1636890565
8810,1068433655,208656490,393215279,1628673060
8811,734369643,428078632,1588923376,1194998453
8812,1260956260,879502653,1388928287,2026755880
8813,1883434745,228308155,1852438660,173645722
8814,176127880,208868556,2057053129,1835928702
8815,1541541871,2071626864,358498194,1831691503
8816,928521596,2082369658,242371846,1848110197
8817,63126723,428522368,1232479619,129212061
8818,1749579487,1414243618,727427483,1522926985
8819,184854111,506531621,767314091,1822556641
8820,1203185641,2122724682,2073451724,179612087
8821,1599236242,1738948882,1530385184,103639341
8822,363629301,1057032528,73692597,595556893
8823,602527037,1246913723,699769830,1307252243
8824,695341036,1717770402,690162857,1400864702
8825,946509368,1029632212,1602284021,375763226
8826,2006452155,1904304688,1650421743,1338129376
8827,471318442,309390579,1844501039,1044737264
8828,1787943206,794979830,71404380,1785942841
8829,440665667,225636981,1942293446,987022561
8830,780241554,463733943,1266154376,1588086630
8831,1680682499,1447350528,130510790,1758062156
8832,940734527,1416966172,1407127700,1446066339
8833,1280523364,1653284549,14184700,2128999685
8834,462459607,153188756,104009769,450436265
8835,229471565,2075860710,1249486305,531345101
8836,1448768517,1656926826,1450092911,1274861952
8837,613093688,889173601,2105444414,889346646
8838,993438402,642622437,135956098,1290236033
8839,651548946,1499795717,355501674,1107479363
8840,1507568763,1439874563,605721583,1149278799
8841,252494443,772774907,446574665,1883157481
8842,112831298,1055970661,496339813,1397170312
8843,34489381,324486527,1229850971,2092638508
8844,238609091,1602954154,737248718,748800671
8845,694963239,1560341524,318541259,1195043197
8846,18614109,514336383,1267759533,547162547
8847,1376094533,547694834,9737239,1079594868
8848,2116255531,653426259,649779607,487122537
8849,1696979955,1006520566,1459465537,165635546
8850,440795261,1066540555,1068367702,1951413572
8851,268704053,1065823386,1173790880,1903236485
8852,729530112,2028694648,1139980396,1893265248
8853,69468532,1450794237,756513176,963191751
8854,1195105208,2115549071,802835759,1256073
8855,666452571,998218723,1468503242,2056939063
8856,1652103792,1215819230,2035439635,1331767832
8857,1855031936,538348529,530544980,1190047297
8858,1205973112,1649862448,484111336,89781617
8859,1760308802,1999289516,1585024485,1572877006
8860,113128038,1991813236,1611242316,1846960940
8861,295218101,252096946,1418302217,416157011
8862,24211094,119165956,919163023,806230215
8863,1524513912,2145873204,1098131386,870712412
8864,620600306,56887380,241219775,61139495
8865,559800923,848966708,989535694,2131436340
8866,2101191373,1851074349,1685067477,1751867121
8867,773380054,1056427698,741566132,487584768
8868,968138837,937575304,1442819290,875264264
8869,1317833491,334047430,1824426859,1849353882
8870,1668464223,538691757,2104417569,154579729
8871,1683041567,2133218131,703127710,896128341
8872,2134567838,1209306150,49890556,1900827561
8873,384035090,427188330,1699123771,778512175
8874,771632299,52169995,928889228,849524101
8875,38233645,87656072,1332178977,1838086005
8876,907111723,22303611,520097407,471785387
8877,1164954571,1390282654,1571722491,2021411087
8878,158158044,1230942839,897237045,1524268830
8879,1090508395,2020746829,1215250542,54591782
8880,1912655103,587665005,1465014345,1690744535
8881,298568109,839498890,1158473467,1105097169
8882,2135024279,23939960,2030275760,1457739265
8883,1067012516,1179979635,2108240351,335695389
8884,907910144,924604491,716994373,1646076714
8885,1953811853,2001778580,1293696318,127605478
8886,408990356,1919986104,1934653177,2038464112
8887,1064417501,597006594,608385992,1050675143
8888,219555846,374268463,481022303,1598496752
8889,584297730,1060929389,2052376959,1201508720
8890,137274796,582941124,99124264,2008209991
8891,638119414,242813865,1793725088,329192365
8892,2027256863,847542915,1728669557,423963936
8893,2043630040,693236486,657967389,93104761
8894,4256571,1692753398,872995129,867003250
8895,1318929284,1665504929,2093749039,1029036449
8896,712771956,584937577,1931774913,1092940979
8897,1162877824,978234855,1214093290,2047226034
8898,638639286,1175402618,1177687433,895473143
8899,1832097111,2114345040,878512213,1766497957
8900,1211177021,1496536129,758798119,248680604
8901,1809437059,361276635,15722066,953182361
8902,85361313,1009991562,256116815,1669524621
8903,1861519327,1281458951,1966721364,148149281
8904,1909533788,96240087,1730301672,1044093972
8905,205604321,767314582,1292497763,829077522
8906,709156345,1282628255,728230788,193340888
8907,1572795526,1153415587,1942929354,1393551017
8908,2044030040,1104742183,1345186161,274603722
8909,1700422545,1315951596,911497250,1352445815
8910,1297599203,460423400,219368202,550158307
8911,2113045494,527105874,571872432,651212141
8912,1460073512,320051263,421263994,448280465
8913,1879161302,103915940,456177079,776743443
8914,237095795,1018713402,1681429511,1198214453
8915,1345635509,1513312986,157597232,352219270
8916,1181911053,1932939877,1041378544,1107248293
8917,1133474702,1426090268,2088462790,1967140952
8918,926820190,62622089,1221585473,296705667
8919,461663338,1723247414,1742413068,1718790048
8920,873345396,759738170,2053633409,239996624
8921,2032288750,2035425374,236296730,1938311718
8922,226878271,1429165542,110249717,438794671
8923,61526581,876267933,438485305,1809633489
8924,592392350,895068126,816919935,1977706125
8925,901075598,988433872,265948443,1503569644
8926,646293936,1610789873,751502806,1548335358
8927,1573796947,827735062,1707253515,188108197
8928,1120541687,1001435429,568967958,39688336
8929,1942675922,395334894,187200171,1631923305
8930,1584165243,1726607864,2055576023,1358634996
8931,14399206,2101311027,558864484,1067091022
8932,1141498394,1337786742,359108233,175323269
8933,1675682658,1228581589,2030708465,1572640871
8934,979072635,1831735445,170943970,2120907004
8935,992497941,1654014990,288086708,619386405
8936,90007673,1276683848,196516271,1962729278
8937,2122051895,1494733941,1485732213,2050492959
8938,704746779,2118106304,491457129,695372575
8939,1617643296,383412079,2107919788,1723314563
8940,299979241,1205985861,1930774245,731800943
8941,1339212581,1255743630,430301494,1539847712
8942,1114507029,787296952,761052763,67203628
8943,2073132021,821347690,759881326,454649316
8944,639625719,2128339295,1522128808,1372994364
8945,1850943503,2010639210,550447970,1524678261
8946,424447801,1327400155,655013907,680890263
8947,1325338553,346286739,619164165,578669476
8948,583151545,1268208814,1629398588,761204807
8949,843887776,2011211591,2078275696,982096094
8950,523446812,1786255987,531950468,1970609657
8951,790430000,416017119,1765194186,1353538859
8952,591245848,1235907290,311115952,140718537
8953,637442407,1174991234,1926111499,68169681
8954,612873767,2025498973,2109494542,143430327
8955,1354840716,437060491,175540076,29693231
8956,56261603,526527331,1579777485,1756049738
8957,300196825,832221401,1077272924,203253406
8958,1715337195,2101386749,346435692,1680943395
8959,147994125,432986097,690883335,1057705587
8960,428126430,1418766300,1105364718,1740442518
8961,1166305564,628434228,938675191,274755878
8962,1603996351,753923041,670626498,348443292
8963,1907370503,238449160,108794871,1402990508
8964,1445520259,2090297045,1946542948,33098805
8965,2053131216,1651171655,1057664430,91596985
8966,982474099,2065298732,364987540,2125823559
8967,568482270,1493536515,186738865,469809145
8968,594188480,1231519896,316375414,1801594989
8969,374316957,1802060224,1451904358,1115436160
8970,758176146,2111868773,1859113144,557694754
8971,1202920885,512867147,94632050,710061588
8972,1512776024,287690900,343537739,1117833161
8973,1891651170,545233933,1691034783,1586596931
8974,1993606067,342966124,493875025,690411904
8975,1680030960,1708459963,1200977737,1299047621
8976,1801245898,918437721,1727055230,1559980046
8977,39699532,457400395,1349762528,2061124109
8978,1623334380,688650803,475285482,448976098
8979,34587453,1345590318,130178511,587709080
8980,1997718663,1587696591,1718645599,814042449
8981,925944782,1018382990,130184919,405920526
8982,445075951,702164455,1718123587,762900537
8983,1249040177,544266189,50431209,1289319266
8984,1583826957,1294838630,1147818922,861078977
8985,701157002,1527481074,1077487217,1037439558
8986,1744185855,755656018,315397295,709112124
8987,1177600975,821907465,632601856,608987480
8988,452150509,1333660372,1385963230,586119418
8989,324464016,648188594,772203917,819156065
8990,504642697,1750361500,1974625953,1566455563
8991,1648231717,788545628,931333864,104660583
8992,481056165,163502358,1385192574,217481953
8993,1757056237,2113067346,694397709,158391768
8994,287373195,1869349933,460339573,1168280603
8995,297356441,1646159455,298082307,554328636
8996,471178729,1845653969,454130133,1029047962
8997,1515733507,2044724651,1496561685,2001230019
8998,152279771,1211675964,336254657,365463163
8999,1267656835,1323930812,994433295,689444541
9000,798608479,1327690414,749616342,1061597157
9001,764973152,1510830078,34410389,776958933
9002,1999805164,1076777846,1250895356,356036844
9003,1344961945,833123148,1055890862,1866043882
9004,1390011456,1746271264,1901042666,191384920
9005,1328030601,1200030716,1676992506,1142600700
9006,172324714,305198222,575879577,675954706
9007,1365284926,1764000499,963670681,1651597922
9008,2127351941,496020726,1429446670,1647565292
9009,297017690,2077909733,569791820,511202513
9010,843067400,826177128,127596557,1735332596
9011,2130250603,991987159,1568146648,698781987
9012,1982267336,437989164,1590549454,129044951
9013,215355883,1966209239,621699472,1315556068
9014,1361408933,1743469519,778915804,1994703606
9015,263850633,514356968,1279500255,1650137783
9016,69286170,1518114219,2115027302,180573994
9017,1759888512,1017538295,989005075,919033693
9018,517633044,152258833,88503246,1764247414
9019,425245015,1714961294,632333837,738816505
9020,843451591,1022700700,1786576863,480165332
9021,164148618,474987538,519159391,1715164825
9022,142159174,1563919151,24892671,2115005501
9023,728122815,1650554971,922967174,1886168954
9024,1823397286,2044091688,928328992,2063042336
9025,258407878,383761628,216181368,1203908922
9026,1904719652,157796608,828430634,1611344775
9027,2082787024,2100077043,158617891,79995315
9028,746486897,1306087045,1889233603,282717785
9029,1076042584,1017075780,1414298591,1093534794
9030,1960089805,1215469188,1269080853,1667769501
9031,1383818791,1290148502,1504724159,1360446410
9032,1214976230,1685532636,2036717051,789867451
9033,1236952817,68696821,613928023,1985950356
9034,1056423982,882740725,1434126599,1247828211
9035,1257340949,1339375901,1630434311,209816857
9036,692583997,963097628,377667016,1754257563
9037,2008635554,531509306,767361451,386646149
9038,253775493,1583280160,402912148,519050078
9039,1038026188,924659591,1505447214,2119506582
9040,623995254,2073567217,289742691,586828036
9041,1067072386,1470075365,1998495803,643973925
9042,939822393,1614920207,618795064,2057945835
9043,389523139,1467176270,1488338592,1605001192
9044,730078782,857953491,445049153,347176051
9045,2124942630,259947540,1277441732,592156182
9046,292717092,98704764,1176278072,410680152
9047,2089028350,1564952323,156689298,2041009198
9048,1405017747,1949656762,472830140,1496939311
9049,218734918,511066448,79836335,1675642080
9050,2110833674,841322853,383734916,23610206
9051,1284228832,2057023473,2068028964,147022929
9052,1027701053,1020745671,41412056,2741080
9053,1697033059,1570939102,1371519223,823599362
9054,1596137260,1201323631,129602997,393479549
9055,496107248,297495040,695048267,844079085
9056,1421533984,728372193,268492819,423126082
9057,879861628,993323188,62327670,1686960780
9058,1721589416,1642172646,1795840876,330466036
9059,442368034,1638705800,196535149,1492013029
9060,1851187333,574743878,315717069,264763217
9061,318383822,1890830394,1211027724,672161136
9062,1353202056,688500962,1433876573,1821846963
9063,2040609328,169641529,1565743297,332312541
9064,467125208,1807126332,1372908245,553684210
9065,203375644,1094003242,1223953357,1691843759
9066,1428523096,1888763445,698502538,1223921287
9067,1449928102,726647103,1351044649,1058223500
9068,172341264,1771302535,527766705,2041004765
9069,1486592214,587796554,1880394946,1459965815
9070,2001314570,962569076,2050593035,1424200490
9071,2054334781,1376097287,1898055320,577674366
9072,1549255380,162662791,2087406682,1618996790
9073,1592452389,153646062,28047321,1911769639
9074,868631090,396933690,2099817559,1978669429
9075,1460900918,2068522412,725252989,763931529
9076,1363037567,893042390,1198586360,1731426057
9077,276270341,310964775,1949971250,1503138296
9078,174012653,376062875,1383408690,1715851696
9079,133157315,261408602,54788881,536683525
9080,677092591,1325681622,203186833,1525970918
9081,831758170,2027159554,290105495,1704708767
9082,983513076,2131601523,1875494991,314051921
9083,1540923110,1227388248,347365277,899987359
9084,115528527,617651753,439649591,967263623
9085,1989042084,1986081595,297862316,1374185423
9086,920247349,1641629158,1855187427,651539652
9087,1386020822,527200516,1813017505,204337657
9088,107656225,2085631168,609176033,637795049
9089,1806295050,954665033,140061644,947484342
9090,872456510,86263172,764432913,1593059371
9091,1789988287,983194712,621490838,1322596385
9092,1896620307,1516261954,459778844,721022552
9093,1340301393,513702188,696885462,1456686141
9094,644582872,2122549005,1653154638,973422320
9095,1883249204,1709722945,411319829,1688261992
9096,380408483,218342724,277239569,717799867
9097,807066823,988656252,1306681932,894738565
9098,100352678,265625720,685845146,216296619
9099,573539354,540725206,493439729,188251380
9100,1729879331,828004336,962695961,506404094
9101,1577582478,492144762,1094465700,616324993
9102,597693274,1404612970,454592311,999179148
9103,825656881,521637855,799944982,1459032561
9104,48961224,1273137689,846400718,1642869138
9105,455088419,223619234,576004797,1047949030
9106,472599845,1160404842,1546419555,1512323214
9107,1215321936,492779724,926590488,1306572176
9108,1837081535,1301705763,1706928819,496475701
9109,1582331789,498908924,1863601421,920503699
9110,1677508446,673677013,2060062217,599646213
9111,1675395691,957331845,1622323764,2030307945
9112,790292075,1749719360,1640940495,670716765
9113,1026147180,1528732396,1270025846,264283762
9114,1485291813,1564862755,408216041,1414175842
9115,2077707252,764235494,459237736,869704092
9116,1417241879,613453829,56340019,688785303
9117,675345255,1119041571,817211775,159812623
9118,1729977031,1127424292,155944005,1717173363
9119,2145856376,249385393,920635561,2036148233
9120,1470711211,1789123345,190751835,869635449
9121,1106051483,1675512123,1032354681,1154292057
9122,1837159928,1665251465,381719911,81903545
9123,1704202497,244267301,1936381489,1502129051
9124,1675703776,1075539744,861058152,2074217361
9125,1599446125,782892249,1203485654,1862190017
9126,1858495548,43756875,548141686,1070066304
9127,1000484014,1413990482,1815785104,1246025975
9128,1814770744,182062339,1038211926,2095040068
9129,900714883,1380328751,413726593,1819119887
9130,810102654,654016850,1221018787,820029305
9131,717644751,776060425,839831482,861484940
9132,1384864552,687921895,971127189,589316320
9133,318090556,2032895612,1024980039,618778058
9134,573638419,2067983833,1450989834,1992266965
9135,1004563571,999178133,1450691557,1424129059
9136,904113072,2050847360,2087076806,1737207508
9137,1285213211,2072979569,1120585876,535742426
9138,1885392398,1987091000,827711792,1130100074
9139,1001114488,115104297,93029544,2048495013
9140,1076607313,1568734101,904647001,1430878440
9141,1013252355,1663683150,2011866741,138699111
9142,945193080,993277368,860914716,1119417878
9143,412524921,1607756757,1776720376,2024026158
9144,1657802894,487961521,2084776049,1502763512
9145,171244623,1737910648,791758655,1413374801
9146,360742199,1275981145,788956306,1112195197
9147,1053605636,41765879,1615810984,1359999451
9148,1510198923,401512374,472024841,1884112818
9149,1887968172,1185815018,1795188959,806428495
9150,683311015,639741621,1311482224,1938445888
9151,372874063,1273006329,107423432,446183635
9152,123748169,811822631,323741963,1982686525
9153,517228740,26696042,1819195302,1515627357
9154,2072843988,593708511,651021108,2044760470
9155,1406785333,1520786802,288856150,1848205882
9156,1672752838,1391475459,1029841301,1527018259
9157,161944615,1965284969,861074760,1725063542
9158,2071051429,1267068382,642293384,2098831281
9159,449849175,1187688025,1297316783,1787273561
9160,709166166,901589092,447076909,406697679
9161,826794294,300590030,147897544,765456283
9162,636790095,1279894220,1866075371,841008886
9163,1908923597,1622684438,1260596379,489161269
9164,1428973833,1269210414,847779056,1875713333
9165,1856300403,2000276435,597963725,1255096386
9166,2069060234,786719046,1520652383,718673574
9167,1709478400,777732696,1860052347,1896086682
9168,558735547,177848650,242751251,1283777630
9169,375999041,437179676,7358015,1713169500
9170,1360355788,317009593,2000088171,837078258
9171,993088917,1699254941,101861853,845406060
9172,1047259060,1015770848,1658799977,216930295
9173,1980747812,955205933,217249934,47939176
9174,457267242,476619084,1055549892,1566607874
9175,1484541182,1514256118,392512717,1709693912
9176,265750117,1864188486,1845628619,283345328
9177,328077622,401555420,2110003311,809732841
9178,493612450,684118720,1851582047,1926156751
9179,346590651,1468126307,958073147,2007003289
9180,1859909588,316597431,1725496260,898685479
9181,479987293,736361543,1103203824,402418842
9182,1990110282,1862039123,1979859654,1762532689
9183,538203334,1822706993,456789660,1527171577
9184,1207318990,1764642419,902503665,59477865
9185,303505456,965712819,1035282600,643732107
9186,1057039389,276308187,1642420381,1396231710
9187,2079735736,931973680,1883823988,867477021
9188,918970790,2055626813,138843742,1302859233
9189,933821032,172011038,8529220,487551142
9190,325521105,1748507530,1309660931,788025474
9191,816677016,1144009266,1609421333,1740680585
9192,1090159822,953460002,1254730639,917429195
9193,180155754,740253470,1541093037,2084614883
9194,855038217,368228092,1145261755,578976525
9195,662548657,1133485059,1566758196,1829188137
9196,1062524227,607333413,1476860137,1272046965
9197,66230606,408164592,1714241724,2034425092
9198,1241362049,401046519,899639317,18559271
9199,1474555156,1916348482,673476879,843992421
9200,1429914682,102385798,1033285829,1586365101
9201,1673523033,73602693,1326527578,2109694160
9202,607782750,1749732835,1672984283,1864608559
9203,1891713222,948692190,2140701422,2059443682
9204,1044414565,727428138,367776546,231711567
9205,1894454792,600381003,670143226,2081611203
9206,490819688,2014930002,64129529,713680686
9207,922890356,163211892,839607429,522007379
9208,1812870570,90068878,1427202747,465903070
9209,434335499,971170051,903280433,954383545
9210,1246310706,503759738,2144565189,1219897028
9211,1828822272,1219815527,1768138362,495671570
9212,930455820,1060947223,783623944,128103504
9213,1668875446,936734186,1561194016,588905354
9214,912297259,664646140,183192669,274715237
9215,1541066490,1510641133,977141724,427368384
9216,381540060,1113468447,1475076238,1337652154
9217,610468474,505269237,632857277,707977835
9218,1289313289,690866640,243418552,684146398
9219,2072058134,924509777,1650815216,2093319709
9220,1253341607,2017637685,1292402286,457793192
9221,875632881,1911072797,520269629,1836666071
9222,1723107577,1148308113,925497811,579420530
9223,210342647,848531834,1315072912,1597945204
9224,2031864320,1287795598,1567900600,404098897
9225,973495196,2019843644,436616236,2146811374
9226,423205423,893923924,295830401,167646006
9227,161148480,1492017993,1499288987,1550348549
9228,1084873543,1088416592,22660049,1568535739
9229,667263458,510583282,640816575,313807453
9230,2108690056,556592918,775608564,691598987
9231,1191000821,584936380,1965770854,278142962
9232,1760379261,876447483,1647992386,764037498
9233,4373668,622448202,216809110,1650240088
9234,1236855374,1222888037,659391250,1450604838
9235,1170280396,2006062878,642153396,1252788170
9236,561712938,461934718,1554694719,243444300
9237,1155758525,1105741170,352515723,478754406
9238,1895939134,160427085,1886370528,1687953584
9239,1479599360,1275400011,2076827198,171444332
9240,1692290394,1759421953,1487370819,864982804
9241,1203741831,1258841913,457388904,1272093689
9242,575378701,1619474096,429076232,1463184704
9243,154386548,460601340,644138795,1031589463
9244,298706023,858916736,1617076847,1644789871
9245,1862560685,1734012345,1311512934,1912636631
9246,1878606320,1899358718,984921298,831872465
9247,2084204484,219341151,1347613285,978157446
9248,1566183400,357079582,581729087,1559378559
9249,1526271558,2058840171,33014823,406693667
9250,1066702913,1260025723,139489076,961332073
9251,2091169427,1044062168,1626798969,1053470110
9252,426539432,1064440565,1283188627,2038677518
9253,1678589759,234460253,845370095,860309491
9254,1639577836,1247636228,81757267,1717027984
9255,1050727926,848296765,817687847,936577649
9256,1714363495,1388844583,985159490,1533077853
9257,578547660,1667955631,967925969,1710559016
9258,905168330,1269680817,1160747513,634386777
9259,1754892130,4265711,2128772424,1760316656
9260,1677008441,1983362201,271928471,991635379
9261,1169809274,1245224393,1396761616,1910521135
9262,816526760,251770967,247463083,609545139
9263,1763848178,1736389460,185335584,1113556036
9264,208782857,1859502904,2083997584,253453368
9265,230536168,1463034918,1358189385,522136473
9266,259404233,37170434,241737037,184876790
9267,397771423,2108988436,358541151,1127152570
9268,1163648130,75742613,595213589,1757121773
9269,31917594,2079315654,1330040013,719556981
9270,809861832,928533255,1626141361,1465051231
9271,727108037,1248331869,171119083,1928126860
9272,902015933,949395799,2040097981,2060075614
9273,251898977,1893683583,150969608,2102302896
9274,1440769532,1346393364,1270614145,1550030550
9275,974889282,172778270,1576591390,1307639436
9276,229598558,1449881836,500249358,429349439
9277,1750590995,1142080865,196808751,780655185
9278,443571718,265963953,1528687661,182832693
9279,1931673205,622570973,1953312638,1740742683
9280,47916031,1707395754,894289785,1618037556
9281,1266367884,401025793,504238914,1397284377
9282,1208324287,1606683284,1052107064,304976545
9283,912489399,1191874635,1006156215,2146659450
9284,279679963,877255858,1748306387,1782119508
9285,1805365606,1140020304,778925927,777261607
9286,44520077,1778973305,60118351,1336298077
9287,652044928,1892076185,991502716,1058720704
9288,2133222208,1652585810,2118967971,625653598
9289,360146412,219101044,1053550353,1674947541
9290,1707175544,1913551608,769722783,331205370
9291,1897216177,697878324,1750543198,1861805456
9292,1270521270,752798218,1562864299,1362679973
9293,1586352212,27713116,130101134,1059432539
9294,1923908657,870597253,1372392180,366035004
9295,742148558,326378287,837324210,222321678
9296,2124001849,1127347133,382608277,1339973508
9297,516483736,869161390,376656162,1200727321
9298,100173369,1782700502,328028451,2065222560
9299,909658661,269943656,809963985,1727490091
9300,733350838,1740251580,213083408,1483246803
9301,147467636,788448717,1544660048,1831011294
9302,1053566760,734725565,562811731,1621436859
9303,893826330,1298851626,1986242810,270742131
9304,1776668974,1141844253,1314285524,1984251566
9305,135444450,909674131,833927924,540377409
9306,184700732,1390626820,1266852202,1230266921
9307,848520339,254691065,563206078,517403979
9308,1288718718,1118378097,1870021988,1796962791
9309,1431643494,273335887,727830098,852293549
9310,854942960,559471998,252939315,1928943418
9311,2031367310,1358240998,1621412843,46096180
9312,725742835,1681760635,1164878455,157479003
9313,318845484,756213835,1465145994,1668921253
9314,557797676,1368832213,226411760,292772714
9315,575857905,1800207109,1487386288,132352168
9316,2047235863,1488058868,1423895003,837622647
9317,98367827,1621261762,1959615075,1833882115
9318,1141309649,266913944,259658144,1913590947
9319,1453790694,662756986,1618438090,143875148
9320,1343108322,127439947,1055922584,1590613784
9321,1352615966,120889913,1939664545,2022510622
9322,159333373,1260315827,971566289,1798544251
9323,305032473,1706196480,645324882,1625243705
9324,1297699931,1760580360,1360178842,1790625140
9325,636448430,890909693,1636016399,1682514322
9326,850981944,976532697,1991088070,1818346070
9327,495432411,136623450,770517477,1571256993
9328,195619371,1000741383,734385110,1559725722
9329,1645908882,1573814002,1911163287,1829726579
9330,104762004,2071861840,1091295809,329955333
9331,1092779179,764102385,1339816071,1214891340
9332,529411537,13040266,859994957,89552816
9333,1838839026,1753073278,1592779666,627708843
9334,100284473,2128796481,1751787285,1008041101
9335,1272587728,1285241089,136035638,312843315
9336,763519808,483700989,2008510511,1026973321
9337,191313741,614231345,1613729991,431499930
9338,1092980367,414244654,404329072,1758704761
9339,226527201,1276084620,214944123,560304927
9340,168802719,1949828171,1965804111,1038914358
9341,1542240042,677876311,1466836312,882311816
9342,487172675,881649918,1006347669,155865610
9343,548602771,2059755561,1160671339,345585047
9344,2072795844,73008071,67579023,22123070
9345,563001940,1684087822,516010843,573508703
9346,1830252282,1394768245,287402780,1606097115
9347,381424880,1351407883,141272715,1843540376
9348,1457642355,737080922,1770639141,1391886236
9349,1112340790,887175852,744842980,1466936368
9350,280016223,631822062,1705531988,2062549584
9351,1960308629,267500089,316310260,1065445377
9352,181043590,520554122,724040541,1877481819
9353,1254649870,417531624,1026831,1933016785
9354,556072684,2121939862,515788500,1375385417
9355,2102170590,1145041088,1908431369,121751954
9356,53113787,1257568901,1949875048,2126313953
9357,2041483511,590283913,618793006,1294504952
9358,262106397,1595263461,279137942,448106482
9359,575056940,552502966,1857121154,641776437
9360,1395274063,1454421423,991239291,938878490
9361,420037162,1457015616,452888521,796087994
9362,227002179,2085347479,776896750,1062805814
9363,1790794001,718885634,1435575000,527523619
9364,1244873165,1146006732,1324173589,2118331382
9365,960400603,1794681627,254883897,14486757
9366,10780845,1015258425,2113623043,607797539
9367,3730711,1786406210,1823073636,1119447404
9368,1630394725,894164077,466100137,1320727580
9369,908114081,1131840257,1885627093,1142152555
9370,678716457,566484329,1663007211,103480673
9371,1204143140,430637817,1682505401,456442425
9372,1827300995,247503101,722551087,847116772
9373,1291124900,139549439,2130356449,271403187
9374,1604726906,2066293009,1403327006,2134938539
9375,1034743484,1121204333,5507611,2121425338
9376,1734403092,721238523,69778072,1004559654
9377,1159305160,651677876,1801598911,1835510349
9378,1949829142,259739702,1611005444,1562770094
9379,1152533091,267797210,653605614,242958508
9380,659471556,1989107530,1158094690,595455598
9381,1060721569,794007223,1371230928,622790132
9382,634811832,1543392761,1107777331,75047292
9383,1254228706,673113212,1569791606,1807313164
9384,1360456713,402624219,365561385,586508457
9385,981425859,1744079605,1119394265,244237310
9386,1305340948,1520502416,209471460,1496885786
9387,470790292,1010977116,100058206,1634526176
9388,1631865458,2145596783,982160132,844302229
9389,1588336167,1303730225,1099310909,366402116
9390,1819398358,1976530341,763240017,162466707
9391,2017647362,644558145,569885707,684402595
9392,283796662,1077519182,2067612806,1916456830
9393,1895425762,957417518,1845849180,1749311286
9394,2031112274,921112249,1261809184,1417660550
9395,2023978603,30075791,568410584,494548013
9396,1350297065,1492059841,1895775229,1716954088
9397,690765917,1937764066,1457172650,2013680404
9398,1140371492,675138051,396665034,1973947606
9399,416891143,1126993713,1591256781,297559209
9400,632854422,1454605698,194077387,1286761057
9401,545066984,452434445,1508543356,619592051
9402,1168837739,1640186925,886297081,1985235755
9403,1977662193,998057156,1004515863,724673386
9404,76462584,492410385,640370009,918804
9405,2098639067,29221444,1275507686,1167141275
9406,1342680838,1794040634,521601979,1718508332
9407,1040835890,149608294,239890050,1221906690
9408,1117260602,365073306,886609736,1670946538
9409,1448096718,1500350168,1387981257,1597604997
9410,316052022,86243413,1079886395,1126913019
9411,2112369327,1323162819,561237783,1607586778
9412,651862015,1039685245,1592403599,1779076278
9413,643516962,1868486919,807354922,991792284
9414,873022815,1070921822,2001824787,629810086
9415,504752604,461744673,974680155,550479546
9416,1121585302,2055426486,1915801936,220118198
9417,872561357,1344655889,433644708,330079051
9418,1722837669,1958177698,1562885544,744460758
9419,1301527730,1742923442,10434390,1098572545
9420,1979096700,1764073114,103027224,360196794
9421,558076078,1658017655,135516217,1275987882
9422,703613524,1758555379,101364735,1317917738
9423,1631287110,1759965678,1024926954,2137233463
9424,1947366032,87690681,1779781774,903300055
9425,812893500,756847038,1685304061,1605645341
9426,144570138,1359234821,1918571345,21697288
9427,1720450917,734583779,1105572071,1690660376
9428,2145525415,90202415,1087289582,2105087990
9429,900122601,1277621965,1011360093,787550268
9430,1635438193,1982151470,1114827642,1501299816
9431,787054165,1099519158,1874687625,2095542777
9432,524387505,1877712133,156516669,1843897000
9433,672223703,33551087,1884581963,656235323
9434,1909318812,1705988752,1313173410,1033864660
9435,1134408356,1632444087,1035696382,298276270
9436,2019133915,607714297,208719196,993365119
9437,1393862682,1155041446,1630520867,1623764163
9438,1462501729,1472767469,411368626,910812426
9439,1950900468,83388041,1749021363,691675389
9440,2069285699,445510193,1920032820,910157977
9441,238507869,336425748,467532449,1918425882
9442,1190111975,1881731462,529924523,971367970
9443,2051601849,993464485,2108880817,710754993
9444,1232624349,1420719775,1880296787,1513536430
9445,1661477117,258469304,38076372,335411514
9446,673925948,122023673,2011565114,1212146221
9447,1732522484,2077452087,46304007,2123866855
9448,929230384,723871473,390466038,673883027
9449,251664888,2098279183,79586060,630404462
9450,1974952490,647655939,215726439,1861014762
9451,439568088,1026451353,410079325,1216062886
9452,1761602356,450112165,1003380461,1902905658
9453,1740956535,163749158,1437447788,403482819
9454,298290388,469239012,377679291,756623191
9455,467900197,131709210,194083876,133328449
9456,1036427425,115617746,547620521,1107491228
9457,1673582492,267218218,1829927571,1282529585
9458,1534674344,551316954,94089597,187048563
9459,979235114,837436432,1344678687,1606282527
9460,978074617,2012620762,475564327,316746112
9461,2128691222,791738328,1265236970,829032389
9462,91863953,2064294812,193448825,992461207
9463,2087145187,1346574113,1685492275,886855353
9464,1076987312,50019244,1977506861,596292757
9465,1118613591,605220164,565376338,1890161900
9466,2013182104,682224002,1623123804,920207508
9467,564077209,772608878,1817297095,1461228468
9468,1100027135,1673823027,1308872432,1969818312
9469,1580417173,1329197759,392093247,379928017
9470,1291148832,2132800087,1852593776,1632540915
9471,879373375,223163781,403053036,948612391
9472,2030801738,1882420088,1635732021,12844783
9473,1888562110,910351732,308606998,282383026
9474,1705214533,1437609571,1204734392,1740158944
9475,542028431,1001300438,2071858217,1336917879
9476,1098506616,1375639730,1412316039,2144431257
9477,163624201,65629205,1969010418,1022610549
9478,2081738368,1651084604,2046346829,947996324
9479,99533772,1325673808,869505728,1765462965
9480,536861612,303905309,1951915807,1851238459
9481,1170110816,313360881,371321755,1094421159
9482,225672957,1381687152,1058072202,1208943204
9483,1712145927,1127861466,278858125,1894893063
9484,1121111376,1236594196,971559501,1678299977
9485,800044785,761951855,1080469827,1236020839
9486,1116189110,661706889,1156931973,1035906907
9487,928738960,569904263,2000882368,1777740913
9488,2029536595,255924836,1467547328,618848260
9489,1737565355,1912191380,1695069710,1761116892
9490,1858510085,1271370322,563438270,1806321736
9491,1111096313,80507904,1353009795,217479349
9492,722279270,934990028,1114145475,511106419
9493,1408343222,1094269348,1791615105,1948811498
9494,653809719,642247903,391962935,49021763
9495,1431749307,614243978,1062881977,965432158
9496,1467073738,1811351789,2046106207,2031389671
9497,104172801,808804660,1637667723,954458962
9498,1798823547,1949852289,1029348498,1851766206
9499,1090385566,18293632,616328133,1439041254
9500,1530621873,1407104369,475436013,453026777
9501,1660029475,2068953636,114615898,147558322
9502,795707863,804646935,29142162,1526117079
9503,354605995,533404943,881047998,731159900
9504,1189908505,478557888,1028371057,1942065752
9505,1216119504,1089985808,268982594,1655363615
9506,1591300812,1437906746,1195725371,1777848269
9507,334334480,1105324363,1419334393,171720454
9508,1266127780,1841910789,1906189693,1447559109
9509,1633816075,2024366945,1389045733,1304238943
9510,1267823362,1628164275,2036992450,1435525974
9511,1036498157,522401871,1507404087,364190314
9512,1079978575,895543772,367007045,706648577
9513,86004922,787960455,127405694,489246261
9514,501538383,1405993567,533753270,2101373677
9515,1382480843,882268419,205589964,1021156113
9516,585027359,1243596894,1264370960,1391954716
9517,1991616566,141100122,2129629343,1915252196
9518,985466301,2057481517,1734728929,1822728155
9519,425411648,8100512,297393358,1667457779
9520,574128640,721944059,2007061681,1068295009
9521,413792289,2142485610,829149446,1881411416
9522,242176122,1208550698,481830234,568692196
9523,1496193099,1262954381,711564089,1084900360
9524,1379627443,2024538294,1708278244,692600937
9525,1218808944,861118257,613741845,1871676186
9526,927332558,1560141701,1722547790,2032986327
9527,1451507305,1034319051,981615121,899777845
9528,1922367198,319082988,1363604528,1263774904
9529,1315707800,6406626,576963009,1316996986
9530,621102687,838467020,1306146904,815453837
9531,190445169,554714483,2023120841,978611444
9532,793064124,1143750376,465319176,847738268
9533,1580773281,1616512567,923763500,1149186370
9534,911882622,1713017429,2084860616,1056099633
9535,616923177,1290943426,1551230996,1141968271
9536,1855169097,1253399240,1321759313,48736507
9537,943206944,289229009,1942175001,1715182603
9538,41198647,1400582522,1596948639,552056396
9539,2096205281,744777404,1462146151,273186359
9540,1648236257,1915040024,184617465,792513902
9541,2087406182,1730104093,675918066,794018528
9542,1440269609,976027126,562449948,1684649855
9543,60372788,501850014,1801465533,624766465
9544,1695029849,633673791,1166064746,366888006
9545,1302687226,977561042,293474240,2124098761
9546,714155620,812973550,855476635,5881900
9547,496692044,2106906910,1728505589,957786933
9548,1252021405,14885923,54260598,659692547
9549,1552315956,1726014335,1328411345,1832953583
9550,1821739891,513222175,933164878,998578948
9551,1111984743,1127562351,2090444208,1251943866
9552,1004019803,1417984231,1366451856,316700843
9553,5358079,703471410,193798004,2107248020
9554,498110665,4259881,876959378,456169146
9555,2026119835,304751038,969674485,233641632
9556,284430991,1228461631,1208944180,1852587178
9557,2071067234,1006016737,759025197,1622927983
9558,609343914,1365097862,1722193161,525497546
9559,444810782,1456125808,531273481,186499756
9560,418232799,289593516,2069951988,1754560207
9561,818616331,674155785,616571220,2031023870
9562,1851129164,336377799,1256650276,557946770
9563,1024430571,2087909549,560465873,1792713776
9564,601942555,157141121,1388656896,466031502
9565,2080261825,282638759,491996757,1502102415
9566,2004835736,990106888,1723360654,636069808
9567,216950711,1774884513,1603902943,1421899012
9568,795642405,797264747,30493746,2100166555
9569,1941916392,2099797509,1138402641,1552098767
9570,700800066,190409066,358288936,2048481788
9571,697258762,1094237450,1570792870,2118128422
9572,1613634457,1652956502,1862877991,540897552
9573,839521802,605358752,45014668,1385488968
9574,1087121818,742125990,1376438719,1644550049
9575,1505513423,207440382,1251285250,404271149
9576,18569727,700914561,1009173475,1519346339
9577,133925202,1851628020,1490764723,1265152855
9578,1653546500,1490706214,1832811587,197500742
9579,1026243124,442242041,1858259687,1326052616
9580,778345432,283186879,765022428,1292505694
9581,1404130516,280575921,1568163706,630475930
9582,2086963476,450732750,1367424075,327914632
9583,159652261,1667549745,2093448962,679125879
9584,81681006,1609253695,1000423092,463084706
9585,250839928,180694626,859783224,1916353506
9586,988072164,824042525,1460761679,1763326050
9587,1131360581,1080071505,2139453568,1679929384
9588,1969098401,843642281,1188707260,100472435
9589,1334351775,95005476,2050507397,327447994
9590,1095727560,2024457883,1417968843,378107406
9591,404829083,1485322561,1531559820,2031931985
9592,72955557,230328451,1141245975,1864487837
9593,1566778362,267975039,1703919332,2024609845
9594,93206611,340591032,1585780386,1047335226
9595,50016518,125848188,1618962320,1042080957
9596,1270130335,1379528485,1528063250,201618166
9597,990124503,1854024020,467724484,97475784
9598,746579729,132483063,733505938,2140418039
9599,593225335,1575566419,121978418,816070338
9600,9488638,1369564245,1876089981,483062935
9601,1465109624,1884120421,1942820080,1688534816
9602,170474160,1096552245,279260765,2056154718
9603,1693414910,1456302863,1147478376,131147316
9604,599196788,1909451953,507147273,1278931533
9605,121229365,777583034,528879656,1457391343
9606,1433702613,1012112914,410995255,1544834607
9607,686955935,1013698246,727718793,55069998
9608,1091161189,1397933253,417903249,1882469717
9609,1572370777,2042391399,1098568092,1910395455
9610,55989411,1461687531,1179550100,2005034647
9611,1996103328,636916761,2129326669,1109410540
9612,256756644,1815074255,1972147945,579860998
9613,2039158212,564790899,591829370,1655083263
9614,2119521168,638636821,1665064807,212524561
9615,997739265,303406812,1693987453,666726584
9616,1110816503,243804747,1990611821,1643333848
9617,1044178730,718296390,1782092993,684464311
9618,833679592,718215135,2023421065,1694348561
9619,520192606,258899265,713337102,680639573
9620,1588539592,55814726,185454830,1175887354
9621,454557677,2100679849,1534943579,171343421
9622,1494320262,341945237,325980009,968237918
9623,1017723042,1536149851,86554244,1488058293
9624,506953748,1759286206,362323156,1357084368
9625,730446170,1844247592,482164365,2031409145
9626,1616394898,273734073,223103831,133172662
9627,1107438292,196360288,18606688,1402790459
9628,735093296,1402169637,1146433642,2096327352
9629,1682560783,1543630258,1306332547,969835690
9630,482552131,1442642072,1402997674,267729633
9631,1418477666,152307924,1772115893,1528136355
9632,316578123,588919224,483442042,980056670
9633,104359904,70210056,703315493,1628950025
9634,1193167629,1843731616,1801898841,1862434208
9635,1546114643,1517716845,1699511419,988868744
9636,2068507190,1940832253,874099683,1373549642
9637,526724366,1255222939,1989189573,286332595
9638,1473453997,1529752426,933939999,997922392
9639,1365899300,1350757236,2004979630,274759343
9640,2087281201,2078800563,1688088502,616002039
9641,1646154563,2089799569,15857467,953147149
9642,632016594,386343649,1528729908,238324005
9643,412069100,257928538,2084428146,465258773
9644,670272041,1673809831,1850522884,905424580
9645,1794703183,538127067,33113974,613023638
9646,341370169,70463978,525675340,807794858
9647,197896476,540158515,1708887078,248705760
9648,1006507394,955423258,86703405,1517277034
9649,2086523504,128683260,341883510,1573495045
9650,685509358,399816744,1427550097,1780778804
9651,245749688,1648940965,902989842,90442768
9652,511004220,1434363033,1305416223,704671813
9653,480429872,188794280,1789730810,1783150078
9654,1304378893,915059221,989075948,1117883353
9655,876252312,112000672,2095762691,591991522
9656,684879040,227775851,15680693,103356410
9657,2017293374,34455521,1908426094,1906532058
9658,751727891,1984857452,1327076108,1440664837
9659,1917201569,733363925,1092272383,1812455318
9660,336238391,137086662,2123903898,554205783
9661,376414002,1763315896,562575084,2088039896
9662,2039608930,1540871656,947945699,816459157
9663,800841913,635012703,613953780,184524292
9664,1484674114,782859954,1129554786,819539681
9665,689242272,2069696432,1284570858,841796150
9666,857315506,552647346,1985008408,957627116
9667,663996376,1458175346,753602504,1862464951
9668,1012684877,700933443,373617434,455241227
9669,441817118,920248155,1329616593,101681441
9670,2132653487,2073450355,1579646172,1174356759
9671,16850339,1401999964,1098123601,304276424
9672,1525390914,344068663,1823955281,1453378399
9673,179626865,853938143,583552439,1871432678
9674,516527149,104403107,100426606,181259548
9675,1528216985,37204096,920444315,1833039025
9676,92067311,179164618,1353207543,1342386000
9677,1742667629,490172558,540929880,1004361518
9678,585249774,1199243571,2087506931,929155278
9679,1985183774,645617566,1113886326,143822946
9680,1639323811,2015709530,261213894,361074562
9681,1774306866,419330668,1454054172,1615859114
9682,1847589131,1160387174,1331653439,1672588051
9683,1020985532,915224835,706110506,1602081619
9684,877484496,1979270810,1592560023,2106428397
9685,737913803,185160669,629082416,706939241
9686,1313301915,500407852,767187207,99863365
9687,198356758,2141595479,1144539495,449088768
9688,996038293,787810356,1137958862,193721189
9689,482542636,1967870352,1085290702,370904461
9690,959563352,1362038552,1807465064,892593260
9691,587122604,728670272,1221171560,672928204
9692,1817693031,298039622,826936004,143693822
9693,448530278,701677886,327210093,772125405
9694,83682412,1537724617,645278055,993939978
9695,939430207,1545232451,1560610449,1085958807
9696,1080030627,309126103,688467687,324144596
9697,2128613937,429940725,1442863710,32389562
9698,861449941,1140871915,460428235,1682125000
9699,1096625520,616648470,854637529,493063571
9700,1311325357,708094699,1978626347,677600151
9701,539689174,1737146139,392222577,1255818748
9702,1918795607,1289333444,2091990971,58183604
9703,1634953316,1419451863,1483017970,461810876
9704,625213845,534911821,1813399126,778676405
9705,1231824204,218071955,1258168031,1395892457
9706,94477163,612673453,857483495,820627612
9707,166558564,630874735,1731737406,1654622649
9708,621041940,1494863884,611272295,1023142155
9709,441021069,989231724,573920956,1904980942
9710,379019340,41144194,321048337,586620810
9711,1970014711,217524589,1674643975,556529709
9712,1617942874,783990243,1865150919,1842087343
9713,1371695140,1529768502,1556652930,1281222312
9714,1897459976,1932622865,74674774,1949952341
9715,491178781,597254282,932229590,2002154441
9716,986529602,1292076881,606935910,1293378603
9717,1524599204,410613921,1343098352,167634597
9718,994619258,517960906,35497413,1866131322
9719,464236084,538812978,832178853,2040586053
9720,132015908,90226685,839443489,1947856195
9721,1890917214,1847717422,44178,1455110417
9722,2138466663,483455260,608576668,780522442
9723,1286997646,759941808,2145007747,741963206
9724,117693082,2087071455,1434082470,1848922257
9725,1830678685,949717822,719684824,696030157
9726,339125326,1783589243,875137424,1765897130
9727,1931715124,1903869500,1129555214,1346736297
9728,451412401,762932317,562262521,320751955
9729,1142960186,183409188,133057210,1155071263
9730,623504016,747714003,1544999617,2050948382
9731,1156936620,1812894978,795088840,892560754
9732,988971146,1954246940,1615250681,1594656617
9733,1951116451,1076660760,789686333,962832731
9734,1507859257,1100854825,161011120,732028320
9735,438190016,877089662,34217718,276456958
9736,237360690,2053486844,1670971742,1987785900
9737,1123961195,690610783,1197359311,871258518
9738,434937016,905476638,1087011750,1616164987
9739,1474734283,170169003,1897586395,1529716728
9740,1018738065,1088921174,594697861,16494442
9741,628835133,1199970574,409240638,545317501
9742,1898067017,733555939,810583275,950356897
9743,783274602,508825102,441174582,1136384775
9744,763273957,1788823568,1642662209,1981333556
9745,820533367,1538295401,782705112,1976422315
9746,1343388496,1076892718,1781435060,1833429989
9747,385899236,1571290023,1686891906,1958777963
9748,221382980,1566330618,323356059,571909591
9749,1086331037,664943030,1488992660,989615262
9750,1283518282,778860914,28233724,2004584844
9751,174088591,1534350249,914915787,1336504683
9752,800563904,1600908968,1732481718,1177973954
9753,740434985,1414382883,368818777,1467820567
9754,1443847939,589543150,52720012,1905410744
9755,1609325567,1984037172,2043787152,1291940248
9756,860735646,398440231,117985071,1569981120
9757,1238439338,1421230267,1867474440,1568348807
9758,1437328041,405538629,291741188,1816152005
9759,1398086757,283421596,241574581,1071722247
9760,1672492205,702082377,1662826093,303847982
9761,763909337,1693768467,1465271502,1258620435
9762,104744836,348870337,1185594505,211475125
9763,1680602479,1196511556,69925799,1994437868
9764,1373278195,291470716,1466134839,1176524430
9765,1432932862,21096611,1627686342,677654272
9766,422397363,1502988510,1036379419,1514559342
9767,328385623,1375625802,1311713550,1722581715
9768,831556083,689745936,1214018257,626570371
9769,428343975,1704808693,1139238173,1188042516
9770,703544586,836725897,474182215,1001105248
9771,213611557,860200508,426072142,82873749
9772,454646421,328962681,488661520,517792877
9773,894610457,1605335927,357751503,1856913338
9774,16509479,31588003,1980554509,976827333
9775,1009598374,440638233,1584218714,1152731824
9776,1931205705,1950617314,799497812,352831551
9777,2142462973,1329129195,1189013266,1857236460
9778,1021526805,836403439,1135437160,1538625328
9779,1758180113,749119650,1182751836,1275576562
9780,1735365439,1192233958,1780056566,476396507
9781,1637961548,1705310114,883405387,353536836
9782,1596372370,21672003,421625601,104765452
9783,798103275,1588456517,62451806,308302935
9784,488360133,213057697,1444234621,1562450622
9785,1120429414,1508128709,1147545827,1736755101
9786,1243681709,362564709,1273182714,1154822181
9787,1467835095,216691863,614405665,1649268736
9788,1301541240,425877374,1611150832,1489165471
9789,1503600850,1947592640,1480961387,1204920372
9790,2007153262,1527538462,1796806426,1752564751
9791,59548259,731591035,1231576954,1097630357
9792,797888204,1303656583,658010715,1655951018
9793,765745796,1619275498,1536724303,886188954
9794,311471570,860199095,792492332,1977542266
9795,1771170544,949458948,1701478547,31791700
9796,635635130,2049829373,1202481319,1102703294
9797,2100447820,464871136,395226868,1769929766
9798,738050388,1545656197,2094581746,311377046
9799,1612893700,369432907,918110918,1799044678
9800,963643879,844017197,1903968718,1113743953
9801,99278693,1034496287,428411917,1354081491
9802,1233849990,1425356450,1326389584,1718561852
9803,1353617598,217152086,669609186,753300783
9804,988792858,95802707,773970781,2132551383
9805,1032395172,185718715,842998795,1373436035
9806,1783534813,794232284,106139262,391446676
9807,729371540,1154144868,2146555938,744677253
9808,1247549331,162692005,1804853247,1029016875
9809,869344246,501500171,248831019,652479918
9810,730250112,1151289023,1283988740,2104233485
9811,2072957362,1840518575,1536527065,185739237
9812,1717639244,383935851,663193595,14037330
9813,337071176,1366263104,783068170,352423445
9814,652278827,2104522429,2001244268,112004252
9815,451464481,28755381,1526295994,1379447904
9816,1790125038,1619479194,2022679220,166246127
9817,1298259028,117845013,1398844734,1437805646
9818,2112649116,180111614,2099802370,1964339773
9819,1032173509,2101772034,1946701817,68793953
9820,1524170145,132594017,1718770330,694409466
9821,1110348477,1399926658,623059973,1797389501
9822,1397904430,968201524,1631482273,661836291
9823,630505704,1565928447,854424704,829848807
9824,19010409,278841199,1371100949,560341579
9825,496052643,1027417554,2028522379,291779204
9826,1797897111,1187241589,557645234,1042084627
9827,279631071,1376077681,624481668,1944596885
9828,1006026265,640457956,800220377,413349197
9829,1185673791,1225176954,98805978,1377336819
9830,2030552088,2031102970,609914790,840431733
9831,162518700,1191402716,952127068,1256493235
9832,1715318843,539470812,701784419,507583755
9833,526848917,815686074,2134678603,1538609890
9834,104053582,248704379,257106119,247948230
9835,1346315274,362343102,1014236078,625686396
9836,1250121572,1160456978,165861873,1047527741
9837,233346227,1213211465,1145598802,1721062302
9838,200808747,1697814292,33162797,1779664195
9839,1774877754,1468327559,323654129,789813741
9840,1755284128,869384719,41691452,1098462770
9841,1587253198,1076417204,1326477835,1526358818
9842,2101535643,1845448661,429741923,1488484196
9843,738038773,313767474,1320181510,806732407
9844,1276934945,9461891,1055520010,1104636318
9845,439350835,1571984951,1659766848,1599357857
9846,1214464824,1677820049,1613923679,406852418
9847,770417886,131097687,1733211919,1007182492
9848,1573684514,1114891224,1211531055,2009186404
9849,143797474,971601442,393898037,242175984
9850,1191567747,1027784109,1770653768,367709123
9851,258767813,1364722022,668562012,742618540
9852,1411839587,886983132,1328916211,504598180
9853,2080367858,1292330896,596071357,1326895078
9854,859042467,230655340,748571892,975024215
9855,1313902780,59087066,1161774984,994008249
9856,2130757616,813961978,1879151254,632100380
9857,976508727,932996152,591850602,654446578
9858,1987867340,889568392,1739530404,1163420855
9859,2037005384,1999482323,1532693154,1488500028
9860,1936242062,1800652981,565461033,1963653352
9861,631396609,1628682219,218476666,229428516
9862,2068433493,1771761084,383860342,147074444
9863,195500406,134023545,571511157,43015722
9864,234141679,781156379,1698319616,1392680798
9865,585233215,1132978481,1204558183,2062684267
9866,19451096,1784326366,574889314,285396557
9867,373096963,551927730,680038580,370073742
9868,767882323,1653160584,1635018610,2128225239
9869,1361108444,2117699956,762465593,415309473
9870,1278553980,259395970,963692430,1006271659
9871,14334712,1030499811,870477499,1450560025
9872,1441991770,828360883,142492562,812600436
9873,151786721,2092690845,1234727810,848472364
9874,64704527,987963053,1977630891,1052857474
9875,1914779258,2119825112,1966965757,1672637477
9876,1792040525,839398798,983046641,836779201
9877,926283284,1712434115,155467843,1420646900
9878,1720518686,882204211,563592374,277961644
9879,278040125,1808797314,1769780482,1036316225
9880,2105266833,152458939,1381366132,727193412
9881,372159053,1246991150,1772571366,661903736
9882,1006248721,751712215,96645747,1111192313
9883,746105896,563692073,1113866453,632134025
9884,1208369976,1576647561,1797127310,805183540
9885,39942082,2029033718,537919388,1911159128
9886,1917212622,1989735512,600387944,1824585515
9887,1718759467,5984762,214087285,1659248244
9888,320843943,531690626,307325130,214499923
9889,916182533,2092908401,2059492454,611365346
9890,2051455627,1012275105,1802700726,1897493526
9891,1831406843,871988289,1042241674,1653481382
9892,1117896280,862677826,1690806852,733023288
9893,2073819595,1949776898,1255642534,495166211
9894,1376542225,1546477461,373434616,47145165
9895,914220,1686829606,2053038372,365097262
9896,1395180942,191326094,169638868,617635922
9897,882354966,1999305177,1573964174,51708732
9898,937667170,635839598,1908411680,1328846829
9899,1346689668,1240505866,1592948745,2129988099
9900,2131855509,205433836,1459431251,1697310391
9901,802104291,156700622,1762004960,344550
9902,1682621518,1868905780,1913638425,989010105
9903,1933101299,1318192598,458325715,549184492
9904,461989889,1081410405,1400112741,1278645255
9905,404602185,1973529113,145052874,525620206
9906,1220971273,1497122080,104102173,1243457210
9907,644766161,170539436,724305049,1678422733
9908,1064588702,895982700,646927227,488640284
9909,848539061,1572530943,1584810177,959890504
9910,559113420,435090877,1840780011,682763740
9911,500845082,599178103,67163050,673432517
9912,1477941007,1623704234,1067423939,37395693
9913,1674365689,1087654563,165532957,780755034
9914,1313125948,1374077246,379491068,1384926677
9915,1309057428,374039055,1315653380,879919737
9916,1375916315,306525603,769757307,512934049
9917,1422770157,1355573799,162939542,1716319820
9918,258242340,579765657,1200611218,958087570
9919,1572256483,1768630254,781013120,692817849
9920,1525780496,1332625799,1268714405,1918771242
9921,1858931166,1843867993,870956227,1331044853
9922,1463911476,1919953796,1613325869,1583470076
9923,496343434,735124749,1554713024,558358540
9924,1788103448,680931989,263604769,357697128
9925,293145937,687198150,1803605606,1568774727
9926,576028951,526483053,1248611497,1170849163
9927,290054226,1739121492,808917682,1380154388
9928,1794268334,102584402,631471518,694800262
9929,1129339999,28243373,676045637,1770165473
9930,2034535917,1789771483,1498949127,1083445706
9931,323500383,1565106563,324661111,866701834
9932,341360707,936639831,1636133199,1533804089
9933,2019394868,49511218,428913064,1960282643
9934,66097553,1705565975,1540034035,487342373
9935,2134750767,339260719,107770746,1525341653
9936,1522526320,1167792481,1042189465,75610058
9937,978493637,1304026827,1545910355,784156220
9938,920346503,815064864,1727798678,1051918051
9939,217143009,1110230292,614624520,71661147
9940,240630773,1946783881,325043474,1293972473
9941,1022441963,1117766280,610855923,868143014
9942,1478770845,493557792,1868517501,1323800083
9943,2066037380,2082758687,2068934467,73734447
9944,1958594102,1869296942,259273486,1246745115
9945,381963921,477572945,1861833382,1327827598
9946,412278803,1483930084,2131039843,600062404
9947,858117872,1218873964,1882057417,902567922
9948,206496924,1330983675,791124470,1985701702
9949,701584670,1762228218,256800627,354791553
9950,750834881,895226206,1086638270,1111345887
9951,341166208,277169121,156601089,1624298906
9952,983405091,1082747987,578776841,661226225
9953,398350962,1857518297,2023246376,710692659
9954,105096578,1001186785,48823602,1052845933
9955,836761142,145149454,1845164962,335396677
9956,1335462032,1501716354,694030473,955479556
9957,873187084,1254943074,50707645,1177516835
9958,1446734601,418938417,303220266,1382367564
9959,1859004384,2084588496,2076107325,205437338
9960,1871580011,796829209,1237784947,527177889
9961,1743440257,1626352128,686300908,655583458
9962,1542076284,484400779,506204160,1785806493
9963,1939743646,193950606,236756034,779160000
9964,597813546,1008427106,665069166,1084515507
9965,1272190462,147944996,894613026,816783969
9966,2111318184,1863600285,1629513776,893584168
9967,908697175,473195333,525187511,350521953
9968,1632735466,1060897888,1207597543,51907305
9969,1127613804,1687154700,913705572,1433615622
9970,866995710,265799252,1259575659,788918488
9971,60818361,1385867253,74860321,384557660
9972,535128470,830623513,1279574501,316511689
9973,1501922572,2093005528,1184515007,1957677405
9974,1736432649,243509695,1424552577,1600394250
9975,291453064,1721056234,1662662227,2033382548
9976,1481175524,111719435,1739450786,312130436
9977,858873313,1293985067,480895503,659916092
9978,1457676064,51458930,897790095,378983639
9979,969386869,1654335527,727576756,160043965
9980,133553083,1697786165,1212555358,1729106320
9981,672405296,1971212172,705375150,1704966167
9982,357358284,194832907,125363245,1733501340
9983,1387334122,2006134629,947825659,330826505
9984,211214360,1117346579,1737905423,1974968031
9985,835466177,2128456784,442238006,739264705
9986,1583154688,306225461,850368354,1049328416
9987,229062513,1618861103,1401131611,861351342
9988,488364089,357966161,862290359,1585171844
9989,1080290183,748515583,875120973,1469072080
9990,511558298,896328892,412603752,467227213
9991,1394805486,1316932711,724127544,1515973273
9992,743353808,335724060,653125934,214990194
9993,2013257982,2020734570,2027072056,118782981
9994,1960998251,1149744498,1198351809,1558521160
9995,1854970407,1649606966,1344046489,2075532920
9996,1537890822,1794315877,1532592437,484918731
9997,406009392,391258257,1295368730,613774036
9998,1579545856,1472264140,1573674765,1079155846
9999,1907448418,1850902144,840921022,1981136390
