replicate,network_seed,opinion_seed,producer_assignment_seed,simulation_seed,edge_count,realized_mean_in_degree,synthetic_fraction,activity_multiplier,n_synthetic_agents,expected_activation_share,synthetic_activation_share,synthetic_production_share,synthetic_exposure_share,exposure_minus_production,amplification_ratio,synthetic_posts,human_posts,synthetic_exposures,human_exposures,total_experimental_posts,total_exposures
0,65583179,623656047,245378476,1832619589,10241,10.241,0.0,1.0,0,0.0,0.0,0.0,0.0,0.0,nan,0,4938,0,45749,4938,45749
0,65583179,623656047,245378476,1832619589,10241,10.241,0.01,1.0,10,0.01,0.010149898501014989,0.010935601458080195,0.0030383177774377583,-0.007897283680642436,0.277837281203475,54,4884,139,45610,4938,45749
0,65583179,623656047,245378476,1832619589,10241,10.241,0.01,2.0,10,0.019801980198019802,0.02053979460205398,0.02193158953722334,0.027952941176470587,0.006021351639247247,1.2745515380464112,109,4861,1188,41312,4970,42500
0,65583179,623656047,245378476,1832619589,10241,10.241,0.01,5.0,10,0.04807692307692308,0.04792952070479295,0.04426877470355731,0.038310391930230114,-0.005958382773327199,0.8654043891382338,224,4836,1823,45762,5060,47585
0,65583179,623656047,245378476,1832619589,10241,10.241,0.01,10.0,10,0.09174311926605505,0.0926390736092639,0.08738848337388483,0.06913255232328551,-0.01825593105059932,0.7910945430590351,431,4501,2626,35359,4932,37985
0,65583179,623656047,245378476,1832619589,10241,10.241,0.05,1.0,50,0.05,0.04958950410495895,0.051437829080599434,0.05204485343941944,0.0006070243588200061,1.0118011271017842,254,4684,2381,43368,4938,45749
0,65583179,623656047,245378476,1832619589,10241,10.241,0.05,2.0,50,0.09523809523809523,0.0962290377096229,0.09572752922208787,0.13409251779989173,0.03836498857780386,1.4007727859432901,475,4487,6441,41593,4962,48034
0,65583179,623656047,245378476,1832619589,10241,10.241,0.05,5.0,50,0.20833333333333334,0.2078879211207888,0.20402470611675633,0.17768322810870163,-0.026341478008054697,0.8708907440210678,1024,3995,6473,29957,5019,36430
0,65583179,623656047,245378476,1832619589,10241,10.241,0.05,10.0,50,0.3448275862068966,0.34619653803461964,0.3487139210681327,0.27874746195257344,-0.06996645911555927,0.7993585719169238,1776,3317,14964,38719,5093,53683
0,65583179,623656047,245378476,1832619589,10241,10.241,0.1,1.0,100,0.1,0.0998290017099829,0.10287565816119887,0.0936851078712103,-0.009190550289988567,0.9106635091890481,508,4430,4286,41463,4938,45749
0,65583179,623656047,245378476,1832619589,10241,10.241,0.1,2.0,100,0.18181818181818182,0.18393816061839383,0.1892374900714853,0.2623779437105112,0.07314045363902591,1.3865008651900677,953,4083,9136,25684,5036,34820
0,65583179,623656047,245378476,1832619589,10241,10.241,0.1,5.0,100,0.35714285714285715,0.3567264327356726,0.3516819571865443,0.37156566320494283,0.019883706018398506,1.0565388858088376,1725,3180,16959,28683,4905,45642
0,65583179,623656047,245378476,1832619589,10241,10.241,0.1,10.0,100,0.5263157894736842,0.5249747502524975,0.5274525635849818,0.46412806615633906,-0.06332449742864277,0.8799427630074641,2613,2341,16613,19181,4954,35794
0,65583179,623656047,245378476,1832619589,10241,10.241,0.15,1.0,150,0.15,0.14958850411495886,0.15168084244633454,0.13801394566001443,-0.013666896786320104,0.9098970142445278,749,4189,6314,39435,4938,45749
0,65583179,623656047,245378476,1832619589,10241,10.241,0.15,2.0,150,0.2608695652173913,0.25989740102598974,0.2583063209076175,0.2786917182562016,0.020385397348584078,1.0789194676961655,1275,3661,12875,33323,4936,46198
0,65583179,623656047,245378476,1832619589,10241,10.241,0.15,5.0,150,0.46875,0.46594534054659453,0.46506506506506506,0.4794924208234888,0.014427355758423743,1.031022230741854,2323,2672,18062,19607,4995,37669
0,65583179,623656047,245378476,1832619589,10241,10.241,0.15,10.0,150,0.6382978723404256,0.6402835971640284,0.6538915094339622,0.6848117682591007,0.03092025882513849,1.04728652747289,3327,1761,38546,17741,5088,56287
0,65583179,623656047,245378476,1832619589,10241,10.241,0.2,1.0,200,0.2,0.1985580144198558,0.20372620494127178,0.21058383789809612,0.006857632956824344,1.0336610253884677,1006,3932,9634,36115,4938,45749
0,65583179,623656047,245378476,1832619589,10241,10.241,0.2,2.0,200,0.3333333333333333,0.33134668653313465,0.325760568945081,0.3760583697447369,0.0502978007996559,1.1544011325942136,1649,3413,17988,29845,5062,47833
0,65583179,623656047,245378476,1832619589,10241,10.241,0.2,5.0,200,0.5555555555555556,0.5554344456555435,0.5499898600689516,0.5285838710954511,-0.021405988973500434,0.9610793024969282,2712,2219,26703,23815,4931,50518
0,65583179,623656047,245378476,1832619589,10241,10.241,0.2,10.0,200,0.7142857142857143,0.7155728442715573,0.7077506991610067,0.6770273727295983,-0.030723326431408404,0.9565901856856814,3543,1463,31758,15150,5006,46908
0,65583179,623656047,245378476,1832619589,10241,10.241,0.25,1.0,250,0.25,0.24745752542474575,0.24706358849736734,0.2445955102843778,-0.002468078212989555,0.9900103522821784,1220,3718,11190,34559,4938,45749
0,65583179,623656047,245378476,1832619589,10241,10.241,0.25,2.0,250,0.4,0.3985960140398596,0.4058988764044944,0.38543342269883824,-0.020465453705656167,0.9495799202822589,2023,2961,12939,20631,4984,33570
0,65583179,623656047,245378476,1832619589,10241,10.241,0.25,5.0,250,0.625,0.6209337906620934,0.6209773539928486,0.5621695191014049,-0.0588078348914437,0.9052979395894025,3126,1908,35935,27987,5034,63922
0,65583179,623656047,245378476,1832619589,10241,10.241,0.25,10.0,250,0.7692307692307693,0.7673423265767342,0.765266788395212,0.7611144706488387,-0.0041523177463732575,0.9945740259353463,3772,1157,33983,10666,4929,44649
1,1194509389,1579171980,1902511893,1430609973,10478,10.478,0.0,1.0,0,0.0,0.0,0.0,0.0,0.0,nan,0,5030,0,52863,5030,52863
1,1194509389,1579171980,1902511893,1430609973,10478,10.478,0.01,1.0,10,0.01,0.01020989790102099,0.008946322067594433,0.01407411611145792,0.005127794043863487,1.5731734231251853,45,4985,744,52119,5030,52863
1,1194509389,1579171980,1902511893,1430609973,10478,10.478,0.01,2.0,10,0.019801980198019802,0.020779792202077978,0.018050541516245487,0.05237333721014756,0.03432279569390207,2.901482881442175,90,4896,2882,52146,4986,55028
1,1194509389,1579171980,1902511893,1430609973,10478,10.478,0.01,5.0,10,0.04807692307692308,0.04817951820481795,0.04375497215592681,0.0370696131786781,-0.006685358977248708,0.8472091593745159,220,4808,2023,52550,5028,54573
1,1194509389,1579171980,1902511893,1430609973,10478,10.478,0.01,10.0,10,0.09174311926605505,0.09047909520904791,0.09045922406967538,0.055992483296213806,-0.034466740773461575,0.6189803623905298,457,4595,3218,54254,5052,57472
1,1194509389,1579171980,1902511893,1430609973,10478,10.478,0.05,1.0,50,0.05,0.05001949980500195,0.05228628230616302,0.04061441840228515,-0.011671863903877873,0.776770055374503,263,4767,2147,50716,5030,52863
1,1194509389,1579171980,1902511893,1430609973,10478,10.478,0.05,2.0,50,0.09523809523809523,0.0960290397096029,0.09913112164296999,0.109507655304866,0.010376533661896017,1.1046748335933096,502,4562,6101,49612,5064,55713
1,1194509389,1579171980,1902511893,1430609973,10478,10.478,0.05,5.0,50,0.20833333333333334,0.2082079179208208,0.21640453912004778,0.21936668196420375,0.0029621428441559683,1.0136879885061596,1087,3936,10994,39123,5023,50117
1,1194509389,1579171980,1902511893,1430609973,10478,10.478,0.05,10.0,50,0.3448275862068966,0.34378656213437864,0.3455404607206143,0.28792736292794796,-0.057613097792666323,0.8332667101487451,1755,3324,12304,30429,5079,42733
1,1194509389,1579171980,1902511893,1430609973,10478,10.478,0.1,1.0,100,0.1,0.1000689993100069,0.10318091451292247,0.13794147135047197,0.0347605568375495,1.336889404417869,519,4511,7292,45571,5030,52863
1,1194509389,1579171980,1902511893,1430609973,10478,10.478,0.1,2.0,100,0.18181818181818182,0.18025819741802582,0.18822820409803134,0.20599100903547424,0.017762804937442894,1.0943684556868631,937,4041,9256,35678,4978,44934
1,1194509389,1579171980,1902511893,1430609973,10478,10.478,0.1,5.0,100,0.35714285714285715,0.35625643743562563,0.3629032258064516,0.4215202369200395,0.05861701111358786,1.1615224306241088,1755,3081,17507,24026,4836,41533
1,1194509389,1579171980,1902511893,1430609973,10478,10.478,0.1,10.0,100,0.5263157894736842,0.5257847421525784,0.5398472684550617,0.5435540069686411,0.0037067385135793884,1.006866272611117,2757,2350,29484,24759,5107,54243
1,1194509389,1579171980,1902511893,1430609973,10478,10.478,0.15,1.0,150,0.15,0.15004849951500485,0.1485089463220676,0.19908064241529994,0.05057169609323234,1.3405296269731708,747,4283,10524,42339,5030,52863
1,1194509389,1579171980,1902511893,1430609973,10478,10.478,0.15,2.0,150,0.2608695652173913,0.2603773962260377,0.25115438666934353,0.26858363749666164,0.01742925082731811,1.0693965614475391,1251,3730,12068,32864,4981,44932
1,1194509389,1579171980,1902511893,1430609973,10478,10.478,0.15,5.0,150,0.46875,0.46837531624683754,0.47210130589631977,0.46248584924073854,-0.009615456655581223,0.9796326412668451,2386,2668,23695,27539,5054,51234
1,1194509389,1579171980,1902511893,1430609973,10478,10.478,0.15,10.0,150,0.6382978723404256,0.6371036289637103,0.6328328328328329,0.6013982649968731,-0.03143456783595977,0.9503272172285292,3161,1834,37505,24858,4995,62363
1,1194509389,1579171980,1902511893,1430609973,10478,10.478,0.2,1.0,200,0.2,0.1997080029199708,0.1952286282306163,0.22772071202920757,0.03249208379859128,1.1664309383980795,982,4048,12038,40825,5030,52863
1,1194509389,1579171980,1902511893,1430609973,10478,10.478,0.2,2.0,200,0.3333333333333333,0.33210667893321066,0.337489943684634,0.3682282793867121,0.030738335702078123,1.0910792640707583,1678,3294,12969,22251,4972,35220
1,1194509389,1579171980,1902511893,1430609973,10478,10.478,0.2,5.0,200,0.5555555555555556,0.5547244527554724,0.5486672051696284,0.5694405510392054,0.02077334586957702,1.0378614680699836,2717,2235,28439,21503,4952,49942
1,1194509389,1579171980,1902511893,1430609973,10478,10.478,0.2,10.0,200,0.7142857142857143,0.7148028519714803,0.7188886745128305,0.6794574335177583,-0.039431240995072114,0.9451497256904298,3726,1457,34263,16164,5183,50427
1,1194509389,1579171980,1902511893,1430609973,10478,10.478,0.25,1.0,250,0.25,0.25056749432505676,0.24294234592445327,0.25849838261165653,0.015556036687203262,1.0640318040397974,1222,3808,13665,39198,5030,52863
1,1194509389,1579171980,1902511893,1430609973,10478,10.478,0.25,2.0,250,0.4,0.4013259867401326,0.39976621858562245,0.4152472949448749,0.015481076359252444,1.038725324050703,2052,3081,24331,34263,5133,58594
1,1194509389,1579171980,1902511893,1430609973,10478,10.478,0.25,5.0,250,0.625,0.6258637413625864,0.6136274123670736,0.6043691778047793,-0.009258234562294354,0.9849122865509208,3116,1962,23875,15629,5078,39504
1,1194509389,1579171980,1902511893,1430609973,10478,10.478,0.25,10.0,250,0.7692307692307693,0.7686923130768692,0.7673818037346047,0.7540104447202641,-0.013371359014340611,0.9825753504327749,3863,1171,32197,10504,5034,42701
2,1482489492,1896230959,1048920119,250429967,10287,10.287,0.0,1.0,0,0.0,0.0,0.0,0.0,0.0,nan,0,5008,0,54541,5008,54541
2,1482489492,1896230959,1048920119,250429967,10287,10.287,0.01,1.0,10,0.01,0.010629893701062989,0.011381789137380192,0.034909517610604866,0.023527728473224672,3.0671379683141957,57,4951,1904,52637,5008,54541
2,1482489492,1896230959,1048920119,250429967,10287,10.287,0.01,2.0,10,0.019801980198019802,0.02050979490205098,0.021131012276111895,0.02083061251142745,-0.00030039976468444404,0.9857839387550762,105,4864,957,44985,4969,45942
2,1482489492,1896230959,1048920119,250429967,10287,10.287,0.01,5.0,10,0.04807692307692308,0.04833951660483395,0.049340791050739116,0.0710633531903842,0.021722562139645088,1.440255652109568,247,4759,4378,57229,5006,61607
2,1482489492,1896230959,1048920119,250429967,10287,10.287,0.01,10.0,10,0.09174311926605505,0.0912890871091289,0.08477917981072555,0.0669033386410504,-0.017875841169675152,0.789148217645134,430,4642,2563,35746,5072,38309
2,1482489492,1896230959,1048920119,250429967,10287,10.287,0.05,1.0,50,0.05,0.049769502304976954,0.051118210862619806,0.06371353660548945,0.012595325742869645,1.2463960598448875,256,4752,3475,51066,5008,54541
2,1482489492,1896230959,1048920119,250429967,10287,10.287,0.05,2.0,50,0.09523809523809523,0.09460905390946091,0.09937638302152485,0.10473905613250953,0.005362673110984678,1.0539632551309814,494,4477,3187,27241,4971,30428
2,1482489492,1896230959,1048920119,250429967,10287,10.287,0.05,5.0,50,0.20833333333333334,0.2080779192208078,0.20636529495236164,0.16686209811567723,-0.03950319683668441,0.808576355603768,1018,3915,6119,30552,4933,36671
2,1482489492,1896230959,1048920119,250429967,10287,10.287,0.05,10.0,50,0.3448275862068966,0.3424865751342487,0.3377228525121556,0.3448530529791255,0.007130200466969883,1.0211125791871405,1667,3269,15876,30161,4936,46037
2,1482489492,1896230959,1048920119,250429967,10287,10.287,0.1,1.0,100,0.1,0.0995890041099589,0.09864217252396167,0.1073871032801012,0.008744930756139538,1.0886530632120381,494,4514,5857,48684,5008,54541
2,1482489492,1896230959,1048920119,250429967,10287,10.287,0.1,2.0,100,0.18181818181818182,0.18061819381806182,0.1784771573604061,0.19556327732694875,0.017086119966542662,1.095732810961573,879,4046,9230,37967,4925,47197
2,1482489492,1896230959,1048920119,250429967,10287,10.287,0.1,5.0,100,0.35714285714285715,0.35574644253557464,0.3597682780663204,0.37210273543537276,0.012334457369052365,1.0342844495221966,1801,3205,17820,30070,5006,47890
2,1482489492,1896230959,1048920119,250429967,10287,10.287,0.1,10.0,100,0.5263157894736842,0.5247647523524764,0.5183048149621966,0.4933806804235055,-0.02492413453869108,0.9519122072201683,2605,2421,30150,30959,5026,61109
2,1482489492,1896230959,1048920119,250429967,10287,10.287,0.15,1.0,150,0.15,0.14975850241497585,0.14616613418530353,0.16362002896903247,0.01745389478372894,1.1194113457334898,732,4276,8924,45617,5008,54541
2,1482489492,1896230959,1048920119,250429967,10287,10.287,0.15,2.0,150,0.2608695652173913,0.25766742332576675,0.2625049231981095,0.31863078247474064,0.05612585927663116,1.2138087872518628,1333,3745,14065,30077,5078,44142
2,1482489492,1896230959,1048920119,250429967,10287,10.287,0.15,5.0,150,0.46875,0.46834531654683453,0.4816690297751671,0.44651162790697674,-0.035157401868190385,0.9270092123535509,2378,2559,23040,28560,4937,51600
2,1482489492,1896230959,1048920119,250429967,10287,10.287,0.15,10.0,150,0.6382978723404256,0.6395736042639574,0.6408,0.6170283350245882,-0.023771664975411833,0.9629031445452375,3204,1796,31619,19625,5000,51244
2,1482489492,1896230959,1048920119,250429967,10287,10.287,0.2,1.0,200,0.2,0.1997880021199788,0.19309105431309903,0.21592930089290627,0.022838246579807236,1.1182770825973884,967,4041,11777,42764,5008,54541
2,1482489492,1896230959,1048920119,250429967,10287,10.287,0.2,2.0,200,0.3333333333333333,0.33276667233327667,0.33493109646494906,0.3924994236237416,0.05756832715879251,1.1718811055957508,1677,3330,15322,23715,5007,39037
2,1482489492,1896230959,1048920119,250429967,10287,10.287,0.2,5.0,200,0.5555555555555556,0.5566044339556604,0.5554667199680192,0.5119477525931617,-0.0435189673748575,0.9216533307749507,2779,2224,19989,19056,5003,39045
2,1482489492,1896230959,1048920119,250429967,10287,10.287,0.2,10.0,200,0.7142857142857143,0.7135428645713543,0.7045500918179963,0.7231183356634602,0.01856824384546385,1.0263547532831214,3453,1448,34654,13269,4901,47923
2,1482489492,1896230959,1048920119,250429967,10287,10.287,0.25,1.0,250,0.25,0.24969750302496976,0.24141373801916932,0.2800828734346638,0.03866913541549449,1.1601778578666637,1209,3799,15276,39265,5008,54541
2,1482489492,1896230959,1048920119,250429967,10287,10.287,0.25,2.0,250,0.4,0.4002359976400236,0.40261306532663316,0.4137803505386718,0.011167285212038636,1.0277370164402857,2003,2972,25733,36457,4975,62190
2,1482489492,1896230959,1048920119,250429967,10287,10.287,0.25,5.0,250,0.625,0.6221437785622144,0.6131695529601289,0.5963954232677229,-0.016774129692405992,0.9726435704261123,3045,1921,29815,20177,4966,49992
2,1482489492,1896230959,1048920119,250429967,10287,10.287,0.25,10.0,250,0.7692307692307693,0.7684223157768423,0.773046796545491,0.8224284506164597,0.04938165407096873,1.0638792558117312,3849,1130,36955,7979,4979,44934
3,1132718658,885118435,1141311234,155065781,10184,10.184,0.0,1.0,0,0.0,0.0,0.0,0.0,0.0,nan,0,5054,0,63653,5054,63653
3,1132718658,885118435,1141311234,155065781,10184,10.184,0.01,1.0,10,0.01,0.009869901300986991,0.009695290858725761,0.02758707366502757,0.017891782806301812,2.8454095980214156,49,5005,1756,61897,5054,63653
3,1132718658,885118435,1141311234,155065781,10184,10.184,0.01,2.0,10,0.019801980198019802,0.01960980390196098,0.023192360163710776,0.03947539844530334,0.01628303828159256,1.7020862976710205,119,5012,1818,44236,5131,46054
3,1132718658,885118435,1141311234,155065781,10184,10.184,0.01,5.0,10,0.04807692307692308,0.04794952050479495,0.04975222993062438,0.048548157931600326,-0.001204071999024052,0.9757986325295763,251,4794,2426,47545,5045,49971
3,1132718658,885118435,1141311234,155065781,10184,10.184,0.01,10.0,10,0.09174311926605505,0.09165908340916591,0.09387915764613265,0.07514057338813385,-0.018738584257998805,0.8003967576207717,477,4604,2980,36679,5081,39659
3,1132718658,885118435,1141311234,155065781,10184,10.184,0.05,1.0,50,0.05,0.05038949610503895,0.045706371191135735,0.06414465932477652,0.018438288133640783,1.4034073949238983,231,4823,4083,59570,5054,63653
3,1132718658,885118435,1141311234,155065781,10184,10.184,0.05,2.0,50,0.09523809523809523,0.0957590424095759,0.1045102324657262,0.12436731742588576,0.01985708496015956,1.1900013471568118,526,4507,6536,46018,5033,52554
3,1132718658,885118435,1141311234,155065781,10184,10.184,0.05,5.0,50,0.20833333333333334,0.2086879131208688,0.22517088862082832,0.2534942206316197,0.028323332010791374,1.125785940555068,1120,3854,10483,30871,4974,41354
3,1132718658,885118435,1141311234,155065781,10184,10.184,0.05,10.0,50,0.3448275862068966,0.34690653093469065,0.3421620561114381,0.40579075319214175,0.06362869708070368,1.1859607047135015,1744,3353,18528,27131,5097,45659
3,1132718658,885118435,1141311234,155065781,10184,10.184,0.1,1.0,100,0.1,0.1012389876101239,0.10071230708349822,0.11988437308532197,0.01917206600182375,1.1903646789257707,509,4545,7631,56022,5054,63653
3,1132718658,885118435,1141311234,155065781,10184,10.184,0.1,2.0,100,0.18181818181818182,0.17999820001799982,0.18284561049445006,0.23429293911690333,0.05144732862245327,1.281370323757457,906,4049,9636,31492,4955,41128
3,1132718658,885118435,1141311234,155065781,10184,10.184,0.1,5.0,100,0.35714285714285715,0.35750642493575063,0.3602780536246276,0.4209581427376912,0.06068008911306361,1.1684257159229743,1814,3221,17117,23545,5035,40662
3,1132718658,885118435,1141311234,155065781,10184,10.184,0.1,10.0,100,0.5263157894736842,0.5257647423525764,0.5282866921683108,0.538257290790813,0.009970598622502158,1.0188734616455672,2624,2343,24326,20868,4967,45194
3,1132718658,885118435,1141311234,155065781,10184,10.184,0.15,1.0,150,0.15,0.15045849541504586,0.1440443213296399,0.1526715158751355,0.008627194545495598,1.059892639056229,728,4326,9718,53935,5054,63653
3,1132718658,885118435,1141311234,155065781,10184,10.184,0.15,2.0,150,0.2608695652173913,0.2620473795262047,0.2598537180008127,0.2272459522710267,-0.03260776572978599,0.8745149156200105,1279,3643,14274,48539,4922,62813
3,1132718658,885118435,1141311234,155065781,10184,10.184,0.15,5.0,150,0.46875,0.4698553014469855,0.4762096774193548,0.4480685281278313,-0.028141149291523504,0.9409059693116187,2362,2598,21760,26804,4960,48564
3,1132718658,885118435,1141311234,155065781,10184,10.184,0.15,10.0,150,0.6382978723404256,0.6369136308636913,0.6411128903122498,0.6222808067411733,-0.018832083571076574,0.9706259476986892,3203,1793,38475,23354,4996,61829
3,1132718658,885118435,1141311234,155065781,10184,10.184,0.2,1.0,200,0.2,0.2014379856201438,0.19074000791452314,0.18932336260663285,-0.0014166453078902908,0.992572898977098,964,4090,12051,51602,5054,63653
3,1132718658,885118435,1141311234,155065781,10184,10.184,0.2,2.0,200,0.3333333333333333,0.33324666753332466,0.3385322935412917,0.2793721296276332,-0.059160163913658526,0.8252451389650287,1693,3308,12957,33422,5001,46379
3,1132718658,885118435,1141311234,155065781,10184,10.184,0.2,5.0,200,0.5555555555555556,0.5584644153558465,0.5438211219804352,0.5549981721434665,0.011177050163031277,1.0205528062652804,2724,2285,27327,21911,5009,49238
3,1132718658,885118435,1141311234,155065781,10184,10.184,0.2,10.0,200,0.7142857142857143,0.7138928610713893,0.7180580946577291,0.7006501811980388,-0.017407913459690283,0.975756956729263,3535,1388,39441,16851,4923,56292
3,1132718658,885118435,1141311234,155065781,10184,10.184,0.25,1.0,250,0.25,0.25160748392516075,0.2445587653343886,0.26696306537005327,0.022404300035664654,1.0916111103400075,1236,3818,16993,46660,5054,63653
3,1132718658,885118435,1141311234,155065781,10184,10.184,0.25,2.0,250,0.4,0.4003959960400396,0.3957176843774782,0.4527343654162271,0.057016681038748906,1.1440842380558365,1996,3048,18453,22306,5044,40759
3,1132718658,885118435,1141311234,155065781,10184,10.184,0.25,5.0,250,0.625,0.6245637543624564,0.6304654442877292,0.656923658760603,0.026458214472873776,1.0419661612108893,3129,1834,24318,12700,4963,37018
3,1132718658,885118435,1141311234,155065781,10184,10.184,0.25,10.0,250,0.7692307692307693,0.7674023259767402,0.7683830895612102,0.7915373903696284,0.023154300808418293,1.0301337980012557,3835,1156,32400,8533,4991,40933
4,371536372,1587245653,2019921348,1393904558,10238,10.238,0.0,1.0,0,0.0,0.0,0.0,0.0,0.0,nan,0,4954,0,33449,4954,33449
4,371536372,1587245653,2019921348,1393904558,10238,10.238,0.01,1.0,10,0.01,0.01017989820101799,0.010092854259184497,0.0059194594756196,-0.0041733947835648965,0.58650004484439,50,4904,198,33251,4954,33449
4,371536372,1587245653,2019921348,1393904558,10238,10.238,0.01,2.0,10,0.019801980198019802,0.018919810801891982,0.019109535066981875,0.019018227408621854,-9.130765836002155e-05,0.9952218796511807,97,4979,986,50859,5076,51845
4,371536372,1587245653,2019921348,1393904558,10238,10.238,0.01,5.0,10,0.04807692307692308,0.04780952190478095,0.048751248751248755,0.028306451612903225,-0.02044479713834553,0.5806302882072977,244,4761,1404,48196,5005,49600
4,371536372,1587245653,2019921348,1393904558,10238,10.238,0.01,10.0,10,0.09174311926605505,0.0923090769092309,0.0890894819466248,0.07333520651868503,-0.01575427542793978,0.8231634634784557,454,4642,3132,39576,5096,42708
4,371536372,1587245653,2019921348,1393904558,10238,10.238,0.05,1.0,50,0.05,0.04938950610493895,0.05006055712555511,0.03740022123232384,-0.012660335893231268,0.7470995805844044,248,4706,1251,32198,4954,33449
4,371536372,1587245653,2019921348,1393904558,10238,10.238,0.05,2.0,50,0.09523809523809523,0.0974790252097479,0.09749801429706116,0.09565825698424878,-0.0018397573128123845,0.9811303099239854,491,4545,4239,40075,5036,44314
4,371536372,1587245653,2019921348,1393904558,10238,10.238,0.05,5.0,50,0.20833333333333334,0.2077679223207768,0.20666932907348243,0.1950708009081928,-0.01159852816528964,0.9438788125103666,1035,3973,11255,46442,5008,57697
4,371536372,1587245653,2019921348,1393904558,10238,10.238,0.05,10.0,50,0.3448275862068966,0.34502654973450264,0.34383615596691613,0.4299595856981957,0.08612342973127957,1.2504781077751648,1746,3332,19469,25812,5078,45281
4,371536372,1587245653,2019921348,1393904558,10238,10.238,0.1,1.0,100,0.1,0.0991790082099179,0.1003229713362939,0.08469610451732489,-0.01562686681896902,0.8442344100177616,497,4457,2833,30616,4954,33449
4,371536372,1587245653,2019921348,1393904558,10238,10.238,0.1,2.0,100,0.18181818181818182,0.18209817901820982,0.18808714771137316,0.15514685560664304,-0.03294029210473012,0.8248668635494529,941,4062,6175,33626,5003,39801
4,371536372,1587245653,2019921348,1393904558,10238,10.238,0.1,5.0,100,0.35714285714285715,0.35748642513574863,0.3564415948707674,0.33374299101313465,-0.022698603857632726,0.9363188691099241,1779,3212,17380,34696,4991,52076
4,371536372,1587245653,2019921348,1393904558,10238,10.238,0.1,10.0,100,0.5263157894736842,0.5265347346526534,0.5245868190165273,0.5141958296500442,-0.010390989366483083,0.9801920502197069,2571,2330,19777,18685,4901,38462
4,371536372,1587245653,2019921348,1393904558,10238,10.238,0.15,1.0,150,0.15,0.14856851431485685,0.14735567218409365,0.11390475051571049,-0.03345092166838316,0.7729919644586709,730,4224,3810,29639,4954,33449
4,371536372,1587245653,2019921348,1393904558,10238,10.238,0.15,2.0,150,0.2608695652173913,0.2621473785262147,0.2656841266679944,0.2462356269392225,-0.019448499728771912,0.9267984129399072,1334,3687,10793,33039,5021,43832
4,371536372,1587245653,2019921348,1393904558,10238,10.238,0.15,5.0,150,0.46875,0.46599534004659954,0.46660098522167487,0.4183693796243597,-0.04823160559731515,0.8966320108081189,2368,2707,29403,40877,5075,70280
4,371536372,1587245653,2019921348,1393904558,10238,10.238,0.15,10.0,150,0.6382978723404256,0.6400635993640064,0.6414526484751204,0.5682955122163417,-0.07315713625877873,0.8859508391886916,3197,1787,31354,23818,4984,55172
4,371536372,1587245653,2019921348,1393904558,10238,10.238,0.2,1.0,200,0.2,0.1984680153198468,0.20165522809850625,0.1602140572214416,-0.04144117087706464,0.7944949344094312,999,3955,5359,28090,4954,33449
4,371536372,1587245653,2019921348,1393904558,10238,10.238,0.2,2.0,200,0.3333333333333333,0.33503664963350366,0.3393843725335438,0.33000435037545633,-0.009380022158087475,0.9723616556411702,1720,3348,17447,35422,5068,52869
4,371536372,1587245653,2019921348,1393904558,10238,10.238,0.2,5.0,200,0.5555555555555556,0.5590444095559044,0.5620217478856222,0.5006718039913061,-0.06134994389431614,0.890840622938311,2791,2175,25339,25271,4966,50610
4,371536372,1587245653,2019921348,1393904558,10238,10.238,0.2,10.0,200,0.7142857142857143,0.7127528724712753,0.7092626079967852,0.7033616110362324,-0.005900996960552796,0.9916800957867786,3530,1447,35486,14966,4977,50452
4,371536372,1587245653,2019921348,1393904558,10238,10.238,0.25,1.0,250,0.25,0.24916750832491674,0.25534921275736777,0.20927381984513738,-0.046075392912230395,0.8195592913144748,1265,3689,7000,26449,4954,33449
4,371536372,1587245653,2019921348,1393904558,10238,10.238,0.25,2.0,250,0.4,0.4037459625403746,0.4071185762847431,0.40428010938057307,-0.0028384669041700006,0.9930279111062111,2036,2965,17002,25053,5001,42055
4,371536372,1587245653,2019921348,1393904558,10238,10.238,0.25,5.0,250,0.625,0.6237937620623794,0.6220503668451318,0.6358043678868041,0.013754001041672237,1.0221107514354968,3137,1906,20670,11840,5043,32510
4,371536372,1587245653,2019921348,1393904558,10238,10.238,0.25,10.0,250,0.7692307692307693,0.7730522694773052,0.7729449321628092,0.7711541916412158,-0.001790740521593448,0.997683223672115,3874,1138,47217,14012,5012,61229
5,324311484,1095705029,1991909492,944388054,10271,10.271,0.0,1.0,0,0.0,0.0,0.0,0.0,0.0,nan,0,4910,0,31911,4910,31911
5,324311484,1095705029,1991909492,944388054,10271,10.271,0.01,1.0,10,0.01,0.00988990110098899,0.012830957230142567,0.00993387859985585,-0.0028970786302867178,0.7742118083379717,63,4847,317,31594,4910,31911
5,324311484,1095705029,1991909492,944388054,10271,10.271,0.01,2.0,10,0.019801980198019802,0.020259797402025978,0.020994700366897677,0.02569394283355691,0.004699242466659231,1.2238299372954387,103,4803,996,37768,4906,38764
5,324311484,1095705029,1991909492,944388054,10271,10.271,0.01,5.0,10,0.04807692307692308,0.04822951770482295,0.049764890282131664,0.040563881127762255,-0.00920100915436941,0.8151104302208604,254,4850,1597,37773,5104,39370
5,324311484,1095705029,1991909492,944388054,10271,10.271,0.01,10.0,10,0.09174311926605505,0.09208907910920891,0.09837382051796828,0.12817064858990182,0.02979682807193354,1.3028938788291857,490,4491,6958,47329,4981,54287
5,324311484,1095705029,1991909492,944388054,10271,10.271,0.05,1.0,50,0.05,0.050739492605073946,0.05173116089613035,0.03346808310613895,-0.0182630777899914,0.6469617639808749,254,4656,1068,30843,4910,31911
5,324311484,1095705029,1991909492,944388054,10271,10.271,0.05,2.0,50,0.09523809523809523,0.0949990500094999,0.09716846608270524,0.09232476902484411,-0.004843697057861127,0.9501515537588254,477,4432,2828,27803,4909,30631
5,324311484,1095705029,1991909492,944388054,10271,10.271,0.05,5.0,50,0.20833333333333334,0.2053979460205398,0.22009187138006792,0.2501289637384312,0.03003709235836327,1.1364752463142693,1102,3905,8243,24712,5007,32955
5,324311484,1095705029,1991909492,944388054,10271,10.271,0.05,10.0,50,0.3448275862068966,0.34377656223437764,0.3363546798029557,0.276349148859109,-0.0600055309438467,0.8216004279203152,1707,3368,9156,23976,5075,33132
5,324311484,1095705029,1991909492,944388054,10271,10.271,0.1,1.0,100,0.1,0.1016489835101649,0.10142566191446029,0.08395224217354517,-0.01747341974091511,0.8277219057672828,498,4412,2679,29232,4910,31911
5,324311484,1095705029,1991909492,944388054,10271,10.271,0.1,2.0,100,0.18181818181818182,0.18071819281807183,0.17885843807953844,0.19125722543352602,0.012398787353987584,1.0693217915079514,868,3985,5294,22386,4853,27680
5,324311484,1095705029,1991909492,944388054,10271,10.271,0.1,5.0,100,0.35714285714285715,0.3597864021359786,0.35772690106295996,0.3494438207980406,-0.008283080264919362,0.9768452407680083,1750,3142,17121,31874,4892,48995
5,324311484,1095705029,1991909492,944388054,10271,10.271,0.1,10.0,100,0.5263157894736842,0.5236947630523695,0.5200163398692811,0.4839957468651463,-0.03602059300413479,0.9307318054405954,2546,2350,26401,28147,4896,54548
5,324311484,1095705029,1991909492,944388054,10271,10.271,0.15,1.0,150,0.15,0.15229847701522986,0.14439918533604887,0.1156967816740309,-0.02870240366201797,0.8012287701262225,709,4201,3692,28219,4910,31911
5,324311484,1095705029,1991909492,944388054,10271,10.271,0.15,2.0,150,0.2608695652173913,0.2585474145258547,0.27183689786128323,0.2391322061519658,-0.032704691709317446,0.8796900201310918,1360,3643,11739,37351,5003,49090
5,324311484,1095705029,1991909492,944388054,10271,10.271,0.15,5.0,150,0.46875,0.4688053119468805,0.47718515514094506,0.49707316034824073,0.019888005207295667,1.0416777533689652,2353,2578,23352,23627,4931,46979
5,324311484,1095705029,1991909492,944388054,10271,10.271,0.15,10.0,150,0.6382978723404256,0.6396136038639614,0.6417940876656473,0.6800382459037768,0.038244158238129544,1.0595894524008975,3148,1757,31294,14724,4905,46018
5,324311484,1095705029,1991909492,944388054,10271,10.271,0.2,1.0,200,0.2,0.2021479785202148,0.1985743380855397,0.192222117765034,-0.006352220320505697,0.9680108699757097,975,3935,6134,25777,4910,31911
5,324311484,1095705029,1991909492,944388054,10271,10.271,0.2,2.0,200,0.3333333333333333,0.3346966530334697,0.33633203843794723,0.394549913706967,0.05821787526901978,1.1730964303591342,1645,3246,21718,33327,4891,55045
5,324311484,1095705029,1991909492,944388054,10271,10.271,0.2,5.0,200,0.5555555555555556,0.5556644433555664,0.553182751540041,0.4873054336673434,-0.06587731787269763,0.880912198203401,2694,2176,22322,23485,4870,45807
5,324311484,1095705029,1991909492,944388054,10271,10.271,0.2,10.0,200,0.7142857142857143,0.7146828531714683,0.7045055588063195,0.6676543344116128,-0.03685122439470667,0.947692074343394,3612,1515,24561,12226,5127,36787
5,324311484,1095705029,1991909492,944388054,10271,10.271,0.25,1.0,250,0.25,0.25223747762522375,0.24928716904276985,0.23458995330763688,-0.014697215735132968,0.941043031650733,1224,3686,7486,24425,4910,31911
5,324311484,1095705029,1991909492,944388054,10271,10.271,0.25,2.0,250,0.4,0.4005159948400516,0.3957176843774782,0.3648626519834609,-0.030855032394017268,0.9220276636295476,1996,3048,17825,31029,5044,48854
5,324311484,1095705029,1991909492,944388054,10271,10.271,0.25,5.0,250,0.625,0.6258737412625873,0.6262812628126281,0.5988512349224584,-0.027430027890169684,0.9562017427010646,3055,1823,26065,17460,4878,43525
5,324311484,1095705029,1991909492,944388054,10271,10.271,0.25,10.0,250,0.7692307692307693,0.7689323106768933,0.7804828565631974,0.7583354651658566,-0.022147391397340788,0.9716234748641818,3847,1082,44465,14170,4929,58635
6,2121008945,1973173988,1944269170,1858624059,10201,10.201,0.0,1.0,0,0.0,0.0,0.0,0.0,0.0,nan,0,4999,0,39182,4999,39182
6,2121008945,1973173988,1944269170,1858624059,10201,10.201,0.01,1.0,10,0.01,0.010519894801051989,0.010402080416083216,0.013245878209381858,0.0028437977932986424,1.273387407090383,52,4947,519,38663,4999,39182
6,2121008945,1973173988,1944269170,1858624059,10201,10.201,0.01,2.0,10,0.019801980198019802,0.01955980440195598,0.01908697363242818,0.018488529014844806,-0.0005984446175833734,0.9686464376643432,97,4985,685,36365,5082,37050
6,2121008945,1973173988,1944269170,1858624059,10201,10.201,0.01,5.0,10,0.04807692307692308,0.04840951590484095,0.05211406096361849,0.054735292764822224,0.002621231801203737,1.050297976260834,265,4820,2380,41102,5085,43482
6,2121008945,1973173988,1944269170,1858624059,10201,10.201,0.01,10.0,10,0.09174311926605505,0.09207907920920791,0.09312063808574277,0.09040100600810395,-0.0027196320776388117,0.9707945291876688,467,4548,3882,39060,5015,42942
6,2121008945,1973173988,1944269170,1858624059,10201,10.201,0.05,1.0,50,0.05,0.05038949610503895,0.05261052210442088,0.044688887754581186,-0.007921634349839696,0.8494287067876477,263,4736,1751,37431,4999,39182
6,2121008945,1973173988,1944269170,1858624059,10201,10.201,0.05,2.0,50,0.09523809523809523,0.0944390556094439,0.09433585959313921,0.09338353752201116,-0.0009523220711280533,0.9899049833728625,473,4541,4985,48397,5014,53382
6,2121008945,1973173988,1944269170,1858624059,10201,10.201,0.05,5.0,50,0.20833333333333334,0.2072179278207218,0.21700584323997582,0.18811362522601688,-0.028892218013958942,0.8668597233024343,1077,3886,11132,48045,4963,59177
6,2121008945,1973173988,1944269170,1858624059,10201,10.201,0.05,10.0,50,0.3448275862068966,0.34349656503434967,0.3511111111111111,0.34277295083743203,-0.008338160273679063,0.9762520751699014,1738,3212,15820,30333,4950,46153
6,2121008945,1973173988,1944269170,1858624059,10201,10.201,0.1,1.0,100,0.1,0.1006889931100689,0.10762152430486097,0.0949415547955694,-0.012679969509291567,0.8821799859164525,538,4461,3720,35462,4999,39182
6,2121008945,1973173988,1944269170,1858624059,10201,10.201,0.1,2.0,100,0.18181818181818182,0.1825081749182508,0.1878375675135027,0.17896213183730716,-0.008875435676195531,0.9527494111338642,939,4060,8294,38051,4999,46345
6,2121008945,1973173988,1944269170,1858624059,10201,10.201,0.1,5.0,100,0.35714285714285715,0.3550064499355006,0.3616258218768679,0.35480125339992685,-0.006824568476941073,0.9811280941125249,1815,3204,22306,40563,5019,62869
6,2121008945,1973173988,1944269170,1858624059,10201,10.201,0.1,10.0,100,0.5263157894736842,0.5272547274527255,0.5206645056726094,0.4973825201423255,-0.023281985530283877,0.9552840931605131,2570,2366,24323,24579,4936,48902
6,2121008945,1973173988,1944269170,1858624059,10201,10.201,0.15,1.0,150,0.15,0.14982850171498285,0.15343068613722743,0.1293961512939615,-0.024034534843265926,0.8433524906369148,767,4232,5070,34112,4999,39182
6,2121008945,1973173988,1944269170,1858624059,10201,10.201,0.15,2.0,150,0.2608695652173913,0.2609573904260957,0.2569584509883017,0.2996690222739064,0.04271057128560468,1.166215865332832,1274,3684,13400,31316,4958,44716
6,2121008945,1973173988,1944269170,1858624059,10201,10.201,0.15,5.0,150,0.46875,0.4687253127468725,0.47399794450154165,0.5578067517853279,0.08380880728378626,1.1768125964595058,2306,2559,20621,16347,4865,36968
6,2121008945,1973173988,1944269170,1858624059,10201,10.201,0.15,10.0,150,0.6382978723404256,0.6375636243637564,0.6328416912487709,0.6801391566398547,0.047297465391083815,1.0747382260763396,3218,1867,30694,14435,5085,45129
6,2121008945,1973173988,1944269170,1858624059,10201,10.201,0.2,1.0,200,0.2,0.1993880061199388,0.20584116823364673,0.19258843346434587,-0.013252734769300861,0.9356166947407824,1029,3970,7546,31636,4999,39182
6,2121008945,1973173988,1944269170,1858624059,10201,10.201,0.2,2.0,200,0.3333333333333333,0.3358366416335837,0.34206869168155646,0.3582836775229233,0.016214985841366825,1.0474027183302175,1723,3314,13168,23585,5037,36753
6,2121008945,1973173988,1944269170,1858624059,10201,10.201,0.2,5.0,200,0.5555555555555556,0.5540844591554085,0.5485817742908872,0.5841180086047941,0.035536234313906956,1.0647783721211703,2727,2244,23759,16916,4971,40675
6,2121008945,1973173988,1944269170,1858624059,10201,10.201,0.2,10.0,200,0.7142857142857143,0.7147528524714752,0.7053606621994482,0.7027947162160118,-0.002565945983436402,0.9963622213132282,3579,1495,46447,19642,5074,66089
6,2121008945,1973173988,1944269170,1858624059,10201,10.201,0.25,1.0,250,0.25,0.24947750522494774,0.2540508101620324,0.2818385993568475,0.027787789194815116,1.1093788647125045,1270,3729,11043,28139,4999,39182
6,2121008945,1973173988,1944269170,1858624059,10201,10.201,0.25,2.0,250,0.4,0.4001259987400126,0.39680031601817106,0.34687742208234496,-0.04992289393582611,0.8741863554021465,2009,3054,14769,27808,5063,42577
6,2121008945,1973173988,1944269170,1858624059,10201,10.201,0.25,5.0,250,0.625,0.6229137708622914,0.6326328310864393,0.6051766968507092,-0.027456134235730123,0.9566002064916883,3191,1853,30208,19708,5044,49916
6,2121008945,1973173988,1944269170,1858624059,10201,10.201,0.25,10.0,250,0.7692307692307693,0.7699423005769942,0.7696922779175537,0.7706647232557248,0.0009724453381710907,1.0012634209359643,3977,1190,40184,11958,5167,52142
7,1916677604,1189820944,166401295,716351159,10195,10.195,0.0,1.0,0,0.0,0.0,0.0,0.0,0.0,nan,0,5065,0,42907,5065,42907
7,1916677604,1189820944,166401295,716351159,10195,10.195,0.01,1.0,10,0.01,0.010279897201027989,0.011451135241855873,0.008297014473162887,-0.003154120768692986,0.7245582466650005,58,5007,356,42551,5065,42907
7,1916677604,1189820944,166401295,716351159,10195,10.195,0.01,2.0,10,0.019801980198019802,0.01965980340196598,0.018444266238973536,0.014126650746612193,-0.004317615492361343,0.7659101513489307,92,4896,491,34266,4988,34757
7,1916677604,1189820944,166401295,716351159,10195,10.195,0.01,5.0,10,0.04807692307692308,0.047899521004789954,0.04757064443992681,0.05939296892059102,0.011822324480664205,1.2485214278649026,234,4685,2448,38769,4919,41217
7,1916677604,1189820944,166401295,716351159,10195,10.195,0.01,10.0,10,0.09174311926605505,0.09102908970910291,0.08741537236160891,0.09040302324002625,0.0029876508784173333,1.0341776371558355,439,4583,3995,40196,5022,44191
7,1916677604,1189820944,166401295,716351159,10195,10.195,0.05,1.0,50,0.05,0.05081949180508195,0.054491609081934844,0.038618407252895795,-0.01587320182903905,0.7087037417968015,276,4789,1657,41250,5065,42907
7,1916677604,1189820944,166401295,716351159,10195,10.195,0.05,2.0,50,0.09523809523809523,0.09375906240937591,0.09580838323353294,0.11406300447396338,0.018254621240430438,1.1905326091969928,480,4530,4946,38416,5010,43362
7,1916677604,1189820944,166401295,716351159,10195,10.195,0.05,5.0,50,0.20833333333333334,0.20829791702082978,0.21285377358490565,0.19416475235621203,-0.01868902122869362,0.9121978393244754,1083,4005,9044,37535,5088,46579
7,1916677604,1189820944,166401295,716351159,10195,10.195,0.05,10.0,50,0.3448275862068966,0.34643653563464366,0.343682452348202,0.3372855534212095,-0.006396898926992467,0.9813871820243198,1749,3340,15276,30015,5089,45291
7,1916677604,1189820944,166401295,716351159,10195,10.195,0.1,1.0,100,0.1,0.10192898071019289,0.10069101678183613,0.08914629314564057,-0.011544723636195561,0.8853450485934695,510,4555,3825,39082,5065,42907
7,1916677604,1189820944,166401295,716351159,10195,10.195,0.1,2.0,100,0.18181818181818182,0.1799082009179908,0.18303747534516765,0.1860133605388937,0.0029758851937260467,1.016258338288999,928,4142,6655,29122,5070,35777
7,1916677604,1189820944,166401295,716351159,10195,10.195,0.1,5.0,100,0.35714285714285715,0.35777642223577766,0.3646288209606987,0.3914993987605217,0.026870577799822992,1.0736929618701732,1837,3201,16930,26314,5038,43244
7,1916677604,1189820944,166401295,716351159,10195,10.195,0.1,10.0,100,0.5263157894736842,0.5296347036529635,0.538873462911543,0.5834238787113076,0.0445504157997646,1.0826732412449074,2717,2325,23089,16486,5042,39575
7,1916677604,1189820944,166401295,716351159,10195,10.195,0.15,1.0,150,0.15,0.15273847261527385,0.1508390918065153,0.11953760458666418,-0.031301487219851126,0.7924842503029503,764,4301,5129,37778,5065,42907
7,1916677604,1189820944,166401295,716351159,10195,10.195,0.15,2.0,150,0.2608695652173913,0.26123738762612375,0.2633165829145729,0.31582652773866515,0.05250994482409227,1.1994175385495107,1310,3665,13458,29154,4975,42612
7,1916677604,1189820944,166401295,716351159,10195,10.195,0.15,5.0,150,0.46875,0.46772532274677253,0.48380765456329733,0.5763708925054422,0.09256323794214483,1.1913223924199707,2465,2630,22241,16347,5095,38588
7,1916677604,1189820944,166401295,716351159,10195,10.195,0.15,10.0,150,0.6382978723404256,0.6391436085639144,0.6386587771203156,0.6546114079673313,0.015952630847015703,1.0249783318080203,3238,1832,30137,15901,5070,46038
7,1916677604,1189820944,166401295,716351159,10195,10.195,0.2,1.0,200,0.2,0.2036879631203688,0.20217176702862782,0.17537930873750204,-0.02679245829112578,0.8674767565971171,1024,4041,7525,35382,5065,42907
7,1916677604,1189820944,166401295,716351159,10195,10.195,0.2,2.0,200,0.3333333333333333,0.33364666353336464,0.33004926108374383,0.3635596692939957,0.03351040821025186,1.101531535323599,1675,3400,15083,26404,5075,41487
7,1916677604,1189820944,166401295,716351159,10195,10.195,0.2,5.0,200,0.5555555555555556,0.5554544454555455,0.5516765285996055,0.5595082461786002,0.007831717578994701,1.0141962131303193,2797,2273,22255,17521,5070,39776
7,1916677604,1189820944,166401295,716351159,10195,10.195,0.2,10.0,200,0.7142857142857143,0.7158528414715852,0.7253603428126217,0.7430525865754596,0.017692243762837845,1.0243909719329778,3724,1410,34760,12020,5134,46780
7,1916677604,1189820944,166401295,716351159,10195,10.195,0.25,1.0,250,0.25,0.25397746022539774,0.25784797630799605,0.23886545318945626,-0.01898252311853979,0.92638094977381,1306,3759,10249,32658,5065,42907
7,1916677604,1189820944,166401295,716351159,10195,10.195,0.25,2.0,250,0.4,0.3997160028399716,0.4124116260801257,0.36780477128474504,-0.04460685479538068,0.891838997800915,2100,2992,16805,28885,5092,45690
7,1916677604,1189820944,166401295,716351159,10195,10.195,0.25,5.0,250,0.625,0.6244037559624404,0.6281897926634769,0.6525742787942735,0.02438448613079669,1.0388170683694307,3151,1865,27213,14488,5016,41701
7,1916677604,1189820944,166401295,716351159,10195,10.195,0.25,10.0,250,0.7692307692307693,0.7692423075769242,0.7731736056559309,0.8061595772329551,0.03298597157702421,1.0426630854128034,3937,1155,37222,8950,5092,46172
8,1685978544,1771017367,506871175,1174460861,10329,10.329,0.0,1.0,0,0.0,0.0,0.0,0.0,0.0,nan,0,5007,0,48379,5007,48379
8,1685978544,1771017367,506871175,1174460861,10329,10.329,0.01,1.0,10,0.01,0.01049989500104999,0.011184341921310166,0.01417970607081585,0.0029953641495056842,1.2678176481531243,56,4951,686,47693,5007,48379
8,1685978544,1771017367,506871175,1174460861,10329,10.329,0.01,2.0,10,0.019801980198019802,0.01967980320196798,0.02004499897729597,0.030791509469913495,0.010746510492617524,1.536119283657215,98,4791,1616,50866,4889,52482
8,1685978544,1771017367,506871175,1174460861,10329,10.329,0.01,5.0,10,0.04807692307692308,0.04841951580484195,0.047731290512669416,0.04801006065986092,0.0002787701471915066,1.0058404066639999,243,4848,1947,38607,5091,40554
8,1685978544,1771017367,506871175,1174460861,10329,10.329,0.01,10.0,10,0.09174311926605505,0.09192908070919291,0.0947513269117358,0.0996906922795165,0.00493936536778071,1.0521297751574699,482,4605,4899,44243,5087,49142
8,1685978544,1771017367,506871175,1174460861,10329,10.329,0.05,1.0,50,0.05,0.05051949480505195,0.054723387257839026,0.04669381343144753,-0.008029573826391495,0.8532697950775832,274,4733,2259,46120,5007,48379
8,1685978544,1771017367,506871175,1174460861,10329,10.329,0.05,2.0,50,0.09523809523809523,0.0945490545094549,0.1035919825362175,0.10273057093755968,-0.0008614115986578241,0.991684572709508,522,4517,2690,23495,5039,26185
8,1685978544,1771017367,506871175,1174460861,10329,10.329,0.05,5.0,50,0.20833333333333334,0.20916790832091678,0.20657655840225944,0.23289500719128828,0.026318448789028837,1.1274028814914219,1024,3933,9068,29868,4957,38936
8,1685978544,1771017367,506871175,1174460861,10329,10.329,0.05,10.0,50,0.3448275862068966,0.34506654933450664,0.35724388765407156,0.3478702027336211,-0.009373684920450431,0.9737611048239202,1768,3181,17485,32778,4949,50263
8,1685978544,1771017367,506871175,1174460861,10329,10.329,0.1,1.0,100,0.1,0.1002789972100279,0.09906131416017576,0.0866905062113727,-0.012370807948803061,0.8751196866942401,496,4511,4194,44185,5007,48379
8,1685978544,1771017367,506871175,1174460861,10329,10.329,0.1,2.0,100,0.18181818181818182,0.1819381806181938,0.17606490872210953,0.166914687595556,-0.009150221126553532,0.9480292740162339,868,4062,8188,40867,4930,49055
8,1685978544,1771017367,506871175,1174460861,10329,10.329,0.1,5.0,100,0.35714285714285715,0.36058639413605864,0.36372929871191984,0.4515431144862908,0.08781381577437097,1.2414262917102015,1779,3112,20454,24844,4891,45298
8,1685978544,1771017367,506871175,1174460861,10329,10.329,0.1,10.0,100,0.5263157894736842,0.5243347566524335,0.5248484848484849,0.5060064765486263,-0.018842008299858604,0.9641000996596227,2598,2352,24220,23645,4950,47865
8,1685978544,1771017367,506871175,1174460861,10329,10.329,0.15,1.0,150,0.15,0.15094849051509485,0.1451967245855802,0.13747700448541722,-0.0077197201001629745,0.9468326842620137,727,4280,6651,41728,5007,48379
8,1685978544,1771017367,506871175,1174460861,10329,10.329,0.15,2.0,150,0.2608695652173913,0.2597274027259727,0.25693197686016356,0.2357738343898142,-0.02115814247034936,0.9176508010839586,1288,3725,12981,42076,5013,55057
8,1685978544,1771017367,506871175,1174460861,10329,10.329,0.15,5.0,150,0.46875,0.46912530874691255,0.4717614533965245,0.43663393344244406,-0.03512751995408042,0.9255396563216981,2389,2675,16007,20653,5064,36660
8,1685978544,1771017367,506871175,1174460861,10329,10.329,0.15,10.0,150,0.6382978723404256,0.6364636353636464,0.6231826329416451,0.6255796559461481,0.0023970230045029517,1.0038464213824254,3129,1892,29274,17521,5021,46795
8,1685978544,1771017367,506871175,1174460861,10329,10.329,0.2,1.0,200,0.2,0.2000979990200098,0.19952067106051527,0.18508030343744186,-0.014440367623073408,0.9276247040152867,999,4008,8954,39425,5007,48379
8,1685978544,1771017367,506871175,1174460861,10329,10.329,0.2,2.0,200,0.3333333333333333,0.33278667213327867,0.33901437371663246,0.3730725190839695,0.034058145367337034,1.1004622458745799,1651,3219,19549,32851,4870,52400
8,1685978544,1771017367,506871175,1174460861,10329,10.329,0.2,5.0,200,0.5555555555555556,0.5582044179558204,0.5610384462940944,0.5548752218189957,-0.00616322447509865,0.989014612963141,2831,2215,34708,27843,5046,62551
8,1685978544,1771017367,506871175,1174460861,10329,10.329,0.2,10.0,200,0.7142857142857143,0.7133528664713353,0.7104889429904646,0.7302263834544438,0.019737440463979183,1.0277800811099238,3502,1427,31353,11583,4929,42936
8,1685978544,1771017367,506871175,1174460861,10329,10.329,0.25,1.0,250,0.25,0.25102748972510275,0.24206111443978431,0.24006283718142168,-0.0019982772583626296,0.9917447407321603,1212,3795,11614,36765,5007,48379
8,1685978544,1771017367,506871175,1174460861,10329,10.329,0.25,2.0,250,0.4,0.4006059939400606,0.3969175340272218,0.4557986769672017,0.058881142939979925,1.1483460363732425,1983,3013,19706,23528,4996,43234
8,1685978544,1771017367,506871175,1174460861,10329,10.329,0.25,5.0,250,0.625,0.6226437735622644,0.6288121990369181,0.5923554051876914,-0.03645679384922673,0.9420227630681091,3134,1850,29414,20242,4984,49656
8,1685978544,1771017367,506871175,1174460861,10329,10.329,0.25,10.0,250,0.7692307692307693,0.7677623223767762,0.7688033339948402,0.7899145689995635,0.021111235004723228,1.0274598640136294,3874,1165,38002,10107,5039,48109
9,740747344,1958366663,1806432353,1029771407,10254,10.254,0.0,1.0,0,0.0,0.0,0.0,0.0,0.0,nan,0,4981,0,65669,4981,65669
9,740747344,1958366663,1806432353,1029771407,10254,10.254,0.01,1.0,10,0.01,0.00959990400095999,0.010841196546878137,0.0055277223651951455,-0.005313474181682992,0.5098812055747596,54,4927,363,65306,4981,65669
9,740747344,1958366663,1806432353,1029771407,10254,10.254,0.01,2.0,10,0.019801980198019802,0.02010979890201098,0.02112676056338028,0.059149038550515426,0.038022277987135145,2.7997211580577304,105,4865,3196,50837,4970,54033
9,740747344,1958366663,1806432353,1029771407,10254,10.254,0.01,5.0,10,0.04807692307692308,0.04903950960490395,0.04408493427704752,0.02546728971962617,-0.018617644557421355,0.5776869158878505,218,4727,1526,58394,4945,59920
9,740747344,1958366663,1806432353,1029771407,10254,10.254,0.01,10.0,10,0.09174311926605505,0.09283907160928391,0.09313432835820895,0.12666351583293947,0.03352918747473052,1.360008903975472,468,4557,5092,35109,5025,40201
9,740747344,1958366663,1806432353,1029771407,10254,10.254,0.05,1.0,50,0.05,0.05023949760502395,0.053402931138325636,0.11111787906013491,0.05771494792180928,2.0807449458591427,266,4715,7297,58372,4981,65669
9,740747344,1958366663,1806432353,1029771407,10254,10.254,0.05,2.0,50,0.09523809523809523,0.09611903880961191,0.10033911829243966,0.12362196061172846,0.023282842319288802,1.2320415279256356,503,4510,5618,39827,5013,45445
9,740747344,1958366663,1806432353,1029771407,10254,10.254,0.05,5.0,50,0.20833333333333334,0.2084779152208478,0.20618137454249694,0.19555328555695656,-0.01062808898554038,0.9484527202851207,1014,3904,12252,50401,4918,62653
9,740747344,1958366663,1806432353,1029771407,10254,10.254,0.05,10.0,50,0.3448275862068966,0.34770652293477067,0.35166163141993956,0.3186401490013059,-0.033021482418633674,0.9060987054934042,1746,3219,14884,31827,4965,46711
9,740747344,1958366663,1806432353,1029771407,10254,10.254,0.1,1.0,100,0.1,0.0993290067099329,0.10319213009435856,0.15401483196028568,0.05082270186592712,1.4925055992104728,514,4467,10114,55555,4981,65669
9,740747344,1958366663,1806432353,1029771407,10254,10.254,0.1,2.0,100,0.18181818181818182,0.18095819041809583,0.1781767955801105,0.19838551859099804,0.020208723010887553,1.1134194996890123,903,4165,10543,42601,5068,53144
9,740747344,1958366663,1806432353,1029771407,10254,10.254,0.1,5.0,100,0.35714285714285715,0.35822641773582264,0.35209320695102686,0.4335546167773084,0.08146140982628153,1.2313631965004428,1783,3281,17960,23465,5064,41425
9,740747344,1958366663,1806432353,1029771407,10254,10.254,0.1,10.0,100,0.5263157894736842,0.5274147258527415,0.5261133603238867,0.5364967491668032,0.010383388842916563,1.01973602958215,2599,2341,19639,16967,4940,36606
9,740747344,1958366663,1806432353,1029771407,10254,10.254,0.15,1.0,150,0.15,0.14941850581494184,0.1588034531218631,0.20096240235118548,0.042158949229322396,1.2654787940723828,791,4190,13197,52472,4981,65669
9,740747344,1958366663,1806432353,1029771407,10254,10.254,0.15,2.0,150,0.2608695652173913,0.2620073799262007,0.2676572359047425,0.24958750412495875,-0.018069731779783743,0.9324892834721844,1315,3598,11345,34110,4913,45455
9,740747344,1958366663,1806432353,1029771407,10254,10.254,0.15,5.0,150,0.46875,0.4692753072469275,0.4774090363854458,0.46882276843467013,-0.008586267950775661,0.982014860850176,2388,2614,25368,28742,5002,54110
9,740747344,1958366663,1806432353,1029771407,10254,10.254,0.15,10.0,150,0.6382978723404256,0.6399436005639944,0.6297739672642245,0.6677727174148774,0.037998750150652905,1.0603371243109996,3232,1900,30791,15319,5132,46110
9,740747344,1958366663,1806432353,1029771407,10254,10.254,0.2,1.0,200,0.2,0.1982780172198278,0.21160409556313994,0.2349662702340526,0.023362174670912644,1.1104051157835064,1054,3927,15430,50239,4981,65669
9,740747344,1958366663,1806432353,1029771407,10254,10.254,0.2,2.0,200,0.3333333333333333,0.33255667443325565,0.328531412565026,0.3593851526965562,0.030853740131530194,1.0939141249557782,1642,3356,17699,31549,4998,49248
9,740747344,1958366663,1806432353,1029771407,10254,10.254,0.2,5.0,200,0.5555555555555556,0.5556744432555675,0.5626874625074985,0.5133833575988352,-0.049304104908663215,0.9123774596132819,2814,2187,32088,30415,5001,62503
9,740747344,1958366663,1806432353,1029771407,10254,10.254,0.2,10.0,200,0.7142857142857143,0.7151828481715183,0.7183698296836983,0.7337853418457779,0.015415512162079592,1.0214590194703292,3543,1389,42641,15470,4932,58111
9,740747344,1958366663,1806432353,1029771407,10254,10.254,0.25,1.0,250,0.25,0.24910750892491076,0.2609917687211403,0.3191460201921759,0.05815425147103559,1.2228202512132524,1300,3681,20958,44711,4981,65669
9,740747344,1958366663,1806432353,1029771407,10254,10.254,0.25,2.0,250,0.4,0.4006259937400626,0.40062905445252606,0.4018649158343228,0.0012358613817967656,1.0030848021831207,2038,3049,23014,34254,5087,57268
9,740747344,1958366663,1806432353,1029771407,10254,10.254,0.25,5.0,250,0.625,0.6259737402625973,0.6316955296012887,0.684291683247115,0.05259615364582626,1.0832618740851685,3137,1829,27514,12694,4966,40208
9,740747344,1958366663,1806432353,1029771407,10254,10.254,0.25,10.0,250,0.7692307692307693,0.7693623063769363,0.7674892922700387,0.7748916842832325,0.007402392013193815,1.009644945001512,3763,1140,37022,10755,4903,47777
10,506514354,96537337,2093210988,956364330,10165,10.165,0.0,1.0,0,0.0,0.0,0.0,0.0,0.0,nan,0,4927,0,43338,4927,43338
10,506514354,96537337,2093210988,956364330,10165,10.165,0.01,1.0,10,0.01,0.00994990050099499,0.01177186929165821,0.018528773824357376,0.006756904532699165,1.5739873902173929,58,4869,803,42535,4927,43338
10,506514354,96537337,2093210988,956364330,10165,10.165,0.01,2.0,10,0.019801980198019802,0.01987980120198798,0.020577760189948554,0.02637019341204576,0.005792433222097205,1.2814899760046083,104,4950,1148,42386,5054,43534
10,506514354,96537337,2093210988,956364330,10165,10.165,0.01,5.0,10,0.04807692307692308,0.04749952500474995,0.04364923318914668,0.037058470030492556,-0.006590763158654124,0.8490062097976807,222,4864,1665,43264,5086,44929
10,506514354,96537337,2093210988,956364330,10165,10.165,0.01,10.0,10,0.09174311926605505,0.0927590724092759,0.08409506398537477,0.10528164257733351,0.021186578591958743,1.2519360541261182,414,4509,3897,33118,4923,37015
10,506514354,96537337,2093210988,956364330,10165,10.165,0.05,1.0,50,0.05,0.04951950480495195,0.049117109803125635,0.045733536388388944,-0.0033835734147366903,0.93111212308096,242,4685,1982,41356,4927,43338
10,506514354,96537337,2093210988,956364330,10165,10.165,0.05,2.0,50,0.09523809523809523,0.09474905250947491,0.09636619152780566,0.1212364915807992,0.024870300052993538,1.2580811761749184,480,4501,4824,34966,4981,39790
10,506514354,96537337,2093210988,956364330,10165,10.165,0.05,5.0,50,0.20833333333333334,0.2086579134208658,0.20989385139194872,0.2544357700496806,0.04454191865773188,1.2122116410859307,1048,3945,11472,33616,4993,45088
10,506514354,96537337,2093210988,956364330,10165,10.165,0.05,10.0,50,0.3448275862068966,0.34282657173428266,0.34593535749265425,0.31048835863419844,-0.035446998858455814,0.8975328826883257,1766,3339,13949,30977,5105,44926
10,506514354,96537337,2093210988,956364330,10165,10.165,0.1,1.0,100,0.1,0.0987590124098759,0.10371422772478181,0.08994415985970741,-0.013770067865074398,0.8672306763772573,511,4416,3898,39440,4927,43338
10,506514354,96537337,2093210988,956364330,10165,10.165,0.1,2.0,100,0.18181818181818182,0.1795782042179578,0.18245125348189414,0.19512360771529474,0.012672354233400601,1.0694561094624553,917,4109,5746,23702,5026,29448
10,506514354,96537337,2093210988,956364330,10165,10.165,0.1,5.0,100,0.35714285714285715,0.35704642953570465,0.34958860124423036,0.3308334432531233,-0.018755157991107052,0.9463507736683775,1742,3241,17557,35512,4983,53069
10,506514354,96537337,2093210988,956364330,10165,10.165,0.1,10.0,100,0.5263157894736842,0.5255647443525565,0.5373312152501986,0.48063845729715976,-0.0566927579530388,0.8944919700474858,2706,2330,33997,36736,5036,70733
10,506514354,96537337,2093210988,956364330,10165,10.165,0.15,1.0,150,0.15,0.14827851721482785,0.15100466815506394,0.13911578753057363,-0.011888880624490311,0.9212681252192692,744,4183,6029,37309,4927,43338
10,506514354,96537337,2093210988,956364330,10165,10.165,0.15,2.0,150,0.2608695652173913,0.25929740702592974,0.25383848454636093,0.25022417869079644,-0.0036143058555644925,0.9857613952351485,1273,3742,12278,36790,5015,49068
10,506514354,96537337,2093210988,956364330,10165,10.165,0.15,5.0,150,0.46875,0.4698953010469895,0.4627638391079251,0.546356564534053,0.08359272542612789,1.1806379806755656,2324,2698,27532,22860,5022,50392
10,506514354,96537337,2093210988,956364330,10165,10.165,0.15,10.0,150,0.6382978723404256,0.6384436155638443,0.6184342926142081,0.6000534747443239,-0.018380817869884214,0.9702784627414727,3073,1896,26931,17950,4969,44881
10,506514354,96537337,2093210988,956364330,10165,10.165,0.2,1.0,200,0.2,0.1988880111198888,0.19971585143089102,0.1827956989247312,-0.01692015250615983,0.9152788705306407,984,3943,7922,35416,4927,43338
10,506514354,96537337,2093210988,956364330,10165,10.165,0.2,2.0,200,0.3333333333333333,0.3324066759332407,0.3359234907352062,0.3849771978977075,0.04905370716250129,1.1460264271937093,1686,3333,18825,30074,5019,48899
10,506514354,96537337,2093210988,956364330,10165,10.165,0.2,5.0,200,0.5555555555555556,0.5557444425555744,0.5478912100906582,0.512950909884438,-0.03494030020622019,0.9362276678969924,2780,2294,27032,25667,5074,52699
10,506514354,96537337,2093210988,956364330,10165,10.165,0.2,10.0,200,0.7142857142857143,0.7126228737712623,0.705723124516628,0.6581385361065096,-0.04758458841011837,0.9325732900665391,3650,1522,32181,16716,5172,48897
10,506514354,96537337,2093210988,956364330,10165,10.165,0.25,1.0,250,0.25,0.24911750882491174,0.24578851227927745,0.2643407633024136,0.018552251023136124,1.0754805456573011,1211,3716,11456,31882,4927,43338
10,506514354,96537337,2093210988,956364330,10165,10.165,0.25,2.0,250,0.4,0.3986660133398666,0.4127269100339118,0.34655074922250495,-0.06617616081140687,0.8396611434762771,2069,2944,14709,27735,5013,42444
10,506514354,96537337,2093210988,956364330,10165,10.165,0.25,5.0,250,0.625,0.6256437435625644,0.6302521008403361,0.6100896716340881,-0.020162429206248,0.9680089456594199,3150,1848,28371,18132,4998,46503
10,506514354,96537337,2093210988,956364330,10165,10.165,0.25,10.0,250,0.7692307692307693,0.7708522914770852,0.7711530893349076,0.7590240355829271,-0.012129053751980479,0.9842715358082254,3919,1163,35495,11269,5082,46764
11,1252895936,1781374035,453508379,547598160,10308,10.308,0.0,1.0,0,0.0,0.0,0.0,0.0,0.0,nan,0,5077,0,36172,5077,36172
11,1252895936,1781374035,453508379,547598160,10308,10.308,0.01,1.0,10,0.01,0.00969990300096999,0.00846956864289935,0.0034557116001326994,-0.005013857042766651,0.4080150649738073,43,5034,125,36047,5077,36172
11,1252895936,1781374035,453508379,547598160,10308,10.308,0.01,2.0,10,0.019801980198019802,0.01986980130198698,0.02197802197802198,0.027782298374909913,0.005804276396887933,1.264094576058401,108,4806,1195,41818,4914,43013
11,1252895936,1781374035,453508379,547598160,10308,10.308,0.01,5.0,10,0.04807692307692308,0.04803951960480395,0.04778901447551061,0.030159696529761627,-0.01762931794574898,0.6311010356829373,241,4802,1932,62127,5043,64059
11,1252895936,1781374035,453508379,547598160,10308,10.308,0.01,10.0,10,0.09174311926605505,0.0909690903090969,0.08712046040881127,0.0700526985280756,-0.01706776188073568,0.804090086293788,439,4600,3855,51175,5039,55030
11,1252895936,1781374035,453508379,547598160,10308,10.308,0.05,1.0,50,0.05,0.05031949680503195,0.04687807760488477,0.06300453389361937,0.016126456288734603,1.3440084814197715,238,4839,2279,33893,5077,36172
11,1252895936,1781374035,453508379,547598160,10308,10.308,0.05,2.0,50,0.09523809523809523,0.0949790502094979,0.09181437960565625,0.10515858767205266,0.013344208066396412,1.1453389776602525,461,4560,4393,37382,5021,41775
11,1252895936,1781374035,453508379,547598160,10308,10.308,0.05,5.0,50,0.20833333333333334,0.2088479115208848,0.21251499400239904,0.22960088014180063,0.017085886139401596,1.0803984971489058,1063,3939,7513,25209,5002,32722
11,1252895936,1781374035,453508379,547598160,10308,10.308,0.05,10.0,50,0.3448275862068966,0.34495655043449563,0.33883475840127264,0.3452869260483453,0.006452167647072682,1.0190422248222586,1704,3325,17341,32881,5029,50222
11,1252895936,1781374035,453508379,547598160,10308,10.308,0.1,1.0,100,0.1,0.1003289967100329,0.09631672247390191,0.10198496074311622,0.00566823826921431,1.058849991191822,489,4588,3689,32483,5077,36172
11,1252895936,1781374035,453508379,547598160,10308,10.308,0.1,2.0,100,0.18181818181818182,0.18098819011809883,0.1861463015937883,0.18172515102498926,-0.004421150568799048,0.9762490550124011,911,3983,11010,49576,4894,60586
11,1252895936,1781374035,453508379,547598160,10308,10.308,0.1,5.0,100,0.35714285714285715,0.3574464255357446,0.3749245320990139,0.42947137156436355,0.05454683946534966,1.1454875176077952,1863,3106,19157,25449,4969,44606
11,1252895936,1781374035,453508379,547598160,10308,10.308,0.1,10.0,100,0.5263157894736842,0.5250547494525055,0.5186372745490982,0.5856138269931374,0.0669765524440391,1.129139488676876,2588,2402,20736,14673,4990,35409
11,1252895936,1781374035,453508379,547598160,10308,10.308,0.15,1.0,150,0.15,0.14966850331496684,0.14713413433129802,0.1694404511777065,0.02230631684640849,1.151605315434024,747,4330,6129,30043,5077,36172
11,1252895936,1781374035,453508379,547598160,10308,10.308,0.15,2.0,150,0.2608695652173913,0.2603573964260357,0.2600520104020804,0.2115123012942594,-0.048539709107821016,0.8133461493615406,1300,3699,10884,40574,4999,51458
11,1252895936,1781374035,453508379,547598160,10308,10.308,0.15,5.0,150,0.46875,0.4693453065469345,0.4693795326349718,0.4800673924313116,0.010687859796339794,1.022770187136923,2330,2634,18521,20059,4964,38580
11,1252895936,1781374035,453508379,547598160,10308,10.308,0.15,10.0,150,0.6382978723404256,0.6384636153638463,0.6454951298701299,0.6607466473359913,0.015251517465861397,1.0236276259263644,3181,1747,34637,17784,4928,52421
11,1252895936,1781374035,453508379,547598160,10308,10.308,0.2,1.0,200,0.2,0.1999280007199928,0.19539097892456175,0.23023332964724097,0.034842350722679216,1.1783211840917767,992,4085,8328,27844,5077,36172
11,1252895936,1781374035,453508379,547598160,10308,10.308,0.2,2.0,200,0.3333333333333333,0.33192668073319265,0.33617950754567116,0.3046188392891711,-0.03156066825650006,0.9061195951921238,1693,3343,15736,35922,5036,51658
11,1252895936,1781374035,453508379,547598160,10308,10.308,0.2,5.0,200,0.5555555555555556,0.5572944270557294,0.5543214862681745,0.6003287456146807,0.04600725934650629,1.0829974310688157,2745,2207,24470,16291,4952,40761
11,1252895936,1781374035,453508379,547598160,10308,10.308,0.2,10.0,200,0.7142857142857143,0.7112628873711263,0.70874174834967,0.742576440611525,0.03383469226185498,1.0477390986782424,3543,1456,30309,10507,4999,40816
11,1252895936,1781374035,453508379,547598160,10308,10.308,0.25,1.0,250,0.25,0.25025749742502573,0.24542052393145558,0.29987282981311514,0.05445230588165956,1.2218734807072116,1246,3831,10847,25325,5077,36172
11,1252895936,1781374035,453508379,547598160,10308,10.308,0.25,2.0,250,0.4,0.4027059729402706,0.39847664862697935,0.3970195247610564,-0.001457123865922949,0.9963432641010616,1988,3001,16491,25046,4989,41537
11,1252895936,1781374035,453508379,547598160,10308,10.308,0.25,5.0,250,0.625,0.6226837731622684,0.6275049115913556,0.5889216861913108,-0.038583225400044774,0.9385132694783256,3194,1896,25538,17826,5090,43364
11,1252895936,1781374035,453508379,547598160,10308,10.308,0.25,10.0,250,0.7692307692307693,0.7701622983770162,0.7776651803810296,0.7545628718362408,-0.023102308544788785,0.970292731206675,3837,1097,37415,12170,4934,49585
12,1902963570,593402330,104636275,58341444,10231,10.231,0.0,1.0,0,0.0,0.0,0.0,0.0,0.0,nan,0,4962,0,44531,4962,44531
12,1902963570,593402330,104636275,58341444,10231,10.231,0.01,1.0,10,0.01,0.00998990010099899,0.008061265618702136,0.0033235274303294333,-0.004737738188372703,0.4122835777323662,40,4922,148,44383,4962,44531
12,1902963570,593402330,104636275,58341444,10231,10.231,0.01,2.0,10,0.019801980198019802,0.01999980000199998,0.01810310901219992,0.017916421424367276,-0.00018668758783264502,0.9896875399851576,92,4990,761,41714,5082,42475
12,1902963570,593402330,104636275,58341444,10231,10.231,0.01,5.0,10,0.04807692307692308,0.04816951830481695,0.047503537497473214,0.04629427329886146,-0.0012092641986117536,0.9745437021679475,235,4712,1907,39286,4947,41193
12,1902963570,593402330,104636275,58341444,10231,10.231,0.01,10.0,10,0.09174311926605505,0.0920490795092049,0.09094575519257915,0.08077473751193127,-0.010171017680647876,0.8881639098041401,451,4508,4062,46226,4959,50288
12,1902963570,593402330,104636275,58341444,10231,10.231,0.05,1.0,50,0.05,0.04858951410485895,0.045949214026602174,0.043565156857020955,-0.002384057169581219,0.9481153873883246,228,4734,1940,42591,4962,44531
12,1902963570,593402330,104636275,58341444,10231,10.231,0.05,2.0,50,0.09523809523809523,0.0958490415095849,0.09337527029683507,0.08071846348403415,-0.012656806812800916,0.864452260512172,475,4612,4085,46523,5087,50608
12,1902963570,593402330,104636275,58341444,10231,10.231,0.05,5.0,50,0.20833333333333334,0.2088179118208818,0.20991767934143474,0.21631345490389353,0.006395775562458794,1.03046801766542,1071,4031,8778,31802,5102,40580
12,1902963570,593402330,104636275,58341444,10231,10.231,0.05,10.0,50,0.3448275862068966,0.34593654063459367,0.33774699531472807,0.3803953976225288,0.042648402307800704,1.1262732249270166,1658,3251,17952,29241,4909,47193
12,1902963570,593402330,104636275,58341444,10231,10.231,0.1,1.0,100,0.1,0.0989690103098969,0.0981459089076985,0.09993038557409445,0.0017844766663959455,1.0181818751923135,487,4475,4450,40081,4962,44531
12,1902963570,593402330,104636275,58341444,10231,10.231,0.1,2.0,100,0.18181818181818182,0.1807581924180758,0.17725287812624058,0.17234330684518487,-0.004909571281055708,0.9723018811713788,893,4145,6745,32392,5038,39137
12,1902963570,593402330,104636275,58341444,10231,10.231,0.1,5.0,100,0.35714285714285715,0.3598364016359836,0.36695447409733123,0.4137049577325829,0.046750483635251694,1.127401317970718,1870,3226,18450,26147,5096,44597
12,1902963570,593402330,104636275,58341444,10231,10.231,0.1,10.0,100,0.5263157894736842,0.5262047379526205,0.5304131599081867,0.5667514004613284,0.03633824055314172,1.068509311796547,2773,2455,24079,18407,5228,42486
12,1902963570,593402330,104636275,58341444,10231,10.231,0.15,1.0,150,0.15,0.14841851581484186,0.1444981862152358,0.1318631964249624,-0.012634989790273415,0.9125595267233798,717,4245,5872,38659,4962,44531
12,1902963570,593402330,104636275,58341444,10231,10.231,0.15,2.0,150,0.2608695652173913,0.26307736922630776,0.2695412482772199,0.25142937564871665,-0.01811187262850328,0.9328048202482336,1369,3710,14292,42551,5079,56843
12,1902963570,593402330,104636275,58341444,10231,10.231,0.15,5.0,150,0.46875,0.4688653113468865,0.4666259666259666,0.5344210107441305,0.0677950441181639,1.1452877657203042,2293,2621,20145,17550,4914,37695
12,1902963570,593402330,104636275,58341444,10231,10.231,0.15,10.0,150,0.6382978723404256,0.6378536214637853,0.6321931589537223,0.615549372902314,-0.01664378605140826,0.9736729418601212,3142,1828,27877,17411,4970,45288
12,1902963570,593402330,104636275,58341444,10231,10.231,0.2,1.0,200,0.2,0.1974280257197428,0.19165659008464328,0.18295120253306685,-0.008705387551576432,0.9545781987056549,951,4011,8147,36384,4962,44531
12,1902963570,593402330,104636275,58341444,10231,10.231,0.2,2.0,200,0.3333333333333333,0.3359366406335937,0.33928217330953797,0.3321530356680197,-0.0071291376415182905,0.9789875855486986,1711,3332,15384,30932,5043,46316
12,1902963570,593402330,104636275,58341444,10231,10.231,0.2,5.0,200,0.5555555555555556,0.5573844261557385,0.5582495564754583,0.5300753555981629,-0.028174200877295386,0.949531171945438,2832,2241,23776,21078,5073,44854
12,1902963570,593402330,104636275,58341444,10231,10.231,0.2,10.0,200,0.7142857142857143,0.7149028509714903,0.7132412672623883,0.6221033868092691,-0.09113788045311921,0.8722201243305356,3512,1412,32457,19716,4924,52173
12,1902963570,593402330,104636275,58341444,10231,10.231,0.25,1.0,250,0.25,0.24711752882471175,0.24506247480854493,0.22229458130291258,-0.022767893505632353,0.9070935135074443,1216,3746,9899,34632,4962,44531
12,1902963570,593402330,104636275,58341444,10231,10.231,0.25,2.0,250,0.4,0.3983160168398316,0.3908091908091908,0.36202603975347947,-0.02878315105571133,0.9263498614346446,1956,3049,17740,31262,5005,49002
12,1902963570,593402330,104636275,58341444,10231,10.231,0.25,5.0,250,0.625,0.6235137648623513,0.6199358202968311,0.5415990479281618,-0.07833677236866932,0.8736372866288628,3091,1895,15018,12711,4986,27729
12,1902963570,593402330,104636275,58341444,10231,10.231,0.25,10.0,250,0.7692307692307693,0.7688323116768833,0.7706310679611651,0.7635546089220211,-0.007076459039144001,0.9908173192940871,3810,1134,32264,9991,4944,42255
13,1333099144,1752229242,814891589,1623148903,10189,10.189,0.0,1.0,0,0.0,0.0,0.0,0.0,0.0,nan,0,4867,0,40276,4867,40276
13,1333099144,1752229242,814891589,1623148903,10189,10.189,0.01,1.0,10,0.01,0.01006989930100699,0.011711526607766592,0.007448604628066342,-0.00426292197970025,0.6360062934175243,57,4810,300,39976,4867,40276
13,1333099144,1752229242,814891589,1623148903,10189,10.189,0.01,2.0,10,0.019801980198019802,0.02035979640203598,0.02138289368505196,0.046875,0.02549210631494804,2.1921728971962615,107,4897,1812,36844,5004,38656
13,1333099144,1752229242,814891589,1623148903,10189,10.189,0.01,5.0,10,0.04807692307692308,0.04710952890471095,0.050099800399201595,0.035312601311753414,-0.014787199087448182,0.7048451496887833,251,4759,1416,38683,5010,40099
13,1333099144,1752229242,814891589,1623148903,10189,10.189,0.01,10.0,10,0.09174311926605505,0.0921790782092179,0.09118236472945891,0.07095944678041491,-0.020222917949044003,0.7782145921632316,455,4535,4084,53470,4990,57554
13,1333099144,1752229242,814891589,1623148903,10189,10.189,0.05,1.0,50,0.05,0.04988950110498895,0.04807889870556811,0.06035852616943092,0.01227962746386281,1.2554057558402576,234,4633,2431,37845,4867,40276
13,1333099144,1752229242,814891589,1623148903,10189,10.189,0.05,2.0,50,0.09523809523809523,0.0951490485095149,0.09118664766944841,0.10557041231887858,0.01438376464943017,1.1577398118809161,448,4465,6040,51173,4913,57213
13,1333099144,1752229242,814891589,1623148903,10189,10.189,0.05,5.0,50,0.20833333333333334,0.2091079089209108,0.20582914572864322,0.1985537091135482,-0.007275436615095027,0.964653030117092,1024,3951,8292,33470,4975,41762
13,1333099144,1752229242,814891589,1623148903,10189,10.189,0.05,10.0,50,0.3448275862068966,0.34510654893451065,0.3297725024727992,0.2526900027240534,-0.07708249974874581,0.7662555271566226,1667,3388,14842,43894,5055,58736
13,1333099144,1752229242,814891589,1623148903,10189,10.189,0.1,1.0,100,0.1,0.0994490055099449,0.10006163961372509,0.10696196245903268,0.006900322845307588,1.0689607213308254,487,4380,4308,35968,4867,40276
13,1333099144,1752229242,814891589,1623148903,10189,10.189,0.1,2.0,100,0.18181818181818182,0.1813281867181328,0.17973726114649682,0.2127273452456924,0.03299008409919557,1.1835461600380492,903,4121,10667,39477,5024,50144
13,1333099144,1752229242,814891589,1623148903,10189,10.189,0.1,5.0,100,0.35714285714285715,0.3580464195358046,0.35424133811230585,0.3096053210739962,-0.04463601703830966,0.8739954594905053,1779,3243,12661,28233,5022,40894
13,1333099144,1752229242,814891589,1623148903,10189,10.189,0.1,10.0,100,0.5263157894736842,0.5262247377526225,0.5271183169272341,0.4638545559068698,-0.0632637610203643,0.8799818579837029,2731,2450,19365,22383,5181,41748
13,1333099144,1752229242,814891589,1623148903,10189,10.189,0.15,1.0,150,0.15,0.14851851481485184,0.1448530922539552,0.16185817856788162,0.017005086313926415,1.1173953972906097,705,4162,6519,33757,4867,40276
13,1333099144,1752229242,814891589,1623148903,10189,10.189,0.15,2.0,150,0.2608695652173913,0.2615273847261527,0.2548861575659883,0.21516471033699355,-0.03972144722899476,0.8441600453774696,1265,3698,9092,33164,4963,42256
13,1333099144,1752229242,814891589,1623148903,10189,10.189,0.15,5.0,150,0.46875,0.46542534574654254,0.4647211672996202,0.3822225024696807,-0.0824986648299395,0.8224770666046506,2325,2678,18185,29392,5003,47577
13,1333099144,1752229242,814891589,1623148903,10189,10.189,0.15,10.0,150,0.6382978723404256,0.6371136288637114,0.6386274509803922,0.5776122876425414,-0.06101516333785084,0.9044589091117472,3257,1843,22338,16335,5100,38673
13,1333099144,1752229242,814891589,1623148903,10189,10.189,0.2,1.0,200,0.2,0.1981380186198138,0.1978631600575303,0.20791538385142516,0.010052223793894866,1.050803918177452,963,3904,8374,31902,4867,40276
13,1333099144,1752229242,814891589,1623148903,10189,10.189,0.2,2.0,200,0.3333333333333333,0.3351966480335197,0.3397561934722768,0.3254222845972633,-0.014333908875013512,0.9578111918181026,1728,3358,12985,26917,5086,39902
13,1333099144,1752229242,814891589,1623148903,10189,10.189,0.2,5.0,200,0.5555555555555556,0.5562844371556285,0.5518754988028731,0.550156786620875,-0.00171871218199815,0.9968856885552514,2766,2246,18422,15063,5012,33485
13,1333099144,1752229242,814891589,1623148903,10189,10.189,0.2,10.0,200,0.7142857142857143,0.7170828291717083,0.7249700837654567,0.6752941858442989,-0.049675897921157786,0.9314786926611596,3635,1379,23299,11203,5014,34502
13,1333099144,1752229242,814891589,1623148903,10189,10.189,0.25,1.0,250,0.25,0.24869751302486975,0.24922950482843642,0.24724401628761544,-0.001985488540820979,0.992033493216673,1213,3654,9958,30318,4867,40276
13,1333099144,1752229242,814891589,1623148903,10189,10.189,0.25,2.0,250,0.4,0.3995960040399596,0.4001972386587771,0.39977439072378607,-0.000422847934991033,0.9989434011678637,2029,3041,15239,22880,5070,38119
13,1333099144,1752229242,814891589,1623148903,10189,10.189,0.25,5.0,250,0.625,0.6272737272627273,0.6372411019505329,0.6328051631466421,-0.004435938803890704,0.9930388375917487,3169,1804,31670,18377,4973,50047
13,1333099144,1752229242,814891589,1623148903,10189,10.189,0.25,10.0,250,0.7692307692307693,0.7673823261767382,0.7668302257114818,0.7137860881889044,-0.05304413752257742,0.9308267518102042,3907,1188,31226,12521,5095,43747
14,1502157319,2084073645,939317761,2107716982,10245,10.245,0.0,1.0,0,0.0,0.0,0.0,0.0,0.0,nan,0,5010,0,59641,5010,59641
14,1502157319,2084073645,939317761,2107716982,10245,10.245,0.01,1.0,10,0.01,0.00988990110098899,0.008383233532934131,0.004107912342180714,-0.004275321190753417,0.4900152579601281,42,4968,245,59396,5010,59641
14,1502157319,2084073645,939317761,2107716982,10245,10.245,0.01,2.0,10,0.019801980198019802,0.01969980300196998,0.020520113774888257,0.012201358953751735,-0.008318754821136523,0.5946048393105549,101,4821,668,54080,4922,54748
14,1502157319,2084073645,939317761,2107716982,10245,10.245,0.01,5.0,10,0.04807692307692308,0.04897951020489795,0.050038940809968846,0.050864657761209485,0.000825716951240639,1.0165014873991125,257,4879,2456,45829,5136,48285
14,1502157319,2084073645,939317761,2107716982,10245,10.245,0.01,10.0,10,0.09174311926605505,0.0916990830091699,0.08737466748516472,0.06636132315521628,-0.021013344329948433,0.7595030123174286,427,4460,3912,55038,4887,58950
14,1502157319,2084073645,939317761,2107716982,10245,10.245,0.05,1.0,50,0.05,0.05055949440505595,0.05229540918163673,0.040609647725557925,-0.011685761456078803,0.7765432637597145,262,4748,2422,57219,5010,59641
14,1502157319,2084073645,939317761,2107716982,10245,10.245,0.05,2.0,50,0.09523809523809523,0.09670903290967091,0.09040444091990484,0.07492478294507006,-0.015479657974834776,0.8287732569625732,456,4588,4358,53807,5044,58165
14,1502157319,2084073645,939317761,2107716982,10245,10.245,0.05,5.0,50,0.20833333333333334,0.2080879191208088,0.20691747572815533,0.19099183016048593,-0.0159256455676694,0.9230338302184189,1023,3921,9842,41689,4944,51531
14,1502157319,2084073645,939317761,2107716982,10245,10.245,0.05,10.0,50,0.3448275862068966,0.3435865641343587,0.3530113297555158,0.3854184135502264,0.03240708379471058,1.0918018235198135,1776,3255,18386,29318,5031,47704
14,1502157319,2084073645,939317761,2107716982,10245,10.245,0.1,1.0,100,0.1,0.1006489935100649,0.10219560878243512,0.09761741084153519,-0.0045781979408999335,0.9552016178048659,512,4498,5822,53819,5010,59641
14,1502157319,2084073645,939317761,2107716982,10245,10.245,0.1,2.0,100,0.18181818181818182,0.18205817941820582,0.18183656957928804,0.17712642612002596,-0.004710143459262073,0.9740968306311549,899,4045,9548,44357,4944,53905
14,1502157319,2084073645,939317761,2107716982,10245,10.245,0.1,5.0,100,0.35714285714285715,0.3555764442355576,0.36717361248271774,0.3234740692192224,-0.043699543263495344,0.8809839765771507,1859,3204,15300,31999,5063,47299
14,1502157319,2084073645,939317761,2107716982,10245,10.245,0.1,10.0,100,0.5263157894736842,0.5262947370526295,0.5183576786419266,0.5583278410695791,0.0399701624276525,1.0771092318577637,2626,2440,23720,18764,5066,42484
14,1502157319,2084073645,939317761,2107716982,10245,10.245,0.15,1.0,150,0.15,0.15023849761502384,0.15109780439121756,0.13400177730085008,-0.017096027090367477,0.8868545631139484,757,4253,7992,51649,5010,59641
14,1502157319,2084073645,939317761,2107716982,10245,10.245,0.15,2.0,150,0.2608695652173913,0.25896741032589676,0.2637494981934966,0.25554289512415135,-0.00820660306934523,0.9688848580734567,1314,3668,10765,31361,4982,42126
14,1502157319,2084073645,939317761,2107716982,10245,10.245,0.15,5.0,150,0.46875,0.4681453185468145,0.46220815195884446,0.45188323917137474,-0.01032491278746972,0.9776617683099863,2336,2718,19196,23284,5054,42480
14,1502157319,2084073645,939317761,2107716982,10245,10.245,0.15,10.0,150,0.6382978723404256,0.6395536044639554,0.6440239043824701,0.6123298033282905,-0.03169410105417969,0.9507873840730028,3233,1787,33999,21525,5020,55524
14,1502157319,2084073645,939317761,2107716982,10245,10.245,0.2,1.0,200,0.2,0.1990380096199038,0.19560878243512975,0.17600308512600393,-0.019605697309125814,0.8997708739604895,980,4030,10497,49144,5010,59641
14,1502157319,2084073645,939317761,2107716982,10245,10.245,0.2,2.0,200,0.3333333333333333,0.3328166718332817,0.33474747474747474,0.40863017665797857,0.07388270191050383,1.2207117528406723,1657,3293,18343,26546,4950,44889
14,1502157319,2084073645,939317761,2107716982,10245,10.245,0.2,5.0,200,0.5555555555555556,0.5552644473555265,0.553806807003738,0.5511461736658964,-0.0026606333378416114,0.9951957373867677,2815,2268,20749,16898,5083,37647
14,1502157319,2084073645,939317761,2107716982,10245,10.245,0.2,10.0,200,0.7142857142857143,0.7134828651713483,0.7165636834761809,0.719495017997809,0.0029313345216280817,1.004090822057026,3595,1422,41376,16131,5017,57507
14,1502157319,2084073645,939317761,2107716982,10245,10.245,0.25,1.0,250,0.25,0.24897751022489775,0.24111776447105787,0.22439261581797756,-0.016725148653080307,0.9306349381192613,1208,3802,13383,46258,5010,59641
14,1502157319,2084073645,939317761,2107716982,10245,10.245,0.25,2.0,250,0.4,0.3998360016399836,0.3997991967871486,0.3749193066347878,-0.024879890152360806,0.9377690341744064,1991,2989,15681,26144,4980,41825
14,1502157319,2084073645,939317761,2107716982,10245,10.245,0.25,5.0,250,0.625,0.6258537414625853,0.6239333201031951,0.6604273314044069,0.03649401130121177,1.058490242667559,3144,1895,29673,15257,5039,44930
14,1502157319,2084073645,939317761,2107716982,10245,10.245,0.25,10.0,250,0.7692307692307693,0.7699523004769953,0.7742713567839196,0.7574830784657809,-0.016788278318138672,0.9783173196695899,3852,1123,30216,9674,4975,39890
15,943190730,1603547288,258471579,1317470266,10059,10.059,0.0,1.0,0,0.0,0.0,0.0,0.0,0.0,nan,0,5036,0,40970,5036,40970
15,943190730,1603547288,258471579,1317470266,10059,10.059,0.01,1.0,10,0.01,0.01015989840101599,0.007744241461477363,0.012155235538198682,0.004410994076721319,1.5695837479581682,39,4997,498,40472,5036,40970
15,943190730,1603547288,258471579,1317470266,10059,10.059,0.01,2.0,10,0.019801980198019802,0.02000979990200098,0.021203554119547656,0.017115501390987532,-0.004088052728560124,0.8071996465540026,105,4847,1212,69601,4952,70813
15,943190730,1603547288,258471579,1317470266,10059,10.059,0.01,5.0,10,0.04807692307692308,0.047529524704752954,0.04734885540990021,0.07153980200956583,0.02419094659966562,1.5109087936813677,242,4869,3859,50083,5111,53942
15,943190730,1603547288,258471579,1317470266,10059,10.059,0.01,10.0,10,0.09174311926605505,0.09123908760912391,0.0920999596936719,0.06776456102548317,-0.024335398668188735,0.73577188579529,457,4505,3082,42399,4962,45481
15,943190730,1603547288,258471579,1317470266,10059,10.059,0.05,1.0,50,0.05,0.04989950100498995,0.04805401111993646,0.037100317305345375,-0.010953693814591083,0.7720545369823112,242,4794,1520,39450,5036,40970
15,943190730,1603547288,258471579,1317470266,10059,10.059,0.05,2.0,50,0.09523809523809523,0.09564904350956491,0.09731816334823243,0.07986992612031833,-0.017448237227914096,0.8207093452279892,479,4443,2800,32257,4922,35057
15,943190730,1603547288,258471579,1317470266,10059,10.059,0.05,5.0,50,0.20833333333333334,0.20653793462065378,0.21057884231536927,0.18698437463064085,-0.02359446768472842,0.8879542340279721,1055,3955,7910,34393,5010,42303
15,943190730,1603547288,258471579,1317470266,10059,10.059,0.05,10.0,50,0.3448275862068966,0.34687653123468765,0.35498700779532283,0.3327219634626059,-0.02226504433271692,0.9372792698217439,1776,3227,13787,27650,5003,41437
15,943190730,1603547288,258471579,1317470266,10059,10.059,0.1,1.0,100,0.1,0.1006389936100639,0.10146942017474186,0.10405174517939957,0.002582325004657701,1.0254492930008927,511,4525,4263,36707,5036,40970
15,943190730,1603547288,258471579,1317470266,10059,10.059,0.1,2.0,100,0.18181818181818182,0.18090819091809082,0.18051921915878447,0.18822560898383078,0.007706389825046317,1.0426901349394149,897,4072,8917,38457,4969,47374
15,943190730,1603547288,258471579,1317470266,10059,10.059,0.1,5.0,100,0.35714285714285715,0.35713642863571365,0.35701348359830953,0.35627179456168995,-0.0007416890366195861,0.9979225181381269,1774,3195,17675,31936,4969,49611
15,943190730,1603547288,258471579,1317470266,10059,10.059,0.1,10.0,100,0.5263157894736842,0.5301346986530134,0.5407640803465932,0.544844561947306,0.0040804816007128375,1.0075457704182156,2746,2332,29882,24963,5078,54845
15,943190730,1603547288,258471579,1317470266,10059,10.059,0.15,1.0,150,0.15,0.15156848431515685,0.15131056393963463,0.13644129851110567,-0.014869265428528955,0.9017301565642102,762,4274,5590,35380,5036,40970
15,943190730,1603547288,258471579,1317470266,10059,10.059,0.15,2.0,150,0.2608695652173913,0.26236737632623675,0.2622336227308603,0.2757164154381315,0.013482792707271207,1.0514151944623404,1329,3739,9987,26235,5068,36222
15,943190730,1603547288,258471579,1317470266,10059,10.059,0.15,5.0,150,0.46875,0.4699153008469915,0.4593388764956398,0.5352457411396123,0.0759068646439725,1.1652524280615577,2265,2666,21868,18988,4931,40856
15,943190730,1603547288,258471579,1317470266,10059,10.059,0.15,10.0,150,0.6382978723404256,0.6389836101638984,0.648,0.5957005247082778,-0.052299475291722186,0.9192909331917868,3240,1760,30426,20650,5000,51076
15,943190730,1603547288,258471579,1317470266,10059,10.059,0.2,1.0,200,0.2,0.2018579814201858,0.2035345512311358,0.1722723944349524,-0.03126215679618341,0.8464036862189467,1025,4011,7058,33912,5036,40970
15,943190730,1603547288,258471579,1317470266,10059,10.059,0.2,2.0,200,0.3333333333333333,0.3317766822331777,0.3392461197339246,0.29217173065627167,-0.047074389077652934,0.8612382387318858,1683,3278,10943,26511,4961,37454
15,943190730,1603547288,258471579,1317470266,10059,10.059,0.2,5.0,200,0.5555555555555556,0.5551844481555185,0.5524728588661038,0.5095406665515455,-0.04293219231455825,0.9222908571424262,2748,2226,23606,22722,4974,46328
15,943190730,1603547288,258471579,1317470266,10059,10.059,0.2,10.0,200,0.7142857142857143,0.7144628553714463,0.7267117834394905,0.7202689035635671,-0.006442879875923402,0.9911342020003727,3651,1373,36321,14106,5024,50427
15,943190730,1603547288,258471579,1317470266,10059,10.059,0.25,1.0,250,0.25,0.25160748392516075,0.2545671167593328,0.21376617036856235,-0.04080094639077045,0.8397242074696412,1282,3754,8758,32212,5036,40970
15,943190730,1603547288,258471579,1317470266,10059,10.059,0.25,2.0,250,0.4,0.4000559994400056,0.4008656224237428,0.44297777967330576,0.042112157249562965,1.105053052429244,1945,2907,20773,26121,4852,46894
15,943190730,1603547288,258471579,1317470266,10059,10.059,0.25,5.0,250,0.625,0.6250937490625094,0.6188776521911561,0.6131763871339585,-0.005701265057197591,0.9907877348018431,3121,1922,27661,17450,5043,45111
15,943190730,1603547288,258471579,1317470266,10059,10.059,0.25,10.0,250,0.7692307692307693,0.7672323276767232,0.7641696393182719,0.7911567664135775,0.026987127095305596,1.03531562326839,3856,1190,35428,9352,5046,44780
16,1619001051,88199783,468718653,1065860094,10251,10.251,0.0,1.0,0,0.0,0.0,0.0,0.0,0.0,nan,0,4910,0,40912,4910,40912
16,1619001051,88199783,468718653,1065860094,10251,10.251,0.01,1.0,10,0.01,0.01007989920100799,0.008961303462321792,0.01412788423934298,0.0051665807770211875,1.5765434457994099,44,4866,578,40334,4910,40912
16,1619001051,88199783,468718653,1065860094,10251,10.251,0.01,2.0,10,0.019801980198019802,0.02005979940200598,0.018871712507528608,0.022666472104674353,0.0037947595971457443,1.2010818888657762,94,4887,932,40186,4981,41118
16,1619001051,88199783,468718653,1065860094,10251,10.251,0.01,5.0,10,0.04807692307692308,0.048509514904850955,0.05066124109867752,0.046950114272204274,-0.003711126826473246,0.9267462315176064,249,4666,2383,48373,4915,50756
16,1619001051,88199783,468718653,1065860094,10251,10.251,0.01,10.0,10,0.09174311926605505,0.09196908030919691,0.08491710473109583,0.06136891212729035,-0.02354819260380548,0.7226919985275668,420,4526,2723,41648,4946,44371
16,1619001051,88199783,468718653,1065860094,10251,10.251,0.05,1.0,50,0.05,0.04886951130488695,0.04643584521384929,0.0372506843957763,-0.009185160818072989,0.802196756066937,228,4682,1524,39388,4910,40912
16,1619001051,88199783,468718653,1065860094,10251,10.251,0.05,2.0,50,0.09523809523809523,0.09594904050959491,0.09429523622819055,0.08482225656877898,-0.009472979659411573,0.8995391491836623,481,4620,4116,44409,5101,48525
16,1619001051,88199783,468718653,1065860094,10251,10.251,0.05,5.0,50,0.20833333333333334,0.2079579204207958,0.20545746388443017,0.20449430539453045,-0.0009631584898997236,0.9953121270374412,1024,3960,11994,46658,4984,58652
16,1619001051,88199783,468718653,1065860094,10251,10.251,0.05,10.0,50,0.3448275862068966,0.34394656053439465,0.34310207336523124,0.31995540691192864,-0.0231466664533026,0.9325370837130936,1721,3295,8897,18910,5016,27807
16,1619001051,88199783,468718653,1065860094,10251,10.251,0.1,1.0,100,0.1,0.0990590094099059,0.10814663951120163,0.09122017989831835,-0.016926459612883277,0.8434860325814371,531,4379,3732,37180,4910,40912
16,1619001051,88199783,468718653,1065860094,10251,10.251,0.1,2.0,100,0.18181818181818182,0.18382816171838282,0.1783452098178939,0.2064426049665902,0.028097395148696303,1.1575449947738221,901,4151,8280,31828,5052,40108
16,1619001051,88199783,468718653,1065860094,10251,10.251,0.1,5.0,100,0.35714285714285715,0.35606643933560667,0.3488977955911824,0.4288574582231691,0.07995966263198673,1.2291778957688764,1741,3249,16707,22250,4990,38957
16,1619001051,88199783,468718653,1065860094,10251,10.251,0.1,10.0,100,0.5263157894736842,0.5264347356526434,0.5294117647058824,0.48816398410943196,-0.0412477805964504,0.9220875255400381,2601,2312,23839,24995,4913,48834
16,1619001051,88199783,468718653,1065860094,10251,10.251,0.15,1.0,150,0.15,0.14951850481495185,0.1590631364562118,0.1348015252248729,-0.02426161123133891,0.8474718167146299,781,4129,5515,35397,4910,40912
16,1619001051,88199783,468718653,1065860094,10251,10.251,0.15,2.0,150,0.2608695652173913,0.25939740602593975,0.2522343594836147,0.2547541889617404,0.002519829478125679,1.0099900326160336,1270,3765,10141,29666,5035,39807
16,1619001051,88199783,468718653,1065860094,10251,10.251,0.15,5.0,150,0.46875,0.46890531094689053,0.4643841007477371,0.4097118221012026,-0.05467227864653451,0.882269271151827,2360,2722,18056,26014,5082,44070
16,1619001051,88199783,468718653,1065860094,10251,10.251,0.15,10.0,150,0.6382978723404256,0.6362436375636243,0.6403698603187095,0.6466805607509931,0.006310700432283656,1.009854774284884,3255,1828,36304,19835,5083,56139
16,1619001051,88199783,468718653,1065860094,10251,10.251,0.2,1.0,200,0.2,0.1989480105198948,0.20875763747454176,0.24188502150958155,0.033127384035039786,1.1586882493776052,1025,3885,9896,31016,4910,40912
16,1619001051,88199783,468718653,1065860094,10251,10.251,0.2,2.0,200,0.3333333333333333,0.33375666243337565,0.3342764753435732,0.38833124215809284,0.05405476681451965,1.1617067631186477,1654,3294,17951,28275,4948,46226
16,1619001051,88199783,468718653,1065860094,10251,10.251,0.2,5.0,200,0.5555555555555556,0.5549644503554965,0.556530408773679,0.5427394093703413,-0.013790999403337723,0.9752196839814623,2791,2224,32401,27298,5015,59699
16,1619001051,88199783,468718653,1065860094,10251,10.251,0.2,10.0,200,0.7142857142857143,0.7127728722712773,0.7077260930325414,0.656443724494564,-0.05128236853797741,0.9275392428753938,3545,1464,42145,22057,5009,64202
16,1619001051,88199783,468718653,1065860094,10251,10.251,0.25,1.0,250,0.25,0.24857751422485774,0.2576374745417515,0.2876173249902229,0.0299798504484714,1.116364478815806,1265,3645,11767,29145,4910,40912
16,1619001051,88199783,468718653,1065860094,10251,10.251,0.25,2.0,250,0.4,0.4013459865401346,0.3943034295679132,0.42899629799093214,0.03469286842301894,1.087985205862998,2035,3126,20627,27455,5161,48082
16,1619001051,88199783,468718653,1065860094,10251,10.251,0.25,5.0,250,0.625,0.6230037699623003,0.6161453077699294,0.6411264289240819,0.02498112115415252,1.0405442041660091,3053,1902,33763,18899,4955,52662
16,1619001051,88199783,468718653,1065860094,10251,10.251,0.25,10.0,250,0.7692307692307693,0.7705722942770572,0.7678750250350491,0.6709794051965545,-0.0968956198384946,0.8738132942478865,3834,1159,37858,18564,4993,56422
17,2095206080,1351970783,1716090267,1594584142,10233,10.233,0.0,1.0,0,0.0,0.0,0.0,0.0,0.0,nan,0,5093,0,51866,5093,51866
17,2095206080,1351970783,1716090267,1594584142,10233,10.233,0.01,1.0,10,0.01,0.01009989900100999,0.011388179854702533,0.010083677168086993,-0.0013045026866155395,0.8854511692597768,58,5035,523,51343,5093,51866
17,2095206080,1351970783,1716090267,1594584142,10233,10.233,0.01,2.0,10,0.019801980198019802,0.01938980610193898,0.02150753768844221,0.017631174882194102,-0.0038763628062481077,0.819767243354352,107,4868,666,37108,4975,37774
17,2095206080,1351970783,1716090267,1594584142,10233,10.233,0.01,5.0,10,0.04807692307692308,0.04792952070479295,0.05067567567567568,0.03884271099744246,-0.011832964678233221,0.7664961636828644,255,4777,1701,42091,5032,43792
17,2095206080,1351970783,1716090267,1594584142,10233,10.233,0.01,10.0,10,0.09174311926605505,0.09122908770912291,0.08940129449838188,0.09498801233017468,0.005586717831792792,1.062490346064216,442,4502,4160,39635,4944,43795
17,2095206080,1351970783,1716090267,1594584142,10233,10.233,0.05,1.0,50,0.05,0.04988950110498895,0.05026506970351463,0.037789688813480896,-0.012475380890033735,0.7518081450275711,256,4837,1960,49906,5093,51866
17,2095206080,1351970783,1716090267,1594584142,10233,10.233,0.05,2.0,50,0.09523809523809523,0.0959890401095989,0.08844221105527639,0.07120563257603252,-0.01723657847924387,0.8051091410585495,440,4535,3924,51184,4975,55108
17,2095206080,1351970783,1716090267,1594584142,10233,10.233,0.05,5.0,50,0.20833333333333334,0.2091279087209128,0.2094084954346963,0.1891279116845259,-0.020280583750170417,0.9031530038546365,1055,3983,7007,30042,5038,37049
17,2095206080,1351970783,1716090267,1594584142,10233,10.233,0.05,10.0,50,0.3448275862068966,0.34506654933450664,0.3441804751447395,0.28971652235796463,-0.05446395278677485,0.8417575756908613,1724,3285,12213,29942,5009,42155
17,2095206080,1351970783,1716090267,1594584142,10233,10.233,0.1,1.0,100,0.1,0.1000289997100029,0.10347535833496957,0.1270967493155439,0.023621390980574336,1.2282803496471824,527,4566,6592,45274,5093,51866
17,2095206080,1351970783,1716090267,1594584142,10233,10.233,0.1,2.0,100,0.18181818181818182,0.1828981710182898,0.1850800729779039,0.20367430256293945,0.018594229585035538,1.1004658647787298,913,4020,12572,49154,4933,61726
17,2095206080,1351970783,1716090267,1594584142,10233,10.233,0.1,5.0,100,0.35714285714285715,0.3568164318356816,0.3471123417721519,0.34253137705497616,-0.004580964717175728,0.9868026452364441,1755,3301,19377,37193,5056,56570
17,2095206080,1351970783,1716090267,1594584142,10233,10.233,0.1,10.0,100,0.5263157894736842,0.5255647443525565,0.5246471671098384,0.5078482237073514,-0.016798943402487,0.9679804934523357,2565,2324,23101,22387,4889,45488
17,2095206080,1351970783,1716090267,1594584142,10233,10.233,0.15,1.0,150,0.15,0.15096849031509685,0.15197329668172002,0.15212277792773687,0.00014948124601685264,1.0009836020490488,774,4319,7890,43976,5093,51866
17,2095206080,1351970783,1716090267,1594584142,10233,10.233,0.15,2.0,150,0.2608695652173913,0.26001739982600175,0.26199482381047184,0.2598768799189589,-0.00211794389151293,0.9919160849794305,1316,3707,10005,28494,5023,38499
17,2095206080,1351970783,1716090267,1594584142,10233,10.233,0.15,5.0,150,0.46875,0.46670533294667055,0.4696364362764682,0.4377121582655035,-0.0319242780109647,0.9320234216406256,2351,2655,23984,30810,5006,54794
17,2095206080,1351970783,1716090267,1594584142,10233,10.233,0.15,10.0,150,0.6382978723404256,0.6399036009639903,0.6373515797947273,0.6340540835439815,-0.003297496250745824,0.9948262523302949,3167,1802,34866,20123,4969,54989
17,2095206080,1351970783,1716090267,1594584142,10233,10.233,0.2,1.0,200,0.2,0.2013979860201398,0.20459454152758688,0.2054332317896117,0.0008386902620248216,1.0040992797547912,1042,4051,10655,41211,5093,51866
17,2095206080,1351970783,1716090267,1594584142,10233,10.233,0.2,2.0,200,0.3333333333333333,0.3352366476335237,0.32450331125827814,0.3644472184750438,0.03994390721676566,1.123092448770033,1666,3468,18101,31566,5134,49667
17,2095206080,1351970783,1716090267,1594584142,10233,10.233,0.2,5.0,200,0.5555555555555556,0.5591044089559104,0.5565269223127359,0.5413088327016264,-0.015218089611109487,0.972655249906207,2801,2232,22565,19121,5033,41686
17,2095206080,1351970783,1716090267,1594584142,10233,10.233,0.2,10.0,200,0.7142857142857143,0.7148228517714823,0.7139423076923077,0.6987576236729162,-0.015184684019391548,0.9787312169964077,3564,1428,30934,13336,4992,44270
17,2095206080,1351970783,1716090267,1594584142,10233,10.233,0.25,1.0,250,0.25,0.25062749372506277,0.24857647751816217,0.24175760613889638,-0.00681887137926579,0.9725683160074244,1266,3827,12539,39327,5093,51866
17,2095206080,1351970783,1716090267,1594584142,10233,10.233,0.25,2.0,250,0.4,0.3999960000399996,0.40447436151257177,0.41441546683800123,0.009941105325429467,1.024577837982743,2043,3008,14190,20051,5051,34241
17,2095206080,1351970783,1716090267,1594584142,10233,10.233,0.25,5.0,250,0.625,0.6225437745622544,0.6171003717472119,0.5474023841264322,-0.06969798762077972,0.8870556706627124,3154,1957,28333,23426,5111,51759
17,2095206080,1351970783,1716090267,1594584142,10233,10.233,0.25,10.0,250,0.7692307692307693,0.7681823181768183,0.7613547376664056,0.755382764047024,-0.005971973619381621,0.992156122075649,3889,1219,40802,13213,5108,54015
18,299726,648046976,1271296286,93653058,10257,10.257,0.0,1.0,0,0.0,0.0,0.0,0.0,0.0,nan,0,5030,0,36222,5030,36222
18,299726,648046976,1271296286,93653058,10257,10.257,0.01,1.0,10,0.01,0.00968990310096899,0.010337972166998012,0.006046049362266027,-0.004291922804731985,0.5848390056191946,52,4978,219,36003,5030,36222
18,299726,648046976,1271296286,93653058,10257,10.257,0.01,2.0,10,0.019801980198019802,0.02016979830201698,0.019660045054269916,0.019725880984565087,6.583593029517096e-05,1.0033487171628261,96,4787,1255,62367,4883,63622
18,299726,648046976,1271296286,93653058,10257,10.257,0.01,5.0,10,0.04807692307692308,0.04773952260477395,0.048751007252215955,0.05711977844449573,0.008368771192279773,1.1716635545391603,242,4722,2475,40855,4964,43330
18,299726,648046976,1271296286,93653058,10257,10.257,0.01,10.0,10,0.09174311926605505,0.0926490735092649,0.08715236976106541,0.08388277402513523,-0.003269595735930178,0.9624841442075067,445,4661,3117,34042,5106,37159
18,299726,648046976,1271296286,93653058,10257,10.257,0.05,1.0,50,0.05,0.04928950710492895,0.04671968190854871,0.057119982331179944,0.010400300422631237,1.2226106856418515,235,4795,2069,34153,5030,36222
18,299726,648046976,1271296286,93653058,10257,10.257,0.05,2.0,50,0.09523809523809523,0.09522904770952291,0.09041482078131292,0.11885066357428166,0.028435842792968735,1.3145042211801397,449,4517,4612,34193,4966,38805
18,299726,648046976,1271296286,93653058,10257,10.257,0.05,5.0,50,0.20833333333333334,0.2088279117208828,0.21371046945590258,0.2815243045426821,0.06781383508677954,1.3173163919363922,1088,4003,10616,27093,5091,37709
18,299726,648046976,1271296286,93653058,10257,10.257,0.05,10.0,50,0.3448275862068966,0.34808651913480865,0.3486417822943131,0.3357125607105482,-0.01292922158376486,0.9629154558048628,1784,3333,12511,24756,5117,37267
18,299726,648046976,1271296286,93653058,10257,10.257,0.1,1.0,100,0.1,0.09863901360986391,0.09542743538767395,0.09974601071172216,0.00431857532404821,1.0452550705832553,480,4550,3613,32609,5030,36222
18,299726,648046976,1271296286,93653058,10257,10.257,0.1,2.0,100,0.18181818181818182,0.18236817631823682,0.18026796589524968,0.17601470694254198,-0.0042532589527077,0.9764059081069391,888,4038,9766,45718,4926,55484
18,299726,648046976,1271296286,93653058,10257,10.257,0.1,5.0,100,0.35714285714285715,0.3603963960360396,0.3484306714342471,0.41537966537966536,0.06694899394541826,1.1921443760098265,1754,3280,15492,21804,5034,37296
18,299726,648046976,1271296286,93653058,10257,10.257,0.1,10.0,100,0.5263157894736842,0.5261047389526105,0.5084579071597167,0.5202388136908355,0.01178090653111874,1.0231698757463086,2585,2499,24137,22259,5084,46396
18,299726,648046976,1271296286,93653058,10257,10.257,0.15,1.0,150,0.15,0.14862851371486285,0.1481113320079523,0.15576169178952018,0.007650359781567889,1.0516527646997134,745,4285,5642,30580,5030,36222
18,299726,648046976,1271296286,93653058,10257,10.257,0.15,2.0,150,0.2608695652173913,0.2620573794262057,0.26381566100371023,0.3307623162351031,0.06694665523139287,1.2537630062471967,1351,3770,11407,23080,5121,34487
18,299726,648046976,1271296286,93653058,10257,10.257,0.15,5.0,150,0.46875,0.46768532314676853,0.4746760895170789,0.5098864651103457,0.03521037559326684,1.0741776895252693,2418,2676,19985,19210,5094,39195
18,299726,648046976,1271296286,93653058,10257,10.257,0.15,10.0,150,0.6382978723404256,0.6383936160638394,0.6347755433678651,0.6091545722115091,-0.025620971156355976,0.9596377468791231,3125,1798,24008,15404,4923,39412
18,299726,648046976,1271296286,93653058,10257,10.257,0.2,1.0,200,0.2,0.2000779992200078,0.1988071570576541,0.20606261388106675,0.007255456823412665,1.0364949478217658,1000,4030,7464,28758,5030,36222
18,299726,648046976,1271296286,93653058,10257,10.257,0.2,2.0,200,0.3333333333333333,0.33440665593344066,0.3445616883116883,0.35740870786516854,0.012847019553480221,1.037285107396673,1698,3230,10179,18301,4928,28480
18,299726,648046976,1271296286,93653058,10257,10.257,0.2,5.0,200,0.5555555555555556,0.5565144348556514,0.5612903225806452,0.623622086254304,0.06233176367365889,1.1110508433266337,2784,2176,25175,15194,4960,40369
18,299726,648046976,1271296286,93653058,10257,10.257,0.2,10.0,200,0.7142857142857143,0.7133228667713323,0.7130869130869131,0.7619787095177009,0.04889179643078778,1.0685635867571008,3569,1436,33857,10576,5005,44433
18,299726,648046976,1271296286,93653058,10257,10.257,0.25,1.0,250,0.25,0.25022749772502273,0.24831013916500994,0.253575175307824,0.005265036142814039,1.0212034682132543,1249,3781,9185,27037,5030,36222
18,299726,648046976,1271296286,93653058,10257,10.257,0.25,2.0,250,0.4,0.4007559924400756,0.40473372781065087,0.46502712477396024,0.060293396963309376,1.1489705275847848,2052,3018,19287,22188,5070,41475
18,299726,648046976,1271296286,93653058,10257,10.257,0.25,5.0,250,0.625,0.6251837481625184,0.6232959101844426,0.6155945244698935,-0.007701385714549147,0.987644093938832,3109,1879,27522,17186,4988,44708
18,299726,648046976,1271296286,93653058,10257,10.257,0.25,10.0,250,0.7692307692307693,0.7694023059769403,0.7684997978164173,0.7421024489359427,-0.026397348880474625,0.9656508056924947,3801,1145,34697,12058,4946,46755
19,412174899,1250674395,904324063,475938414,10177,10.177,0.0,1.0,0,0.0,0.0,0.0,0.0,0.0,nan,0,5004,0,59475,5004,59475
19,412174899,1250674395,904324063,475938414,10177,10.177,0.01,1.0,10,0.01,0.01047989520104799,0.011590727418065548,0.010828079024800336,-0.0007626483932652115,0.9342018524155324,58,4946,644,58831,5004,59475
19,412174899,1250674395,904324063,475938414,10177,10.177,0.01,2.0,10,0.019801980198019802,0.02063979360206398,0.025881393927043,0.019585253456221197,-0.006296140470821804,0.7567310134620269,127,4780,1207,60421,4907,61628
19,412174899,1250674395,904324063,475938414,10177,10.177,0.01,5.0,10,0.04807692307692308,0.04852951470485295,0.04783735299980068,0.04959087036633448,0.0017535173665337994,1.036655819282917,240,4777,2503,47970,5017,50473
19,412174899,1250674395,904324063,475938414,10177,10.177,0.01,10.0,10,0.09174311926605505,0.0924690753092469,0.09213930348258706,0.07958749672269642,-0.012551806759890635,0.8637735875411438,463,4562,2732,31595,5025,34327
19,412174899,1250674395,904324063,475938414,10177,10.177,0.05,1.0,50,0.05,0.05044949550504495,0.049160671462829736,0.0371416561580496,-0.012019015304780133,0.7555156398978871,246,4758,2209,57266,5004,59475
19,412174899,1250674395,904324063,475938414,10177,10.177,0.05,2.0,50,0.09523809523809523,0.0954690453095469,0.09895203546956872,0.08816705336426914,-0.010784982105299587,0.8910079812494979,491,4471,2850,29475,4962,32325
19,412174899,1250674395,904324063,475938414,10177,10.177,0.05,5.0,50,0.20833333333333334,0.20708792912070878,0.20190553415771337,0.1800394652733387,-0.021866068884374673,0.8917014881459636,996,3937,12956,59006,4933,71962
19,412174899,1250674395,904324063,475938414,10177,10.177,0.05,10.0,50,0.3448275862068966,0.34511654883451165,0.33951876019575855,0.30048834278512915,-0.0390304174106294,0.8850419417527168,1665,3239,15260,35524,4904,50784
19,412174899,1250674395,904324063,475938414,10177,10.177,0.1,1.0,100,0.1,0.1006989930100699,0.09832134292565947,0.10300126103404791,0.004679918108388442,1.0475981914926338,492,4512,6126,53349,5004,59475
19,412174899,1250674395,904324063,475938414,10177,10.177,0.1,2.0,100,0.18181818181818182,0.18298817011829882,0.17355371900826447,0.13004070665142675,-0.043513012356837716,0.749282166896316,861,4100,6485,43384,4961,49869
19,412174899,1250674395,904324063,475938414,10177,10.177,0.1,5.0,100,0.35714285714285715,0.35638643613563864,0.35321471896482004,0.3512691509621671,-0.001945568002652942,0.9944918263645556,1747,3199,12358,22823,4946,35181
19,412174899,1250674395,904324063,475938414,10177,10.177,0.1,10.0,100,0.5263157894736842,0.5264347356526434,0.531486648066959,0.453084710151848,-0.07840193791511102,0.8524855926291612,2667,2351,18977,22907,5018,41884
19,412174899,1250674395,904324063,475938414,10177,10.177,0.15,1.0,150,0.15,0.15082849171508286,0.14368505195843326,0.12021857923497267,-0.023466472723460585,0.8366811828815066,719,4285,7150,52325,5004,59475
19,412174899,1250674395,904324063,475938414,10177,10.177,0.15,2.0,150,0.2608695652173913,0.2603573964260357,0.25463709677419355,0.19646136734007605,-0.0581757294341175,0.7715347442650651,1263,3697,7595,31064,4960,38659
19,412174899,1250674395,904324063,475938414,10177,10.177,0.15,5.0,150,0.46875,0.46915530844691555,0.4767258382642998,0.41014934082164806,-0.06657649744265176,0.8603463624185997,2417,2653,22493,32348,5070,54841
19,412174899,1250674395,904324063,475938414,10177,10.177,0.15,10.0,150,0.6382978723404256,0.6381336186638134,0.6345803842264914,0.5405963154839958,-0.09398406874249565,0.851895723412479,3138,1807,25148,21371,4945,46519
19,412174899,1250674395,904324063,475938414,10177,10.177,0.2,1.0,200,0.2,0.2010579894201058,0.1926458832933653,0.16116015132408576,-0.031485731969279535,0.836561615379383,964,4040,9585,49890,5004,59475
19,412174899,1250674395,904324063,475938414,10177,10.177,0.2,2.0,200,0.3333333333333333,0.33272667273327267,0.3293690788147551,0.2801394216453856,-0.0492296571693695,0.8505334582513818,1634,3327,15994,41099,4961,57093
19,412174899,1250674395,904324063,475938414,10177,10.177,0.2,5.0,200,0.5555555555555556,0.5535044649553504,0.5461599681655392,0.4899669054501278,-0.05619306271541147,0.8971124469188859,2745,2281,23392,24350,5026,47742
19,412174899,1250674395,904324063,475938414,10177,10.177,0.2,10.0,200,0.7142857142857143,0.7109728902710973,0.7132908873855949,0.7185294649858255,0.0052385776002306095,1.0073442373831965,3585,1441,23825,9333,5026,33158
19,412174899,1250674395,904324063,475938414,10177,10.177,0.25,1.0,250,0.25,0.25111748882511176,0.24980015987210233,0.24168137873055906,-0.008118781141543269,0.967498895334174,1250,3754,14374,45101,5004,59475
19,412174899,1250674395,904324063,475938414,10177,10.177,0.25,2.0,250,0.4,0.4030559694403056,0.4099163436033463,0.43848859056091727,0.02857224695757099,1.069702629337509,2009,2892,27306,34967,4901,62273
19,412174899,1250674395,904324063,475938414,10177,10.177,0.25,5.0,250,0.625,0.6255137448625514,0.6197927250558829,0.5450234412890015,-0.07476928376688141,0.8793640506830087,3050,1871,20228,16886,4921,37114
19,412174899,1250674395,904324063,475938414,10177,10.177,0.25,10.0,250,0.7692307692307693,0.7681123188768112,0.7659316204733967,0.8025299261397402,0.03659830566634348,1.0477827324111821,3786,1157,28359,6978,4943,35337
20,570655263,259640012,114634243,1298803230,10325,10.325,0.0,1.0,0,0.0,0.0,0.0,0.0,0.0,nan,0,5032,0,61693,5032,61693
20,570655263,259640012,114634243,1298803230,10325,10.325,0.01,1.0,10,0.01,0.01004989950100499,0.008942766295707472,0.01126545961454298,0.0023226933188355073,1.2597287284528949,45,4987,695,60998,5032,61693
20,570655263,259640012,114634243,1298803230,10325,10.325,0.01,2.0,10,0.019801980198019802,0.01931980680193198,0.020097560975609757,0.02667707841499292,0.006579517439383162,1.3273789017168807,103,5022,1469,53597,5125,55066
20,570655263,259640012,114634243,1298803230,10325,10.325,0.01,5.0,10,0.04807692307692308,0.04851951480485195,0.0489593657086224,0.08210978392162126,0.033150418212998856,1.6771006473059886,247,4798,3059,34196,5045,37255
20,570655263,259640012,114634243,1298803230,10325,10.325,0.01,10.0,10,0.09174311926605505,0.09242907570924291,0.09659430392352121,0.09332434254888738,-0.0032699613746338257,0.9661474720370383,485,4536,4152,40338,5021,44490
20,570655263,259640012,114634243,1298803230,10325,10.325,0.05,1.0,50,0.05,0.04943950560494395,0.04848966613672496,0.03361807660512538,-0.014871589531599581,0.693303940479471,244,4788,2074,59619,5032,61693
20,570655263,259640012,114634243,1298803230,10325,10.325,0.05,2.0,50,0.09523809523809523,0.09519904800951991,0.08983356727491477,0.1553411698590362,0.06550760258412143,1.729210745729941,448,4539,6634,36072,4987,42706
20,570655263,259640012,114634243,1298803230,10325,10.325,0.05,5.0,50,0.20833333333333334,0.2084679153208468,0.20659515295987285,0.21562639180505186,0.009031238845179007,1.0437146695640684,1040,3994,10167,36984,5034,47151
20,570655263,259640012,114634243,1298803230,10325,10.325,0.05,10.0,50,0.3448275862068966,0.34548654513454863,0.34777303233679074,0.3711453520324045,0.023372319695613764,1.0672056701422998,1710,3207,18234,30895,4917,49129
20,570655263,259640012,114634243,1298803230,10325,10.325,0.1,1.0,100,0.1,0.0999790002099979,0.09399841017488077,0.08569853954257371,-0.008299870632307055,0.911702010524801,473,4559,5287,56406,5032,61693
20,570655263,259640012,114634243,1298803230,10325,10.325,0.1,2.0,100,0.18181818181818182,0.1807781922180778,0.1834697544420044,0.2024168291674053,0.018947074725400914,1.103270834928763,919,4090,6851,26995,5009,33846
20,570655263,259640012,114634243,1298803230,10325,10.325,0.1,5.0,100,0.35714285714285715,0.35778642213577866,0.3483704292527822,0.3517504682322432,0.0033800389794609864,1.0097024279205065,1753,3279,14649,26997,5032,41646
20,570655263,259640012,114634243,1298803230,10325,10.325,0.1,10.0,100,0.5263157894736842,0.5256947430525695,0.5223196492626544,0.4883911170993432,-0.03392853216331121,0.9350425889372393,2621,2397,20299,21264,5018,41563
20,570655263,259640012,114634243,1298803230,10325,10.325,0.15,1.0,150,0.15,0.15014849851501486,0.14407790143084262,0.18523981651078728,0.041161915079944655,1.2856920781824572,725,4307,11428,50265,5032,61693
20,570655263,259640012,114634243,1298803230,10325,10.325,0.15,2.0,150,0.2608695652173913,0.2613973860261397,0.27713216466417173,0.22930479422257027,-0.04782737044160146,0.8274203555564956,1407,3670,13177,44288,5077,57465
20,570655263,259640012,114634243,1298803230,10325,10.325,0.15,5.0,150,0.46875,0.4704052959470405,0.4705525197328476,0.5013847747031766,0.03083225497032893,1.0655235147562991,2325,2616,20819,20704,4941,41523
20,570655263,259640012,114634243,1298803230,10325,10.325,0.15,10.0,150,0.6382978723404256,0.6380736192638073,0.6372929871191986,0.5469062309898323,-0.09038675612936631,0.8581707974883764,3117,1774,25173,20855,4891,46028
20,570655263,259640012,114634243,1298803230,10325,10.325,0.2,1.0,200,0.2,0.1990180098199018,0.18958664546899842,0.2236558442610993,0.03406919879210088,1.1797025244463852,954,4078,13798,47895,5032,61693
20,570655263,259640012,114634243,1298803230,10325,10.325,0.2,2.0,200,0.3333333333333333,0.3293467065329347,0.32320607635418747,0.3604092843813558,0.03720320802716831,1.1151067716511585,1617,3386,17189,30504,5003,47693
20,570655263,259640012,114634243,1298803230,10325,10.325,0.2,5.0,200,0.5555555555555556,0.5555144448555515,0.5516834022445364,0.5394108280254777,-0.012272574219058696,0.9777543167528198,2802,2277,25745,21983,5079,47728
20,570655263,259640012,114634243,1298803230,10325,10.325,0.2,10.0,200,0.7142857142857143,0.7133028669713303,0.7143703118831425,0.7171801005712054,0.0028097886880629197,1.003933238323771,3619,1447,29380,11586,5066,40966
20,570655263,259640012,114634243,1298803230,10325,10.325,0.25,1.0,250,0.25,0.2507874921250787,0.23767885532591415,0.26262298802133144,0.024944132695417287,1.1049488927452673,1196,3836,16202,45491,5032,61693
20,570655263,259640012,114634243,1298803230,10325,10.325,0.25,2.0,250,0.4,0.4001259987400126,0.40039840637450197,0.40474681603532514,0.0043484096608231715,1.0108602072126032,2010,3010,19799,29118,5020,48917
20,570655263,259640012,114634243,1298803230,10325,10.325,0.25,5.0,250,0.625,0.6249837501624984,0.6251015434606011,0.6208127035104153,-0.004288839950185808,0.9931389707879419,3078,1846,27836,17002,4924,44838
20,570655263,259640012,114634243,1298803230,10325,10.325,0.25,10.0,250,0.7692307692307693,0.7671623283767163,0.765791632485644,0.7278131152506436,-0.03797851723500034,0.9504061997756128,3734,1142,38446,14378,4876,52824
21,1489728226,312760727,172210595,382781186,10162,10.162,0.0,1.0,0,0.0,0.0,0.0,0.0,0.0,nan,0,4979,0,36009,4979,36009
21,1489728226,312760727,172210595,382781186,10162,10.162,0.01,1.0,10,0.01,0.01010989890101099,0.01004217714400482,0.0034991252186953262,-0.006543051925309493,0.34844288927768063,50,4929,126,35883,4979,36009
21,1489728226,312760727,172210595,382781186,10162,10.162,0.01,2.0,10,0.019801980198019802,0.02022979770202298,0.017928286852589643,0.033602179140686514,0.01567389228809687,1.8742548809582922,90,4930,1579,45412,5020,46991
21,1489728226,312760727,172210595,382781186,10162,10.162,0.01,5.0,10,0.04807692307692308,0.04786952130478695,0.047590481903619274,0.022035723902701733,-0.02555475800091754,0.46302796318240075,238,4763,982,43582,5001,44564
21,1489728226,312760727,172210595,382781186,10162,10.162,0.01,10.0,10,0.09174311926605505,0.0908190918090819,0.08987663990601136,0.047514443248467805,-0.04236219665754355,0.5286628794551744,459,4648,2163,43360,5107,45523
21,1489728226,312760727,172210595,382781186,10162,10.162,0.05,1.0,50,0.05,0.050809491905080946,0.051817634063064874,0.031464356133188924,-0.02035327792987595,0.6072132914230529,258,4721,1133,34876,4979,36009
21,1489728226,312760727,172210595,382781186,10162,10.162,0.05,2.0,50,0.09523809523809523,0.09327906720932791,0.0864669213754273,0.11390795272655513,0.027441031351127826,1.3173587183933924,430,4543,5195,40412,4973,45607
21,1489728226,312760727,172210595,382781186,10162,10.162,0.05,5.0,50,0.20833333333333334,0.20592794072059278,0.20430107526881722,0.16242329637205297,-0.04187777889676425,0.7950192927684697,1007,3922,6035,31121,4929,37156
21,1489728226,312760727,172210595,382781186,10162,10.162,0.05,10.0,50,0.3448275862068966,0.34699653003469966,0.3479882237487733,0.28052208835341363,-0.06746613539535967,0.8061252341571588,1773,3322,16764,42996,5095,59760
21,1489728226,312760727,172210595,382781186,10162,10.162,0.1,1.0,100,0.1,0.1012289877101229,0.10243020686884917,0.06987142103363048,-0.03255878583521869,0.6821368731891101,510,4469,2516,33493,4979,36009
21,1489728226,312760727,172210595,382781186,10162,10.162,0.1,2.0,100,0.18181818181818182,0.18207817921820782,0.18317126413971027,0.1328374705021358,-0.05033379363757448,0.725209115774932,923,4116,4447,29030,5039,33477
21,1489728226,312760727,172210595,382781186,10162,10.162,0.1,5.0,100,0.35714285714285715,0.35514644853551464,0.35902516346344365,0.3116652352888915,-0.047359928174552146,0.8680874406749644,1812,3235,10524,23243,5047,33767
21,1489728226,312760727,172210595,382781186,10162,10.162,0.1,10.0,100,0.5263157894736842,0.5265747342526574,0.5151823925005095,0.45740913327120225,-0.057773259229307206,0.8878586301272902,2528,2379,24540,29110,4907,53650
21,1489728226,312760727,172210595,382781186,10162,10.162,0.15,1.0,150,0.15,0.15081849181508186,0.15203856196023297,0.10350190230220223,-0.04853665965803074,0.6807608607168625,757,4222,3727,32282,4979,36009
21,1489728226,312760727,172210595,382781186,10162,10.162,0.15,2.0,150,0.2608695652173913,0.26428735712642876,0.26546748369242934,0.21140989897173007,-0.05405758472069927,0.7963683387177829,1343,3716,7052,26305,5059,33357
21,1489728226,312760727,172210595,382781186,10162,10.162,0.15,5.0,150,0.46875,0.46773532264677353,0.4624183006535948,0.41544800840268237,-0.04697029225091243,0.8984246683478502,2264,2632,20568,28940,4896,49508
21,1489728226,312760727,172210595,382781186,10162,10.162,0.15,10.0,150,0.6382978723404256,0.6385636143638563,0.6408196062675774,0.5846555323590814,-0.05616407390849598,0.9123558746343282,3190,1788,28005,19895,4978,47900
21,1489728226,312760727,172210595,382781186,10162,10.162,0.2,1.0,200,0.2,0.2009579904200958,0.20586463145209882,0.1817878863617429,-0.024076745090355928,0.8830457426293833,1025,3954,6546,29463,4979,36009
21,1489728226,312760727,172210595,382781186,10162,10.162,0.2,2.0,200,0.3333333333333333,0.33493665063349365,0.33373086861458956,0.27696165541207596,-0.0567692132025136,0.8298952283371972,1679,3352,14027,36619,5031,50646
21,1489728226,312760727,172210595,382781186,10162,10.162,0.2,5.0,200,0.5555555555555556,0.5541244587554125,0.5539481615430982,0.5584425403225807,0.004494378779482444,1.0081133562515359,2757,2220,22159,17521,4977,39680
21,1489728226,312760727,172210595,382781186,10162,10.162,0.2,10.0,200,0.7142857142857143,0.7152028479715203,0.7234301971144076,0.6730884874941535,-0.05034170962025408,0.9304124851007668,3560,1361,30221,14678,4921,44899
21,1489728226,312760727,172210595,382781186,10162,10.162,0.25,1.0,250,0.25,0.25105748942510575,0.25366539465756177,0.23213641034185897,-0.021528984315702798,0.9151284141663625,1263,3716,8359,27650,4979,36009
21,1489728226,312760727,172210595,382781186,10162,10.162,0.25,2.0,250,0.4,0.4004159958400416,0.40515873015873016,0.4121671872675889,0.007008457108858723,1.0172980528054103,2042,2998,27710,39520,5040,67230
21,1489728226,312760727,172210595,382781186,10162,10.162,0.25,5.0,250,0.625,0.6238937610623894,0.6325193567599762,0.6083790175212297,-0.024140339238746478,0.9618346237458989,3186,1851,22639,14573,5037,37212
21,1489728226,312760727,172210595,382781186,10162,10.162,0.25,10.0,250,0.7692307692307693,0.7682723172768272,0.7737565709664376,0.7344302503832396,-0.03932632058319796,0.9491748153633401,3827,1119,35932,12993,4946,48925
22,932438464,1115376772,811878723,444850776,10402,10.402,0.0,1.0,0,0.0,0.0,0.0,0.0,0.0,nan,0,4925,0,36360,4925,36360
22,932438464,1115376772,811878723,444850776,10402,10.402,0.01,1.0,10,0.01,0.010259897401025989,0.009746192893401015,0.0035753575357535755,-0.00617083535764744,0.36684658049138247,48,4877,130,36230,4925,36360
22,932438464,1115376772,811878723,444850776,10402,10.402,0.01,2.0,10,0.019801980198019802,0.01920980790192098,0.018958291758132108,0.013349419077342705,-0.005608872680789403,0.7041467262796242,95,4916,509,37620,5011,38129
22,932438464,1115376772,811878723,444850776,10402,10.402,0.01,5.0,10,0.04807692307692308,0.04855951440485595,0.04624394184168013,0.0545417598049177,0.008297817963237565,1.1794357840783949,229,4723,2684,46526,4952,49210
22,932438464,1115376772,811878723,444850776,10402,10.402,0.01,10.0,10,0.09174311926605505,0.09108908910910891,0.08800315706393054,0.07483118195599246,-0.013171975107938078,0.8503238344236992,446,4622,3258,40280,5068,43538
22,932438464,1115376772,811878723,444850776,10402,10.402,0.05,1.0,50,0.05,0.05035949640503595,0.05157360406091371,0.03855885588558856,-0.01301474817532515,0.7476471072304081,254,4671,1402,34958,4925,36360
22,932438464,1115376772,811878723,444850776,10402,10.402,0.05,2.0,50,0.09523809523809523,0.09489905100948991,0.09558974358974359,0.09416195856873823,-0.001427785021005365,0.9850634077738173,466,4409,3550,34151,4875,37701
22,932438464,1115376772,811878723,444850776,10402,10.402,0.05,5.0,50,0.20833333333333334,0.2082179178208218,0.20641282565130262,0.17234677916291416,-0.03406604648838846,0.8349615806047976,1030,3960,10908,52383,4990,63291
22,932438464,1115376772,811878723,444850776,10402,10.402,0.05,10.0,50,0.3448275862068966,0.34735652643473564,0.33775227542540565,0.31972115749125984,-0.0180311179341458,0.946614370217239,1707,3347,15181,32301,5054,47482
22,932438464,1115376772,811878723,444850776,10402,10.402,0.1,1.0,100,0.1,0.10102898971010289,0.10375634517766498,0.10979097909790979,0.0060346339202448085,1.0581615891530445,511,4414,3992,32368,4925,36360
22,932438464,1115376772,811878723,444850776,10402,10.402,0.1,2.0,100,0.18181818181818182,0.18262817371826282,0.17272173736553684,0.1814232409381663,0.008701503572629471,1.0503787404257878,851,4076,6807,30713,4927,37520
22,932438464,1115376772,811878723,444850776,10402,10.402,0.1,5.0,100,0.35714285714285715,0.36009639903600965,0.3626922308767725,0.374219883277671,0.01152765240089848,1.0317835658432262,1816,3191,11093,18550,5007,29643
22,932438464,1115376772,811878723,444850776,10402,10.402,0.1,10.0,100,0.5263157894736842,0.5256847431525685,0.5233346629437575,0.5536094674556213,0.030274804511863818,1.0578497979506423,2624,2390,23390,18860,5014,42250
22,932438464,1115376772,811878723,444850776,10402,10.402,0.15,1.0,150,0.15,0.15061849381506184,0.1549238578680203,0.1511826182618262,-0.0037412396061941022,0.9758511073912111,763,4162,5497,30863,4925,36360
22,932438464,1115376772,811878723,444850776,10402,10.402,0.15,2.0,150,0.2608695652173913,0.26172738272617274,0.2571715145436309,0.25824421874720116,0.0010727042035702516,1.0041711626012462,1282,3703,14417,41410,4985,55827
22,932438464,1115376772,811878723,444850776,10402,10.402,0.15,5.0,150,0.46875,0.4694453055469445,0.4664615384615385,0.4485531952093714,-0.017908343252167058,0.9616081031863173,2274,2601,20524,25232,4875,45756
22,932438464,1115376772,811878723,444850776,10402,10.402,0.15,10.0,150,0.6382978723404256,0.6401335986640133,0.6383993365125441,0.6572614909231363,0.018862154410592247,1.0295460119266926,3079,1744,34033,17747,4823,51780
22,932438464,1115376772,811878723,444850776,10402,10.402,0.2,1.0,200,0.2,0.2004579954200458,0.20548223350253808,0.18622112211221123,-0.01926111139032685,0.9062638600816604,1012,3913,6771,29589,4925,36360
22,932438464,1115376772,811878723,444850776,10402,10.402,0.2,2.0,200,0.3333333333333333,0.33363666363336364,0.3319935691318328,0.34474711223549254,0.012753543103659726,1.0384150305592075,1652,3324,17579,33412,4976,50991
22,932438464,1115376772,811878723,444850776,10402,10.402,0.2,5.0,200,0.5555555555555556,0.5541044589554105,0.5455652526892633,0.5536173121802881,0.008052059491024832,1.0147591135090326,2688,2239,23485,18936,4927,42421
22,932438464,1115376772,811878723,444850776,10402,10.402,0.2,10.0,200,0.7142857142857143,0.7119328806711933,0.71125178680825,0.6970777593584949,-0.014174027449755044,0.9800717162154894,3483,1414,36163,15715,4897,51878
22,932438464,1115376772,811878723,444850776,10402,10.402,0.25,1.0,250,0.25,0.25027749722502773,0.2548223350253807,0.23583608360836084,-0.018986251417019873,0.9254922006144838,1255,3670,8575,27785,4925,36360
22,932438464,1115376772,811878723,444850776,10402,10.402,0.25,2.0,250,0.4,0.40290597094029057,0.39735894357743096,0.344579835725246,-0.05277910785218498,0.8671752361303018,1986,3012,19088,36307,4998,55395
22,932438464,1115376772,811878723,444850776,10402,10.402,0.25,5.0,250,0.625,0.6240237597624024,0.6236731423993591,0.6620146314012381,0.03834148900187895,1.0614768961420622,3114,1879,29410,15015,4993,44425
22,932438464,1115376772,811878723,444850776,10402,10.402,0.25,10.0,250,0.7692307692307693,0.7683623163768363,0.7705541108221644,0.7127233464525792,-0.05783076436958523,0.9249491196563976,3852,1147,40926,16496,4999,57422
23,340984472,244382419,1241527055,47020221,10342,10.342,0.0,1.0,0,0.0,0.0,0.0,0.0,0.0,nan,0,4964,0,38437,4964,38437
23,340984472,244382419,1241527055,47020221,10342,10.342,0.01,1.0,10,0.01,0.00951990480095199,0.007453666398066076,0.0035382574082264487,-0.003915408989839627,0.4747002641739484,37,4927,136,38301,4964,38437
23,340984472,244382419,1241527055,47020221,10342,10.342,0.01,2.0,10,0.019801980198019802,0.02031979680203198,0.01779644071185763,0.011387676847811714,-0.006408763864045914,0.6398850777068132,89,4912,689,59815,5001,60504
23,340984472,244382419,1241527055,47020221,10342,10.342,0.01,5.0,10,0.04807692307692308,0.04815951840481595,0.045732952225398124,0.04393463662824009,-0.001798315597158033,0.9606779027014284,224,4674,1917,41716,4898,43633
23,340984472,244382419,1241527055,47020221,10342,10.342,0.01,10.0,10,0.09174311926605505,0.0923290767092329,0.0875970535536532,0.0861223111605458,-0.001474742393107395,0.9831644749077763,440,4583,4336,46011,5023,50347
23,340984472,244382419,1241527055,47020221,10342,10.342,0.05,1.0,50,0.05,0.05090949090509095,0.0443190975020145,0.07391315659390692,0.029594059091892416,1.6677495878734272,220,4744,2841,35596,4964,38437
23,340984472,244382419,1241527055,47020221,10342,10.342,0.05,2.0,50,0.09523809523809523,0.0949990500094999,0.0890302066772655,0.14320761114546143,0.05417740446819594,1.6085283466159865,448,4584,7180,42957,5032,50137
23,340984472,244382419,1241527055,47020221,10342,10.342,0.05,5.0,50,0.20833333333333334,0.2092979070209298,0.19485066941297632,0.171990171990172,-0.022860497422804327,0.8826768340510412,946,3909,6860,33026,4855,39886
23,340984472,244382419,1241527055,47020221,10342,10.342,0.05,10.0,50,0.3448275862068966,0.34345656543434566,0.34441995592065716,0.30230815347721823,-0.04211180244343893,0.8777312356048844,1719,3272,10085,23275,4991,33360
23,340984472,244382419,1241527055,47020221,10342,10.342,0.1,1.0,100,0.1,0.1001389986100139,0.09649476228847703,0.16931602362307152,0.07282126133459449,1.7546654306157141,479,4485,6508,31929,4964,38437
23,340984472,244382419,1241527055,47020221,10342,10.342,0.1,2.0,100,0.18181818181818182,0.1831981680183198,0.18265107212475634,0.21029921942758023,0.02764814730282389,1.151371393450893,937,4193,9699,36421,5130,46120
23,340984472,244382419,1241527055,47020221,10342,10.342,0.1,5.0,100,0.35714285714285715,0.3579464205357946,0.3476075593084037,0.33222542128884747,-0.015382138019556235,0.9557485514694779,1729,3245,15693,31543,4974,47236
23,340984472,244382419,1241527055,47020221,10342,10.342,0.1,10.0,100,0.5263157894736842,0.5266847331526685,0.5278287461773701,0.5235098814229249,-0.004318864754445206,0.9918176780144636,2589,2316,16556,15069,4905,31625
23,340984472,244382419,1241527055,47020221,10342,10.342,0.15,1.0,150,0.15,0.15057849421505784,0.14484286865431104,0.20935556885292816,0.06451270019861713,1.4453978355854458,719,4245,8047,30390,4964,38437
23,340984472,244382419,1241527055,47020221,10342,10.342,0.15,2.0,150,0.2608695652173913,0.26107738922610774,0.25953733766233766,0.2579278763594734,-0.001609461302864268,0.9937987292411923,1279,3649,11265,32410,4928,43675
23,340984472,244382419,1241527055,47020221,10342,10.342,0.15,5.0,150,0.46875,0.46854531454685455,0.4562073121735637,0.42228778329086764,-0.03391952888269606,0.9256488706393391,2271,2707,22043,30156,4978,52199
23,340984472,244382419,1241527055,47020221,10342,10.342,0.15,10.0,150,0.6382978723404256,0.6384036159638403,0.6425992779783394,0.6780866192630899,0.03548734128475051,1.0552246827858196,3204,1782,23078,10956,4986,34034
23,340984472,244382419,1241527055,47020221,10342,10.342,0.2,1.0,200,0.2,0.1996380036199638,0.19399677679290894,0.25602934672320943,0.062032569930300485,1.319760827761175,963,4001,9841,28596,4964,38437
23,340984472,244382419,1241527055,47020221,10342,10.342,0.2,2.0,200,0.3333333333333333,0.3359866401335987,0.33879222108495394,0.31363389277706055,-0.025158328307893385,0.9257411276229249,1655,3230,18463,40405,4885,58868
23,340984472,244382419,1241527055,47020221,10342,10.342,0.2,5.0,200,0.5555555555555556,0.5557844421555784,0.5602605863192183,0.5396524231475688,-0.020608163171649485,0.9632168250366488,2752,2160,26736,22807,4912,49543
23,340984472,244382419,1241527055,47020221,10342,10.342,0.2,10.0,200,0.7142857142857143,0.7136728632713673,0.7056550040683482,0.6530682920072032,-0.05258671206114507,0.9254781560989942,3469,1447,28287,15027,4916,43314
23,340984472,244382419,1241527055,47020221,10342,10.342,0.25,1.0,250,0.25,0.25120748792512076,0.2524174053182917,0.3019226266357936,0.0495052213175019,1.1961244362490657,1253,3711,11605,26832,4964,38437
23,340984472,244382419,1241527055,47020221,10342,10.342,0.25,2.0,250,0.4,0.4010659893401066,0.38707704851202607,0.4253928315942673,0.038315783082241206,1.0989874838343736,1899,3007,17245,23294,4906,40539
23,340984472,244382419,1241527055,47020221,10342,10.342,0.25,5.0,250,0.625,0.6260937390626093,0.6231335855066693,0.5680574422666408,-0.05507614324002852,0.9116142276374878,3130,1893,29272,22258,5023,51530
23,340984472,244382419,1241527055,47020221,10342,10.342,0.25,10.0,250,0.7692307692307693,0.7717522824771752,0.7753056724794548,0.7389812414213818,-0.03632443105807304,0.9531482454631007,3868,1121,29073,10269,4989,39342
24,1504888931,2098693957,1631480379,465320965,10277,10.277,0.0,1.0,0,0.0,0.0,0.0,0.0,0.0,nan,0,5184,0,62124,5184,62124
24,1504888931,2098693957,1631480379,465320965,10277,10.277,0.01,1.0,10,0.01,0.00961990380096199,0.011381172839506173,0.014632026270040564,0.003250853430534391,1.2856343082015302,59,5125,909,61215,5184,62124
24,1504888931,2098693957,1631480379,465320965,10277,10.277,0.01,2.0,10,0.019801980198019802,0.019259807401925982,0.022143139580862,0.0147723623428275,-0.0073707772380345,0.6671304350894777,112,4946,598,39883,5058,40481
24,1504888931,2098693957,1631480379,465320965,10277,10.277,0.01,5.0,10,0.04807692307692308,0.04871951280487195,0.045666734321087886,0.04443885465140653,-0.0012278796696813532,0.9731121638554665,225,4702,2120,45586,4927,47706
24,1504888931,2098693957,1631480379,465320965,10277,10.277,0.01,10.0,10,0.09174311926605505,0.09152908470915291,0.09158415841584158,0.08371160433317552,-0.007872554082666058,0.9140402202865652,444,4404,3006,32903,4848,35909
24,1504888931,2098693957,1631480379,465320965,10277,10.277,0.05,1.0,50,0.05,0.04932950670493295,0.050540123456790126,0.04610134569570536,-0.004438777761084763,0.912173191169987,262,4922,2864,59260,5184,62124
24,1504888931,2098693957,1631480379,465320965,10277,10.277,0.05,2.0,50,0.09523809523809523,0.09314906850931491,0.08814770696843359,0.06376717920805552,-0.024380527760378065,0.7234127965562516,444,4593,3749,55043,5037,58792
24,1504888931,2098693957,1631480379,465320965,10277,10.277,0.05,5.0,50,0.20833333333333334,0.20623793762062378,0.20487707375574654,0.17481805257909144,-0.0300590211766551,0.8532826507836044,1025,3978,8239,38890,5003,47129
24,1504888931,2098693957,1631480379,465320965,10277,10.277,0.05,10.0,50,0.3448275862068966,0.34099659003409966,0.33610210696920584,0.2711702023658227,-0.06493190460338316,0.8068089926930083,1659,3277,13869,37276,4936,51145
24,1504888931,2098693957,1631480379,465320965,10277,10.277,0.1,1.0,100,0.1,0.0981390186098139,0.09857253086419752,0.09186465778121176,-0.00670787308298576,0.9319498746336631,511,4673,5707,56417,5184,62124
24,1504888931,2098693957,1631480379,465320965,10277,10.277,0.1,2.0,100,0.18181818181818182,0.18071819281807183,0.1812053115423902,0.1242463557963825,-0.05695895574600769,0.6856661912325731,887,4008,4884,34425,4895,39309
24,1504888931,2098693957,1631480379,465320965,10277,10.277,0.1,5.0,100,0.35714285714285715,0.35889641103588965,0.36133440514469456,0.2833650529320804,-0.07796935221261414,0.7842182999944561,1798,3178,9529,24099,4976,33628
24,1504888931,2098693957,1631480379,465320965,10277,10.277,0.1,10.0,100,0.5263157894736842,0.5249547504524955,0.532604293236128,0.462684514531952,-0.06991977870417604,0.8687209630261516,2630,2308,20186,23442,4938,43628
24,1504888931,2098693957,1631480379,465320965,10277,10.277,0.15,1.0,150,0.15,0.14881851181488184,0.15104166666666666,0.12251303843925053,-0.028528628227416128,0.8111208062184864,783,4401,7611,54513,5184,62124
24,1504888931,2098693957,1631480379,465320965,10277,10.277,0.15,2.0,150,0.2608695652173913,0.26058739412605875,0.2608,0.25559908229675526,-0.005200917703244712,0.9800578308924666,1304,3696,16377,47696,5000,64073
24,1504888931,2098693957,1631480379,465320965,10277,10.277,0.15,5.0,150,0.46875,0.4716852831471685,0.4779559118236473,0.5039044379155714,0.025948526091924107,1.0542906269176944,2385,2605,26070,25666,4990,51736
24,1504888931,2098693957,1631480379,465320965,10277,10.277,0.15,10.0,150,0.6382978723404256,0.6364636353636464,0.6453407510431154,0.6110405097226816,-0.034300241320433744,0.9468494105401037,3248,1785,35100,22343,5033,57443
24,1504888931,2098693957,1631480379,465320965,10277,10.277,0.2,1.0,200,0.2,0.1990180098199018,0.20158179012345678,0.16846951258772777,-0.03311227753572901,0.835737754310795,1045,4139,10466,51658,5184,62124
24,1504888931,2098693957,1631480379,465320965,10277,10.277,0.2,2.0,200,0.3333333333333333,0.3322366776332237,0.33483896307934014,0.3234150717703349,-0.01142389130900523,0.9658824313516395,1705,3387,21630,45250,5092,66880
24,1504888931,2098693957,1631480379,465320965,10277,10.277,0.2,5.0,200,0.5555555555555556,0.5523044769552304,0.5571314422692769,0.6187461993476698,0.06161475707839292,1.1105928554802564,2789,2217,22385,13793,5006,36178
24,1504888931,2098693957,1631480379,465320965,10277,10.277,0.2,10.0,200,0.7142857142857143,0.7150328496715033,0.7080919080919081,0.6951581891277748,-0.012933718964133312,0.981734406485472,3544,1461,31816,13952,5005,45768
24,1504888931,2098693957,1631480379,465320965,10277,10.277,0.25,1.0,250,0.25,0.24964750352496476,0.2511574074074074,0.22434163930204107,-0.026815768105366317,0.8932312274514447,1302,3882,13937,48187,5184,62124
24,1504888931,2098693957,1631480379,465320965,10277,10.277,0.25,2.0,250,0.4,0.3987360126398736,0.4079844206426485,0.4284440009675859,0.020459580324937388,1.0501479450923883,2095,3040,28339,37805,5135,66144
24,1504888931,2098693957,1631480379,465320965,10277,10.277,0.25,5.0,250,0.625,0.6262937370626294,0.6355830670926518,0.6269797548547033,-0.008603312237948524,0.986463905847425,3183,1825,27315,16251,5008,43566
24,1504888931,2098693957,1631480379,465320965,10277,10.277,0.25,10.0,250,0.7692307692307693,0.7658323416765832,0.7700672202451562,0.7853214021837288,0.015254181938572642,1.0198088965969963,3895,1163,38264,10460,5058,48724
25,1941860795,1863823949,1857177730,1660649778,10273,10.273,0.0,1.0,0,0.0,0.0,0.0,0.0,0.0,nan,0,5096,0,39997,5096,39997
25,1941860795,1863823949,1857177730,1660649778,10273,10.273,0.01,1.0,10,0.01,0.00996990030099699,0.011185243328100471,0.010475785683926294,-0.0007094576441741777,0.9365719972857612,57,5039,419,39578,5096,39997
25,1941860795,1863823949,1857177730,1660649778,10273,10.273,0.01,2.0,10,0.019801980198019802,0.01984980150198498,0.020608039175678432,0.01576178846515123,-0.004846250710527203,0.764836883838675,101,4800,839,52391,4901,53230
25,1941860795,1863823949,1857177730,1660649778,10273,10.273,0.01,5.0,10,0.04807692307692308,0.04861951380486195,0.048737174427782165,0.06687120405735396,0.018134029629571793,1.3720779844642503,247,4821,3204,44709,5068,47913
25,1941860795,1863823949,1857177730,1660649778,10273,10.273,0.01,10.0,10,0.09174311926605505,0.0924990750092499,0.09337349397590361,0.08864589780620315,-0.004727596169700463,0.9493689700535305,465,4515,3867,39756,4980,43623
25,1941860795,1863823949,1857177730,1660649778,10273,10.273,0.05,1.0,50,0.05,0.05044949550504495,0.05121664050235479,0.04155311648373628,-0.00966352401861851,0.8113206191613797,261,4835,1662,38335,5096,39997
25,1941860795,1863823949,1857177730,1660649778,10273,10.273,0.05,2.0,50,0.09523809523809523,0.0956090439095609,0.09562073121735637,0.17662763564506295,0.08100690442770658,1.8471688450443768,476,4502,8402,39167,4978,47569
25,1941860795,1863823949,1857177730,1660649778,10273,10.273,0.05,5.0,50,0.20833333333333334,0.2081879181208188,0.21450030042058882,0.24975921716685287,0.03525891674626405,1.1643770040281012,1071,3922,12966,38948,4993,51914
25,1941860795,1863823949,1857177730,1660649778,10273,10.273,0.05,10.0,50,0.3448275862068966,0.34348656513434866,0.3450589670597804,0.32122180391660604,-0.023837163143174356,0.9309185808260864,1697,3221,20307,42911,4918,63218
25,1941860795,1863823949,1857177730,1660649778,10273,10.273,0.1,1.0,100,0.1,0.1013489865101349,0.10361067503924647,0.08083106232967473,-0.02277961270957174,0.7801422227879212,528,4568,3233,36764,5096,39997
25,1941860795,1863823949,1857177730,1660649778,10273,10.273,0.1,2.0,100,0.18181818181818182,0.18182818171818282,0.17358034635521546,0.20847550019179908,0.03489515383658362,1.2010317099216639,862,4104,10326,39205,4966,49531
25,1941860795,1863823949,1857177730,1660649778,10273,10.273,0.1,5.0,100,0.35714285714285715,0.35720642793572066,0.36326048434731245,0.40599084045055084,0.04273035610323839,1.1176300697281019,1845,3234,16400,23995,5079,40395
25,1941860795,1863823949,1857177730,1660649778,10273,10.273,0.1,10.0,100,0.5263157894736842,0.5274647253527465,0.5299198025909932,0.4694879692870854,-0.060431833303907834,0.885960417013231,2577,2286,21034,23768,4863,44802
25,1941860795,1863823949,1857177730,1660649778,10273,10.273,0.15,1.0,150,0.15,0.15118848811511884,0.1609105180533752,0.13466009950746305,-0.026250418545912146,0.8368632525488191,820,4276,5386,34611,5096,39997
25,1941860795,1863823949,1857177730,1660649778,10273,10.273,0.15,2.0,150,0.2608695652173913,0.26056739432605674,0.2661064425770308,0.2727695666177576,0.0066631240407267756,1.0250393187635733,1330,3668,15244,40642,4998,55886
25,1941860795,1863823949,1857177730,1660649778,10273,10.273,0.15,5.0,150,0.46875,0.4669353306466935,0.47137710168134506,0.45080243497509687,-0.02057466670624819,0.9563520021807151,2355,2641,16292,19848,4996,36140
25,1941860795,1863823949,1857177730,1660649778,10273,10.273,0.15,10.0,150,0.6382978723404256,0.6391336086639133,0.650039745627981,0.6264247264272537,-0.023615019200727283,0.9636714226175299,3271,1761,24787,14782,5032,39569
25,1941860795,1863823949,1857177730,1660649778,10273,10.273,0.2,1.0,200,0.2,0.2008679913200868,0.20839874411302983,0.1761882141160587,-0.03221052999697113,0.8454379841199954,1062,4034,7047,32950,5096,39997
25,1941860795,1863823949,1857177730,1660649778,10273,10.273,0.2,2.0,200,0.3333333333333333,0.33316666833331665,0.3375279074487518,0.3042310790594192,-0.03329682838933257,0.9013508878687664,1663,3264,15862,36276,4927,52138
25,1941860795,1863823949,1857177730,1660649778,10273,10.273,0.2,5.0,200,0.5555555555555556,0.5554044459555404,0.5490958584483764,0.5735950190381253,0.02449916058974888,1.0446172744026483,2824,2319,35100,26093,5143,61193
25,1941860795,1863823949,1857177730,1660649778,10273,10.273,0.2,10.0,200,0.7142857142857143,0.7164928350716493,0.7184797908707018,0.7075162023398703,-0.010963588530831458,0.9847405749331585,3573,1400,42030,17375,4973,59405
25,1941860795,1863823949,1857177730,1660649778,10273,10.273,0.25,1.0,250,0.25,0.25102748972510275,0.2627551020408163,0.23261744630847314,-0.03013765573234317,0.88530134905749,1339,3757,9304,30693,5096,39997
25,1941860795,1863823949,1857177730,1660649778,10273,10.273,0.25,2.0,250,0.4,0.4023959760402396,0.39810330912025826,0.41709823596051143,0.018994926840253168,1.0477135617943714,1973,2983,20618,28814,4956,49432
25,1941860795,1863823949,1857177730,1660649778,10273,10.273,0.25,5.0,250,0.625,0.6237737622623774,0.6334462826390274,0.6757821241552164,0.04233584151618908,1.0668341462827944,3178,1839,30198,14488,5017,44686
25,1941860795,1863823949,1857177730,1660649778,10273,10.273,0.25,10.0,250,0.7692307692307693,0.7701022989770102,0.7719018160047895,0.7552491742065202,-0.016652641798269308,0.9784264767189432,3868,1143,26294,8521,5011,34815
26,1547060142,2118319168,710754626,1934725687,10215,10.215,0.0,1.0,0,0.0,0.0,0.0,0.0,0.0,nan,0,4987,0,50118,4987,50118
26,1547060142,2118319168,710754626,1934725687,10215,10.215,0.01,1.0,10,0.01,0.00966990330096699,0.008221375576498897,0.0076020591404285884,-0.0006193164360703083,0.9246699739833505,41,4946,381,49737,4987,50118
26,1547060142,2118319168,710754626,1934725687,10215,10.215,0.01,2.0,10,0.019801980198019802,0.02006979930200698,0.022355289421157686,0.030903874786650687,0.008548585365493001,1.3823965417957138,112,4898,851,26686,5010,27537
26,1547060142,2118319168,710754626,1934725687,10215,10.215,0.01,5.0,10,0.04807692307692308,0.04695953040469595,0.04601286800545915,0.1179163901791639,0.07190352217370474,2.5626829035124223,236,4893,5331,39879,5129,45210
26,1547060142,2118319168,710754626,1934725687,10215,10.215,0.01,10.0,10,0.09174311926605505,0.0925990740092599,0.09267326732673267,0.06872806194903673,-0.02394520537769594,0.7416169077834092,468,4582,2565,34756,5050,37321
26,1547060142,2118319168,710754626,1934725687,10215,10.215,0.05,1.0,50,0.05,0.04956950430495695,0.050130338881090836,0.04351729917394948,-0.0066130397071413535,0.8680830839219443,250,4737,2181,47937,4987,50118
26,1547060142,2118319168,710754626,1934725687,10215,10.215,0.05,2.0,50,0.09523809523809523,0.09316906830931691,0.0954464108172599,0.1328610287848646,0.037414617967604716,1.3919960703314251,480,4549,6545,42717,5029,49262
26,1547060142,2118319168,710754626,1934725687,10215,10.215,0.05,5.0,50,0.20833333333333334,0.2065679343206568,0.20574826560951437,0.20723865226483026,0.001490386655315895,1.0072437386089295,1038,4007,13181,50422,5045,63603
26,1547060142,2118319168,710754626,1934725687,10215,10.215,0.05,10.0,50,0.3448275862068966,0.3442765572344277,0.33446147720485764,0.3283205841446453,-0.006140893060212316,0.9816394608086628,1680,3343,15108,30908,5023,46016
26,1547060142,2118319168,710754626,1934725687,10215,10.215,0.1,1.0,100,0.1,0.0997990020099799,0.09705233607379186,0.07993136198571371,-0.017120974088078153,0.8235902938486658,484,4503,4006,46112,4987,50118
26,1547060142,2118319168,710754626,1934725687,10215,10.215,0.1,2.0,100,0.18181818181818182,0.18231817681823181,0.16603396603396603,0.19118626331811264,0.025152297284146613,1.1514888663142644,831,4174,8039,34009,5005,42048
26,1547060142,2118319168,710754626,1934725687,10215,10.215,0.1,5.0,100,0.35714285714285715,0.35866641333586663,0.3571570774437587,0.3290494665373424,-0.02810761090641628,0.921301822974956,1794,3229,16284,33204,5023,49488
26,1547060142,2118319168,710754626,1934725687,10215,10.215,0.1,10.0,100,0.5263157894736842,0.5267047329526705,0.5307228915662651,0.4358974358974359,-0.09482545566882916,0.8213277452778021,2643,2337,24735,32010,4980,56745
26,1547060142,2118319168,710754626,1934725687,10215,10.215,0.15,1.0,150,0.15,0.14937850621493784,0.1455785041106878,0.1128337124386448,-0.032744791672042986,0.7750712450847406,726,4261,5655,44463,4987,50118
26,1547060142,2118319168,710754626,1934725687,10215,10.215,0.15,2.0,150,0.2608695652173913,0.26098739012609873,0.26786069651741296,0.2534234954797741,-0.014437201037638847,0.9461018311930645,1346,3679,10456,30803,5025,41259
26,1547060142,2118319168,710754626,1934725687,10215,10.215,0.15,5.0,150,0.46875,0.47086529134708655,0.4790468364831553,0.5524013024013024,0.07335446591814704,1.1531258748239879,2332,2536,21716,17596,4868,39312
26,1547060142,2118319168,710754626,1934725687,10215,10.215,0.15,10.0,150,0.6382978723404256,0.6374936250637494,0.6321170809943866,0.5828460038986355,-0.04927107709575107,0.922053874864064,3153,1835,23621,16906,4988,40527
26,1547060142,2118319168,710754626,1934725687,10215,10.215,0.2,1.0,200,0.2,0.1999580004199958,0.1969119711249248,0.17065724889261344,-0.026254722232311373,0.8666677191725695,982,4005,8553,41565,4987,50118
26,1547060142,2118319168,710754626,1934725687,10215,10.215,0.2,2.0,200,0.3333333333333333,0.3328366716332837,0.3295774647887324,0.31386755308849157,-0.01570991170024083,0.9523331739009787,1638,3332,19451,42521,4970,61972
26,1547060142,2118319168,710754626,1934725687,10215,10.215,0.2,5.0,200,0.5555555555555556,0.5563344366556334,0.5576193329338925,0.5629037010176099,0.00528436808371735,1.0094766586658928,2792,2215,24837,19286,5007,44123
26,1547060142,2118319168,710754626,1934725687,10215,10.215,0.2,10.0,200,0.7142857142857143,0.7154228457715422,0.7148610551751913,0.6603384713634648,-0.05452258381172648,0.9237298165608355,3550,1416,22748,11701,4966,34449
26,1547060142,2118319168,710754626,1934725687,10215,10.215,0.25,1.0,250,0.25,0.24974750252497474,0.24644074593944254,0.23949479229019513,-0.0069459536492474105,0.9718149138740465,1229,3758,12003,38115,4987,50118
26,1547060142,2118319168,710754626,1934725687,10215,10.215,0.25,2.0,250,0.4,0.4020659793402066,0.3951692734112057,0.4004864060401466,0.0053171326289409016,1.0134553291126154,1996,3055,22066,33032,5051,55098
26,1547060142,2118319168,710754626,1934725687,10215,10.215,0.25,5.0,250,0.625,0.6254637453625463,0.6260404280618311,0.6715588963486717,0.045518468286840585,1.0727085124961688,3159,1887,30108,14725,5046,44833
26,1547060142,2118319168,710754626,1934725687,10215,10.215,0.25,10.0,250,0.7692307692307693,0.7700622993770062,0.7530108588351432,0.7102936532996527,-0.04271720553549052,0.943271461448018,3814,1251,22495,9175,5065,31670
27,240571604,1657949388,1387948581,1017997520,10236,10.236,0.0,1.0,0,0.0,0.0,0.0,0.0,0.0,nan,0,5096,0,46060,5096,46060
27,240571604,1657949388,1387948581,1017997520,10236,10.236,0.01,1.0,10,0.01,0.00977990220097799,0.012558869701726845,0.02346938775510204,0.010910518053375196,1.86875,64,5032,1081,44979,5096,46060
27,240571604,1657949388,1387948581,1017997520,10236,10.236,0.01,2.0,10,0.019801980198019802,0.01977980220197798,0.01697284345047923,0.01108401684770561,-0.0058888266027736225,0.653044192627173,85,4923,500,44610,5008,45110
27,240571604,1657949388,1387948581,1017997520,10236,10.236,0.01,5.0,10,0.04807692307692308,0.047899521004789954,0.04794520547945205,0.06870949635148237,0.020764290872030314,1.4330837810452037,238,4726,2693,36501,4964,39194
27,240571604,1657949388,1387948581,1017997520,10236,10.236,0.01,10.0,10,0.09174311926605505,0.0903790962090379,0.08796764408493428,0.09672373337968193,0.008756089294747652,1.0995376127874188,435,4510,4452,41576,4945,46028
27,240571604,1657949388,1387948581,1017997520,10236,10.236,0.05,1.0,50,0.05,0.05030949690503095,0.052982731554160126,0.041424229266174555,-0.011558502287985571,0.7818439716312057,270,4826,1908,44152,5096,46060
27,240571604,1657949388,1387948581,1017997520,10236,10.236,0.05,2.0,50,0.09523809523809523,0.0956990430095699,0.09540990178392464,0.08813082087935889,-0.007279080904565749,0.9237072801830283,476,4513,4069,42101,4989,46170
27,240571604,1657949388,1387948581,1017997520,10236,10.236,0.05,5.0,50,0.20833333333333334,0.20622793772062278,0.21420233463035018,0.22793892048806966,0.013736585857719474,1.0641290202621962,1101,4039,9658,32713,5140,42371
27,240571604,1657949388,1387948581,1017997520,10236,10.236,0.05,10.0,50,0.3448275862068966,0.34609653903460963,0.3465725806451613,0.3627334235453315,0.016160842900170225,1.0466304716607588,1719,3241,13403,23547,4960,36950
27,240571604,1657949388,1387948581,1017997520,10236,10.236,0.1,1.0,100,0.1,0.0993190068099319,0.10478806907378337,0.08226226660877117,-0.022525802465012193,0.7850346641166627,534,4562,3789,42271,5096,46060
27,240571604,1657949388,1387948581,1017997520,10236,10.236,0.1,2.0,100,0.18181818181818182,0.17974820251797483,0.17488879902951882,0.17180450452069815,-0.0030842945088206675,0.9823642535946508,865,4081,9558,46075,4946,55633
27,240571604,1657949388,1387948581,1017997520,10236,10.236,0.1,5.0,100,0.35714285714285715,0.35584644153558465,0.3460764587525151,0.34906776763878294,0.0029913088862678627,1.0086434913748554,1720,3250,13274,24753,4970,38027
27,240571604,1657949388,1387948581,1017997520,10236,10.236,0.1,10.0,100,0.5263157894736842,0.5263547364526354,0.5210017747978702,0.5249122654997617,0.0039104907018914226,1.007505714742351,2642,2429,24231,21931,5071,46162
27,240571604,1657949388,1387948581,1017997520,10236,10.236,0.15,1.0,150,0.15,0.14894851051489486,0.15737833594976453,0.14696048632218844,-0.010417849627576081,0.933803788401337,802,4294,6769,39291,5096,46060
27,240571604,1657949388,1387948581,1017997520,10236,10.236,0.15,2.0,150,0.2608695652173913,0.26304736952630475,0.266481884775292,0.26099923649551443,-0.005482648279777569,0.9794258124359907,1346,3705,10939,30973,5051,41912
27,240571604,1657949388,1387948581,1017997520,10236,10.236,0.15,5.0,150,0.46875,0.4686553134468655,0.4676528599605523,0.46634722256526784,-0.0013056373952844424,0.9972081056119392,2371,2699,18881,21606,5070,40487
27,240571604,1657949388,1387948581,1017997520,10236,10.236,0.15,10.0,150,0.6382978723404256,0.6381936180638194,0.6336653791421021,0.6123128923225495,-0.021352486819552596,0.9663032137743409,3117,1802,25362,16058,4919,41420
27,240571604,1657949388,1387948581,1017997520,10236,10.236,0.2,1.0,200,0.2,0.1993280067199328,0.20918367346938777,0.18276161528441165,-0.026422058184976116,0.8736896730669435,1066,4030,8418,37642,5096,46060
27,240571604,1657949388,1387948581,1017997520,10236,10.236,0.2,2.0,200,0.3333333333333333,0.3329866701332987,0.34773089171974525,0.26385107466188545,-0.0838798170578598,0.7587795072131153,1747,3277,11920,33257,5024,45177
27,240571604,1657949388,1387948581,1017997520,10236,10.236,0.2,5.0,200,0.5555555555555556,0.5553944460555394,0.5493605115907274,0.5903784648187633,0.04101795322803592,1.0746649101320813,2749,2255,22151,15369,5004,37520
27,240571604,1657949388,1387948581,1017997520,10236,10.236,0.2,10.0,200,0.7142857142857143,0.7107628923710763,0.7013638186923385,0.672566371681416,-0.028797447010922572,0.9589407861605777,3497,1489,51604,25123,4986,76727
27,240571604,1657949388,1387948581,1017997520,10236,10.236,0.25,1.0,250,0.25,0.25029749702502974,0.25961538461538464,0.22108119843682153,-0.03853418617856311,0.8515720236084977,1323,3773,10183,35877,5096,46060
27,240571604,1657949388,1387948581,1017997520,10236,10.236,0.25,2.0,250,0.4,0.3998560014399856,0.39451728247914186,0.36246094594329054,-0.032056336535851326,0.9187454188713617,1986,3048,18446,32445,5034,50891
27,240571604,1657949388,1387948581,1017997520,10236,10.236,0.25,5.0,250,0.625,0.6244137558624414,0.6310021916716477,0.6734494501200246,0.04244725844837682,1.0672695895650153,3167,1852,24127,11699,5019,35826
27,240571604,1657949388,1387948581,1017997520,10236,10.236,0.25,10.0,250,0.7692307692307693,0.7677223227767722,0.7584390243902439,0.7306482685942929,-0.027790755795951028,0.9633579564048754,3887,1238,44373,16358,5125,60731
28,1193795466,1456735872,532578292,1971406028,10251,10.251,0.0,1.0,0,0.0,0.0,0.0,0.0,0.0,nan,0,4962,0,33120,4962,33120
28,1193795466,1456735872,532578292,1971406028,10251,10.251,0.01,1.0,10,0.01,0.01015989840101599,0.00947198710197501,0.009420289855072464,-5.169724690254514e-05,0.9945420906567994,47,4915,312,32808,4962,33120
28,1193795466,1456735872,532578292,1971406028,10251,10.251,0.01,2.0,10,0.019801980198019802,0.02049979500204998,0.018954509177972863,0.016615064640400842,-0.002339444537572021,0.876575831344095,95,4917,703,41608,5012,42311
28,1193795466,1456735872,532578292,1971406028,10251,10.251,0.01,5.0,10,0.04807692307692308,0.04870951290487095,0.04686860417519443,0.07803304929146462,0.031164445116270194,1.66493222200042,229,4657,3315,39167,4886,42482
28,1193795466,1456735872,532578292,1971406028,10251,10.251,0.01,10.0,10,0.09174311926605505,0.0916990830091699,0.08482053338680569,0.08295982565072577,-0.0018607077360799223,0.9780630035937812,423,4564,4035,44603,4987,48638
28,1193795466,1456735872,532578292,1971406028,10251,10.251,0.05,1.0,50,0.05,0.050439495605043946,0.049576783555018135,0.0617451690821256,0.012168385527107466,1.2454452397784848,246,4716,2045,31075,4962,33120
28,1193795466,1456735872,532578292,1971406028,10251,10.251,0.05,2.0,50,0.09523809523809523,0.09568904310956891,0.09848036313400434,0.11351586266840503,0.015035499534400698,1.1526751024865898,499,4568,5224,40796,5067,46020
28,1193795466,1456735872,532578292,1971406028,10251,10.251,0.05,5.0,50,0.20833333333333334,0.20739792602073978,0.2136210651356167,0.20039256253149784,-0.01322850260411887,0.9380749150570858,1079,3972,7555,30146,5051,37701
28,1193795466,1456735872,532578292,1971406028,10251,10.251,0.05,10.0,50,0.3448275862068966,0.34465655343446566,0.3515810276679842,0.3698269558859371,0.0182459282179529,1.0518967941443742,1779,3281,15174,25856,5060,41030
28,1193795466,1456735872,532578292,1971406028,10251,10.251,0.1,1.0,100,0.1,0.1010089899101009,0.09834744054816606,0.10132850241545893,0.0029810618672928696,1.0303115348063672,488,4474,3356,29764,4962,33120
28,1193795466,1456735872,532578292,1971406028,10251,10.251,0.1,2.0,100,0.18181818181818182,0.18249817501824983,0.18292189397005262,0.1720063025210084,-0.01091559144904422,0.940326490109318,904,4038,7205,34683,4942,41888
28,1193795466,1456735872,532578292,1971406028,10251,10.251,0.1,5.0,100,0.35714285714285715,0.3549864501354986,0.36303030303030304,0.33677983916306126,-0.02625046386724178,0.9276907088798849,1797,3153,13778,27133,4950,40911
28,1193795466,1456735872,532578292,1971406028,10251,10.251,0.1,10.0,100,0.5263157894736842,0.5244547554524455,0.5296593186372746,0.5589178927384908,0.02925857410121624,1.0552403650265112,2643,2347,29441,23234,4990,52675
28,1193795466,1456735872,532578292,1971406028,10251,10.251,0.15,1.0,150,0.15,0.15118848811511884,0.1509471987101975,0.1942632850241546,0.043316086313957114,1.2869618428435985,749,4213,6434,26686,4962,33120
28,1193795466,1456735872,532578292,1971406028,10251,10.251,0.15,2.0,150,0.2608695652173913,0.26012739872601276,0.26721707611759965,0.27874127935540927,0.011524203237809616,1.0431267470075076,1327,3639,11347,29361,4966,40708
28,1193795466,1456735872,532578292,1971406028,10251,10.251,0.15,5.0,150,0.46875,0.4692253077469225,0.4686,0.4460601893050724,-0.02253981069492761,0.9518996784145805,2343,2657,22055,27389,5000,49444
28,1193795466,1456735872,532578292,1971406028,10251,10.251,0.15,10.0,150,0.6382978723404256,0.6398536014639854,0.6413876563130294,0.6351044453938345,-0.006283210919194926,0.9902037233530288,3180,1778,28245,16228,4958,44473
28,1193795466,1456735872,532578292,1971406028,10251,10.251,0.2,1.0,200,0.2,0.2005479945200548,0.20294236195082627,0.22629830917874397,0.0233559472279177,1.1150866039175051,1007,3955,7495,25625,4962,33120
28,1193795466,1456735872,532578292,1971406028,10251,10.251,0.2,2.0,200,0.3333333333333333,0.3352066479335207,0.3307117577664176,0.32579035350803875,-0.0049214042583788364,0.9851187502627141,1682,3404,26505,54851,5086,81356
28,1193795466,1456735872,532578292,1971406028,10251,10.251,0.2,5.0,200,0.5555555555555556,0.5515144848551514,0.5525585085283617,0.5902931100114198,0.03773460148305807,1.0682906894032946,2786,2256,31014,21526,5042,52540
28,1193795466,1456735872,532578292,1971406028,10251,10.251,0.2,10.0,200,0.7142857142857143,0.7133228667713323,0.7114800566916379,0.7261640584296548,0.014684001738016872,1.0206386694889202,3514,1425,37632,14191,4939,51823
28,1193795466,1456735872,532578292,1971406028,10251,10.251,0.25,1.0,250,0.25,0.24954750452495475,0.2539298669891173,0.25757850241545893,0.00364863542634164,1.0143686737980215,1260,3702,8531,24589,4962,33120
28,1193795466,1456735872,532578292,1971406028,10251,10.251,0.25,2.0,250,0.4,0.3983360166398336,0.398876404494382,0.4438067143361016,0.044930309841719585,1.1126421852369872,1988,2996,13841,17346,4984,31187
28,1193795466,1456735872,532578292,1971406028,10251,10.251,0.25,5.0,250,0.625,0.6247837521624784,0.6261169780666125,0.6171179315644352,-0.00899904650217731,0.985627212138592,3083,1841,27305,16941,4924,44246
28,1193795466,1456735872,532578292,1971406028,10251,10.251,0.25,10.0,250,0.7692307692307693,0.7683923160768392,0.7668188132565985,0.7796531361882177,0.012834322931619235,1.0167370997030096,3864,1175,33536,9478,5039,43014
29,658632477,401663494,674270626,2102547212,10217,10.217,0.0,1.0,0,0.0,0.0,0.0,0.0,0.0,nan,0,4885,0,37090,4885,37090
29,658632477,401663494,674270626,2102547212,10217,10.217,0.01,1.0,10,0.01,0.01003989960100399,0.009825997952917094,0.0052035589107576165,-0.004622439042159477,0.5295705266468949,48,4837,193,36897,4885,37090
29,658632477,401663494,674270626,2102547212,10217,10.217,0.01,2.0,10,0.019801980198019802,0.018879811201887982,0.021830562787903064,0.02023076923076923,-0.0015997935571338343,0.9267177134791813,109,4884,526,25474,4993,26000
29,658632477,401663494,674270626,2102547212,10217,10.217,0.01,5.0,10,0.04807692307692308,0.04665953340466596,0.04444005530317993,0.025673002494194547,-0.018767052808985385,0.5776996072360311,225,4838,1194,45314,5063,46508
29,658632477,401663494,674270626,2102547212,10217,10.217,0.01,10.0,10,0.09174311926605505,0.0917290827091729,0.09078212290502793,0.08083818284212502,-0.009943940062902917,0.8904636756147924,455,4557,3445,39171,5012,42616
29,658632477,401663494,674270626,2102547212,10217,10.217,0.05,1.0,50,0.05,0.05013949860501395,0.04994882292732856,0.05513615529792397,0.005187332370595411,1.1038529452063877,244,4641,2045,35045,4885,37090
29,658632477,401663494,674270626,2102547212,10217,10.217,0.05,2.0,50,0.09523809523809523,0.0971290287097129,0.09591226321036889,0.11311944882543372,0.017207185615064832,1.1794054799574847,481,4534,5451,42737,5015,48188
29,658632477,401663494,674270626,2102547212,10217,10.217,0.05,5.0,50,0.20833333333333334,0.2074679253207468,0.2064439140811456,0.25150812064965195,0.04506420656850635,1.2182878907769268,1038,3990,11924,35486,5028,47410
29,658632477,401663494,674270626,2102547212,10217,10.217,0.05,10.0,50,0.3448275862068966,0.34525654743452566,0.3515810276679842,0.4028530245042,0.051271996836215805,1.1458326610406138,1779,3281,16210,24028,5060,40238
29,658632477,401663494,674270626,2102547212,10217,10.217,0.1,1.0,100,0.1,0.0985490145098549,0.1007164790174002,0.1132650310056619,0.0125485519882617,1.1245928383387367,492,4393,4201,32889,4885,37090
29,658632477,401663494,674270626,2102547212,10217,10.217,0.1,2.0,100,0.18181818181818182,0.18301816981830182,0.18318670576735094,0.17079849751605478,-0.012388208251296162,0.9323738685108006,937,4178,7048,34217,5115,41265
29,658632477,401663494,674270626,2102547212,10217,10.217,0.1,5.0,100,0.35714285714285715,0.3568364316356836,0.3554850228129339,0.3867944287359933,0.031309405923059364,1.0880751759253027,1792,3249,14774,23422,5041,38196
29,658632477,401663494,674270626,2102547212,10217,10.217,0.1,10.0,100,0.5263157894736842,0.5278147218527814,0.52189855367692,0.5192588518651975,-0.0026397018117224613,0.9949421170203959,2562,2347,27380,25349,4909,52729
29,658632477,401663494,674270626,2102547212,10217,10.217,0.15,1.0,150,0.15,0.14819851801481984,0.15455475946775846,0.16117551900781882,0.006620759540060361,1.0428376296068806,755,4130,5978,31112,4885,37090
29,658632477,401663494,674270626,2102547212,10217,10.217,0.15,2.0,150,0.2608695652173913,0.2585274147258527,0.2658628187388812,0.28454262848071965,0.01867980974183847,1.0702610836311977,1345,3714,12906,32451,5059,45357
29,658632477,401663494,674270626,2102547212,10217,10.217,0.15,5.0,150,0.46875,0.47150528494715055,0.473395613322502,0.5320396481920983,0.05864403486959624,1.1238795485619442,2331,2593,22866,20112,4924,42978
29,658632477,401663494,674270626,2102547212,10217,10.217,0.15,10.0,150,0.6382978723404256,0.6365436345636544,0.6457542457542458,0.6154094281369522,-0.030344817617293574,0.9530087214806453,3232,1773,26710,16692,5005,43402
29,658632477,401663494,674270626,2102547212,10217,10.217,0.2,1.0,200,0.2,0.1994880051199488,0.20552712384851587,0.20940954435157724,0.003882420503061368,1.0188900639018474,1004,3881,7767,29323,4885,37090
29,658632477,401663494,674270626,2102547212,10217,10.217,0.2,2.0,200,0.3333333333333333,0.3328466715332847,0.32452681388012616,0.3992060705895061,0.07467925670937992,1.2301173693985268,1646,3426,14783,22248,5072,37031
29,658632477,401663494,674270626,2102547212,10217,10.217,0.2,5.0,200,0.5555555555555556,0.5543744562554375,0.5568069551472041,0.5665030527954028,0.009696097648198676,1.0174137509572512,2818,2243,23660,18105,5061,41765
29,658632477,401663494,674270626,2102547212,10217,10.217,0.2,10.0,200,0.7142857142857143,0.7155428445715543,0.7162270183852918,0.7376599884890509,0.021432970103759108,1.0299248276783513,3584,1420,26915,9572,5004,36487
29,658632477,401663494,674270626,2102547212,10217,10.217,0.25,1.0,250,0.25,0.24922750772492275,0.258546571136131,0.24556484227554598,-0.012981728860585018,0.9497895918575155,1263,3622,9108,27982,4885,37090
29,658632477,401663494,674270626,2102547212,10217,10.217,0.25,2.0,250,0.4,0.3985760142398576,0.3993939393939394,0.4017645189629713,0.002370579569031861,1.005935442016544,1977,2973,21494,32005,4950,53499
29,658632477,401663494,674270626,2102547212,10217,10.217,0.25,5.0,250,0.625,0.6250437495625044,0.628323932312651,0.6374097415354782,0.009085809222827201,1.0144603901834288,3119,1845,24982,14211,4964,39193
29,658632477,401663494,674270626,2102547212,10217,10.217,0.25,10.0,250,0.7692307692307693,0.7654323456765433,0.7608998606410512,0.7574464982317984,-0.003453362409252758,0.99546147582897,3822,1201,41552,13306,5023,54858
