replicate,network_seed,opinion_seed,producer_assignment_seed,simulation_seed,edge_count,realized_mean_in_degree,synthetic_fraction,activity_multiplier,n_synthetic_agents,expected_activation_share,synthetic_activation_share,synthetic_production_share,synthetic_exposure_share,exposure_minus_production,amplification_ratio,synthetic_posts,human_posts,synthetic_exposures,human_exposures,total_experimental_posts,total_exposures
0,65583179,623656047,245378476,1832619589,10241,10.241,0.0,1.0,0,0.0,0.0,0.0,0.0,0.0,nan,0,4938,0,45749,4938,45749
0,65583179,623656047,245378476,1832619589,10241,10.241,0.01,1.0,10,0.01,0.010149898501014989,0.010935601458080195,0.0030383177774377583,-0.007897283680642436,0.277837281203475,54,4884,139,45610,4938,45749
0,65583179,623656047,245378476,1832619589,10241,10.241,0.01,2.0,10,0.019801980198019802,0.02053979460205398,0.02193158953722334,0.027952941176470587,0.006021351639247247,1.2745515380464112,109,4861,1188,41312,4970,42500
0,65583179,623656047,245378476,1832619589,10241,10.241,0.01,5.0,10,0.04807692307692308,0.04792952070479295,0.04426877470355731,0.038310391930230114,-0.005958382773327199,0.8654043891382338,224,4836,1823,45762,5060,47585
0,65583179,623656047,245378476,1832619589,10241,10.241,0.01,10.0,10,0.09174311926605505,0.0926390736092639,0.08738848337388483,0.06913255232328551,-0.01825593105059932,0.7910945430590351,431,4501,2626,35359,4932,37985
0,65583179,623656047,245378476,1832619589,10241,10.241,0.05,1.0,50,0.05,0.04958950410495895,0.051437829080599434,0.05204485343941944,0.0006070243588200061,1.0118011271017842,254,4684,2381,43368,4938,45749
0,65583179,623656047,245378476,1832619589,10241,10.241,0.05,2.0,50,0.09523809523809523,0.0962290377096229,0.09572752922208787,0.13409251779989173,0.03836498857780386,1.4007727859432901,475,4487,6441,41593,4962,48034
0,65583179,623656047,245378476,1832619589,10241,10.241,0.05,5.0,50,0.20833333333333334,0.2078879211207888,0.20402470611675633,0.17768322810870163,-0.026341478008054697,0.8708907440210678,1024,3995,6473,29957,5019,36430
0,65583179,623656047,245378476,1832619589,10241,10.241,0.05,10.0,50,0.3448275862068966,0.34619653803461964,0.3487139210681327,0.27874746195257344,-0.06996645911555927,0.7993585719169238,1776,3317,14964,38719,5093,53683
0,65583179,623656047,245378476,1832619589,10241,10.241,0.1,1.0,100,0.1,0.0998290017099829,0.10287565816119887,0.0936851078712103,-0.009190550289988567,0.9106635091890481,508,4430,4286,41463,4938,45749
0,65583179,623656047,245378476,1832619589,10241,10.241,0.1,2.0,100,0.18181818181818182,0.18393816061839383,0.1892374900714853,0.2623779437105112,0.07314045363902591,1.3865008651900677,953,4083,9136,25684,5036,34820
0,65583179,623656047,245378476,1832619589,10241,10.241,0.1,5.0,100,0.35714285714285715,0.3567264327356726,0.3516819571865443,0.37156566320494283,0.019883706018398506,1.0565388858088376,1725,3180,16959,28683,4905,45642
0,65583179,623656047,245378476,1832619589,10241,10.241,0.1,10.0,100,0.5263157894736842,0.5249747502524975,0.5274525635849818,0.46412806615633906,-0.06332449742864277,0.8799427630074641,2613,2341,16613,19181,4954,35794
1,1194509389,1579171980,1902511893,1430609973,10478,10.478,0.0,1.0,0,0.0,0.0,0.0,0.0,0.0,nan,0,5030,0,52863,5030,52863
1,1194509389,1579171980,1902511893,1430609973,10478,10.478,0.01,1.0,10,0.01,0.01020989790102099,0.008946322067594433,0.01407411611145792,0.005127794043863487,1.5731734231251853,45,4985,744,52119,5030,52863
1,1194509389,1579171980,1902511893,1430609973,10478,10.478,0.01,2.0,10,0.019801980198019802,0.020779792202077978,0.018050541516245487,0.05237333721014756,0.03432279569390207,2.901482881442175,90,4896,2882,52146,4986,55028
1,1194509389,1579171980,1902511893,1430609973,10478,10.478,0.01,5.0,10,0.04807692307692308,0.04817951820481795,0.04375497215592681,0.0370696131786781,-0.006685358977248708,0.8472091593745159,220,4808,2023,52550,5028,54573
1,1194509389,1579171980,1902511893,1430609973,10478,10.478,0.01,10.0,10,0.09174311926605505,0.09047909520904791,0.09045922406967538,0.055992483296213806,-0.034466740773461575,0.6189803623905298,457,4595,3218,54254,5052,57472
1,1194509389,1579171980,1902511893,1430609973,10478,10.478,0.05,1.0,50,0.05,0.05001949980500195,0.05228628230616302,0.04061441840228515,-0.011671863903877873,0.776770055374503,263,4767,2147,50716,5030,52863
1,1194509389,1579171980,1902511893,1430609973,10478,10.478,0.05,2.0,50,0.09523809523809523,0.0960290397096029,0.09913112164296999,0.109507655304866,0.010376533661896017,1.1046748335933096,502,4562,6101,49612,5064,55713
1,1194509389,1579171980,1902511893,1430609973,10478,10.478,0.05,5.0,50,0.20833333333333334,0.2082079179208208,0.21640453912004778,0.21936668196420375,0.0029621428441559683,1.0136879885061596,1087,3936,10994,39123,5023,50117
1,1194509389,1579171980,1902511893,1430609973,10478,10.478,0.05,10.0,50,0.3448275862068966,0.34378656213437864,0.3455404607206143,0.28792736292794796,-0.057613097792666323,0.8332667101487451,1755,3324,12304,30429,5079,42733
1,1194509389,1579171980,1902511893,1430609973,10478,10.478,0.1,1.0,100,0.1,0.1000689993100069,0.10318091451292247,0.13794147135047197,0.0347605568375495,1.336889404417869,519,4511,7292,45571,5030,52863
1,1194509389,1579171980,1902511893,1430609973,10478,10.478,0.1,2.0,100,0.18181818181818182,0.18025819741802582,0.18822820409803134,0.20599100903547424,0.017762804937442894,1.0943684556868631,937,4041,9256,35678,4978,44934
1,1194509389,1579171980,1902511893,1430609973,10478,10.478,0.1,5.0,100,0.35714285714285715,0.35625643743562563,0.3629032258064516,0.4215202369200395,0.05861701111358786,1.1615224306241088,1755,3081,17507,24026,4836,41533
1,1194509389,1579171980,1902511893,1430609973,10478,10.478,0.1,10.0,100,0.5263157894736842,0.5257847421525784,0.5398472684550617,0.5435540069686411,0.0037067385135793884,1.006866272611117,2757,2350,29484,24759,5107,54243
2,1482489492,1896230959,1048920119,250429967,10287,10.287,0.0,1.0,0,0.0,0.0,0.0,0.0,0.0,nan,0,5008,0,54541,5008,54541
2,1482489492,1896230959,1048920119,250429967,10287,10.287,0.01,1.0,10,0.01,0.010629893701062989,0.011381789137380192,0.034909517610604866,0.023527728473224672,3.0671379683141957,57,4951,1904,52637,5008,54541
2,1482489492,1896230959,1048920119,250429967,10287,10.287,0.01,2.0,10,0.019801980198019802,0.02050979490205098,0.021131012276111895,0.02083061251142745,-0.00030039976468444404,0.9857839387550762,105,4864,957,44985,4969,45942
2,1482489492,1896230959,1048920119,250429967,10287,10.287,0.01,5.0,10,0.04807692307692308,0.04833951660483395,0.049340791050739116,0.0710633531903842,0.021722562139645088,1.440255652109568,247,4759,4378,57229,5006,61607
2,1482489492,1896230959,1048920119,250429967,10287,10.287,0.01,10.0,10,0.09174311926605505,0.0912890871091289,0.08477917981072555,0.0669033386410504,-0.017875841169675152,0.789148217645134,430,4642,2563,35746,5072,38309
2,1482489492,1896230959,1048920119,250429967,10287,10.287,0.05,1.0,50,0.05,0.049769502304976954,0.051118210862619806,0.06371353660548945,0.012595325742869645,1.2463960598448875,256,4752,3475,51066,5008,54541
2,1482489492,1896230959,1048920119,250429967,10287,10.287,0.05,2.0,50,0.09523809523809523,0.09460905390946091,0.09937638302152485,0.10473905613250953,0.005362673110984678,1.0539632551309814,494,4477,3187,27241,4971,30428
2,1482489492,1896230959,1048920119,250429967,10287,10.287,0.05,5.0,50,0.20833333333333334,0.2080779192208078,0.20636529495236164,0.16686209811567723,-0.03950319683668441,0.808576355603768,1018,3915,6119,30552,4933,36671
2,1482489492,1896230959,1048920119,250429967,10287,10.287,0.05,10.0,50,0.3448275862068966,0.3424865751342487,0.3377228525121556,0.3448530529791255,0.007130200466969883,1.0211125791871405,1667,3269,15876,30161,4936,46037
2,1482489492,1896230959,1048920119,250429967,10287,10.287,0.1,1.0,100,0.1,0.0995890041099589,0.09864217252396167,0.1073871032801012,0.008744930756139538,1.0886530632120381,494,4514,5857,48684,5008,54541
2,1482489492,1896230959,1048920119,250429967,10287,10.287,0.1,2.0,100,0.18181818181818182,0.18061819381806182,0.1784771573604061,0.19556327732694875,0.017086119966542662,1.095732810961573,879,4046,9230,37967,4925,47197
2,1482489492,1896230959,1048920119,250429967,10287,10.287,0.1,5.0,100,0.35714285714285715,0.35574644253557464,0.3597682780663204,0.37210273543537276,0.012334457369052365,1.0342844495221966,1801,3205,17820,30070,5006,47890
2,1482489492,1896230959,1048920119,250429967,10287,10.287,0.1,10.0,100,0.5263157894736842,0.5247647523524764,0.5183048149621966,0.4933806804235055,-0.02492413453869108,0.9519122072201683,2605,2421,30150,30959,5026,61109
3,1132718658,885118435,1141311234,155065781,10184,10.184,0.0,1.0,0,0.0,0.0,0.0,0.0,0.0,nan,0,5054,0,63653,5054,63653
3,1132718658,885118435,1141311234,155065781,10184,10.184,0.01,1.0,10,0.01,0.009869901300986991,0.009695290858725761,0.02758707366502757,0.017891782806301812,2.8454095980214156,49,5005,1756,61897,5054,63653
3,1132718658,885118435,1141311234,155065781,10184,10.184,0.01,2.0,10,0.019801980198019802,0.01960980390196098,0.023192360163710776,0.03947539844530334,0.01628303828159256,1.7020862976710205,119,5012,1818,44236,5131,46054
3,1132718658,885118435,1141311234,155065781,10184,10.184,0.01,5.0,10,0.04807692307692308,0.04794952050479495,0.04975222993062438,0.048548157931600326,-0.001204071999024052,0.9757986325295763,251,4794,2426,47545,5045,49971
3,1132718658,885118435,1141311234,155065781,10184,10.184,0.01,10.0,10,0.09174311926605505,0.09165908340916591,0.09387915764613265,0.07514057338813385,-0.018738584257998805,0.8003967576207717,477,4604,2980,36679,5081,39659
3,1132718658,885118435,1141311234,155065781,10184,10.184,0.05,1.0,50,0.05,0.05038949610503895,0.045706371191135735,0.06414465932477652,0.018438288133640783,1.4034073949238983,231,4823,4083,59570,5054,63653
3,1132718658,885118435,1141311234,155065781,10184,10.184,0.05,2.0,50,0.09523809523809523,0.0957590424095759,0.1045102324657262,0.12436731742588576,0.01985708496015956,1.1900013471568118,526,4507,6536,46018,5033,52554
3,1132718658,885118435,1141311234,155065781,10184,10.184,0.05,5.0,50,0.20833333333333334,0.2086879131208688,0.22517088862082832,0.2534942206316197,0.028323332010791374,1.125785940555068,1120,3854,10483,30871,4974,41354
3,1132718658,885118435,1141311234,155065781,10184,10.184,0.05,10.0,50,0.3448275862068966,0.34690653093469065,0.3421620561114381,0.40579075319214175,0.06362869708070368,1.1859607047135015,1744,3353,18528,27131,5097,45659
3,1132718658,885118435,1141311234,155065781,10184,10.184,0.1,1.0,100,0.1,0.1012389876101239,0.10071230708349822,0.11988437308532197,0.01917206600182375,1.1903646789257707,509,4545,7631,56022,5054,63653
3,1132718658,885118435,1141311234,155065781,10184,10.184,0.1,2.0,100,0.18181818181818182,0.17999820001799982,0.18284561049445006,0.23429293911690333,0.05144732862245327,1.281370323757457,906,4049,9636,31492,4955,41128
3,1132718658,885118435,1141311234,155065781,10184,10.184,0.1,5.0,100,0.35714285714285715,0.35750642493575063,0.3602780536246276,0.4209581427376912,0.06068008911306361,1.1684257159229743,1814,3221,17117,23545,5035,40662
3,1132718658,885118435,1141311234,155065781,10184,10.184,0.1,10.0,100,0.5263157894736842,0.5257647423525764,0.5282866921683108,0.538257290790813,0.009970598622502158,1.0188734616455672,2624,2343,24326,20868,4967,45194
4,371536372,1587245653,2019921348,1393904558,10238,10.238,0.0,1.0,0,0.0,0.0,0.0,0.0,0.0,nan,0,4954,0,33449,4954,33449
4,371536372,1587245653,2019921348,1393904558,10238,10.238,0.01,1.0,10,0.01,0.01017989820101799,0.010092854259184497,0.0059194594756196,-0.0041733947835648965,0.58650004484439,50,4904,198,33251,4954,33449
4,371536372,1587245653,2019921348,1393904558,10238,10.238,0.01,2.0,10,0.019801980198019802,0.018919810801891982,0.019109535066981875,0.019018227408621854,-9.130765836002155e-05,0.9952218796511807,97,4979,986,50859,5076,51845
4,371536372,1587245653,2019921348,1393904558,10238,10.238,0.01,5.0,10,0.04807692307692308,0.04780952190478095,0.048751248751248755,0.028306451612903225,-0.02044479713834553,0.5806302882072977,244,4761,1404,48196,5005,49600
4,371536372,1587245653,2019921348,1393904558,10238,10.238,0.01,10.0,10,0.09174311926605505,0.0923090769092309,0.0890894819466248,0.07333520651868503,-0.01575427542793978,0.8231634634784557,454,4642,3132,39576,5096,42708
4,371536372,1587245653,2019921348,1393904558,10238,10.238,0.05,1.0,50,0.05,0.04938950610493895,0.05006055712555511,0.03740022123232384,-0.012660335893231268,0.7470995805844044,248,4706,1251,32198,4954,33449
4,371536372,1587245653,2019921348,1393904558,10238,10.238,0.05,2.0,50,0.09523809523809523,0.0974790252097479,0.09749801429706116,0.09565825698424878,-0.0018397573128123845,0.9811303099239854,491,4545,4239,40075,5036,44314
4,371536372,1587245653,2019921348,1393904558,10238,10.238,0.05,5.0,50,0.20833333333333334,0.2077679223207768,0.20666932907348243,0.1950708009081928,-0.01159852816528964,0.9438788125103666,1035,3973,11255,46442,5008,57697
4,371536372,1587245653,2019921348,1393904558,10238,10.238,0.05,10.0,50,0.3448275862068966,0.34502654973450264,0.34383615596691613,0.4299595856981957,0.08612342973127957,1.2504781077751648,1746,3332,19469,25812,5078,45281
4,371536372,1587245653,2019921348,1393904558,10238,10.238,0.1,1.0,100,0.1,0.0991790082099179,0.1003229713362939,0.08469610451732489,-0.01562686681896902,0.8442344100177616,497,4457,2833,30616,4954,33449
4,371536372,1587245653,2019921348,1393904558,10238,10.238,0.1,2.0,100,0.18181818181818182,0.18209817901820982,0.18808714771137316,0.15514685560664304,-0.03294029210473012,0.8248668635494529,941,4062,6175,33626,5003,39801
4,371536372,1587245653,2019921348,1393904558,10238,10.238,0.1,5.0,100,0.35714285714285715,0.35748642513574863,0.3564415948707674,0.33374299101313465,-0.022698603857632726,0.9363188691099241,1779,3212,17380,34696,4991,52076
4,371536372,1587245653,2019921348,1393904558,10238,10.238,0.1,10.0,100,0.5263157894736842,0.5265347346526534,0.5245868190165273,0.5141958296500442,-0.010390989366483083,0.9801920502197069,2571,2330,19777,18685,4901,38462
5,324311484,1095705029,1991909492,944388054,10271,10.271,0.0,1.0,0,0.0,0.0,0.0,0.0,0.0,nan,0,4910,0,31911,4910,31911
5,324311484,1095705029,1991909492,944388054,10271,10.271,0.01,1.0,10,0.01,0.00988990110098899,0.012830957230142567,0.00993387859985585,-0.0028970786302867178,0.7742118083379717,63,4847,317,31594,4910,31911
5,324311484,1095705029,1991909492,944388054,10271,10.271,0.01,2.0,10,0.019801980198019802,0.020259797402025978,0.020994700366897677,0.02569394283355691,0.004699242466659231,1.2238299372954387,103,4803,996,37768,4906,38764
5,324311484,1095705029,1991909492,944388054,10271,10.271,0.01,5.0,10,0.04807692307692308,0.04822951770482295,0.049764890282131664,0.040563881127762255,-0.00920100915436941,0.8151104302208604,254,4850,1597,37773,5104,39370
5,324311484,1095705029,1991909492,944388054,10271,10.271,0.01,10.0,10,0.09174311926605505,0.09208907910920891,0.09837382051796828,0.12817064858990182,0.02979682807193354,1.3028938788291857,490,4491,6958,47329,4981,54287
5,324311484,1095705029,1991909492,944388054,10271,10.271,0.05,1.0,50,0.05,0.050739492605073946,0.05173116089613035,0.03346808310613895,-0.0182630777899914,0.6469617639808749,254,4656,1068,30843,4910,31911
5,324311484,1095705029,1991909492,944388054,10271,10.271,0.05,2.0,50,0.09523809523809523,0.0949990500094999,0.09716846608270524,0.09232476902484411,-0.004843697057861127,0.9501515537588254,477,4432,2828,27803,4909,30631
5,324311484,1095705029,1991909492,944388054,10271,10.271,0.05,5.0,50,0.20833333333333334,0.2053979460205398,0.22009187138006792,0.2501289637384312,0.03003709235836327,1.1364752463142693,1102,3905,8243,24712,5007,32955
5,324311484,1095705029,1991909492,944388054,10271,10.271,0.05,10.0,50,0.3448275862068966,0.34377656223437764,0.3363546798029557,0.276349148859109,-0.0600055309438467,0.8216004279203152,1707,3368,9156,23976,5075,33132
5,324311484,1095705029,1991909492,944388054,10271,10.271,0.1,1.0,100,0.1,0.1016489835101649,0.10142566191446029,0.08395224217354517,-0.01747341974091511,0.8277219057672828,498,4412,2679,29232,4910,31911
5,324311484,1095705029,1991909492,944388054,10271,10.271,0.1,2.0,100,0.18181818181818182,0.18071819281807183,0.17885843807953844,0.19125722543352602,0.012398787353987584,1.0693217915079514,868,3985,5294,22386,4853,27680
5,324311484,1095705029,1991909492,944388054,10271,10.271,0.1,5.0,100,0.35714285714285715,0.3597864021359786,0.35772690106295996,0.3494438207980406,-0.008283080264919362,0.9768452407680083,1750,3142,17121,31874,4892,48995
5,324311484,1095705029,1991909492,944388054,10271,10.271,0.1,10.0,100,0.5263157894736842,0.5236947630523695,0.5200163398692811,0.4839957468651463,-0.03602059300413479,0.9307318054405954,2546,2350,26401,28147,4896,54548
6,2121008945,1973173988,1944269170,1858624059,10201,10.201,0.0,1.0,0,0.0,0.0,0.0,0.0,0.0,nan,0,4999,0,39182,4999,39182
6,2121008945,1973173988,1944269170,1858624059,10201,10.201,0.01,1.0,10,0.01,0.010519894801051989,0.010402080416083216,0.013245878209381858,0.0028437977932986424,1.273387407090383,52,4947,519,38663,4999,39182
6,2121008945,1973173988,1944269170,1858624059,10201,10.201,0.01,2.0,10,0.019801980198019802,0.01955980440195598,0.01908697363242818,0.018488529014844806,-0.0005984446175833734,0.9686464376643432,97,4985,685,36365,5082,37050
6,2121008945,1973173988,1944269170,1858624059,10201,10.201,0.01,5.0,10,0.04807692307692308,0.04840951590484095,0.05211406096361849,0.054735292764822224,0.002621231801203737,1.050297976260834,265,4820,2380,41102,5085,43482
6,2121008945,1973173988,1944269170,1858624059,10201,10.201,0.01,10.0,10,0.09174311926605505,0.09207907920920791,0.09312063808574277,0.09040100600810395,-0.0027196320776388117,0.9707945291876688,467,4548,3882,39060,5015,42942
6,2121008945,1973173988,1944269170,1858624059,10201,10.201,0.05,1.0,50,0.05,0.05038949610503895,0.05261052210442088,0.044688887754581186,-0.007921634349839696,0.8494287067876477,263,4736,1751,37431,4999,39182
6,2121008945,1973173988,1944269170,1858624059,10201,10.201,0.05,2.0,50,0.09523809523809523,0.0944390556094439,0.09433585959313921,0.09338353752201116,-0.0009523220711280533,0.9899049833728625,473,4541,4985,48397,5014,53382
6,2121008945,1973173988,1944269170,1858624059,10201,10.201,0.05,5.0,50,0.20833333333333334,0.2072179278207218,0.21700584323997582,0.18811362522601688,-0.028892218013958942,0.8668597233024343,1077,3886,11132,48045,4963,59177
6,2121008945,1973173988,1944269170,1858624059,10201,10.201,0.05,10.0,50,0.3448275862068966,0.34349656503434967,0.3511111111111111,0.34277295083743203,-0.008338160273679063,0.9762520751699014,1738,3212,15820,30333,4950,46153
6,2121008945,1973173988,1944269170,1858624059,10201,10.201,0.1,1.0,100,0.1,0.1006889931100689,0.10762152430486097,0.0949415547955694,-0.012679969509291567,0.8821799859164525,538,4461,3720,35462,4999,39182
6,2121008945,1973173988,1944269170,1858624059,10201,10.201,0.1,2.0,100,0.18181818181818182,0.1825081749182508,0.1878375675135027,0.17896213183730716,-0.008875435676195531,0.9527494111338642,939,4060,8294,38051,4999,46345
6,2121008945,1973173988,1944269170,1858624059,10201,10.201,0.1,5.0,100,0.35714285714285715,0.3550064499355006,0.3616258218768679,0.35480125339992685,-0.006824568476941073,0.9811280941125249,1815,3204,22306,40563,5019,62869
6,2121008945,1973173988,1944269170,1858624059,10201,10.201,0.1,10.0,100,0.5263157894736842,0.5272547274527255,0.5206645056726094,0.4973825201423255,-0.023281985530283877,0.9552840931605131,2570,2366,24323,24579,4936,48902
7,1916677604,1189820944,166401295,716351159,10195,10.195,0.0,1.0,0,0.0,0.0,0.0,0.0,0.0,nan,0,5065,0,42907,5065,42907
7,1916677604,1189820944,166401295,716351159,10195,10.195,0.01,1.0,10,0.01,0.010279897201027989,0.011451135241855873,0.008297014473162887,-0.003154120768692986,0.7245582466650005,58,5007,356,42551,5065,42907
7,1916677604,1189820944,166401295,716351159,10195,10.195,0.01,2.0,10,0.019801980198019802,0.01965980340196598,0.018444266238973536,0.014126650746612193,-0.004317615492361343,0.7659101513489307,92,4896,491,34266,4988,34757
7,1916677604,1189820944,166401295,716351159,10195,10.195,0.01,5.0,10,0.04807692307692308,0.047899521004789954,0.04757064443992681,0.05939296892059102,0.011822324480664205,1.2485214278649026,234,4685,2448,38769,4919,41217
7,1916677604,1189820944,166401295,716351159,10195,10.195,0.01,10.0,10,0.09174311926605505,0.09102908970910291,0.08741537236160891,0.09040302324002625,0.0029876508784173333,1.0341776371558355,439,4583,3995,40196,5022,44191
7,1916677604,1189820944,166401295,716351159,10195,10.195,0.05,1.0,50,0.05,0.05081949180508195,0.054491609081934844,0.038618407252895795,-0.01587320182903905,0.7087037417968015,276,4789,1657,41250,5065,42907
7,1916677604,1189820944,166401295,716351159,10195,10.195,0.05,2.0,50,0.09523809523809523,0.09375906240937591,0.09580838323353294,0.11406300447396338,0.018254621240430438,1.1905326091969928,480,4530,4946,38416,5010,43362
7,1916677604,1189820944,166401295,716351159,10195,10.195,0.05,5.0,50,0.20833333333333334,0.20829791702082978,0.21285377358490565,0.19416475235621203,-0.01868902122869362,0.9121978393244754,1083,4005,9044,37535,5088,46579
7,1916677604,1189820944,166401295,716351159,10195,10.195,0.05,10.0,50,0.3448275862068966,0.34643653563464366,0.343682452348202,0.3372855534212095,-0.006396898926992467,0.9813871820243198,1749,3340,15276,30015,5089,45291
7,1916677604,1189820944,166401295,716351159,10195,10.195,0.1,1.0,100,0.1,0.10192898071019289,0.10069101678183613,0.08914629314564057,-0.011544723636195561,0.8853450485934695,510,4555,3825,39082,5065,42907
7,1916677604,1189820944,166401295,716351159,10195,10.195,0.1,2.0,100,0.18181818181818182,0.1799082009179908,0.18303747534516765,0.1860133605388937,0.0029758851937260467,1.016258338288999,928,4142,6655,29122,5070,35777
7,1916677604,1189820944,166401295,716351159,10195,10.195,0.1,5.0,100,0.35714285714285715,0.35777642223577766,0.3646288209606987,0.3914993987605217,0.026870577799822992,1.0736929618701732,1837,3201,16930,26314,5038,43244
7,1916677604,1189820944,166401295,716351159,10195,10.195,0.1,10.0,100,0.5263157894736842,0.5296347036529635,0.538873462911543,0.5834238787113076,0.0445504157997646,1.0826732412449074,2717,2325,23089,16486,5042,39575
8,1685978544,1771017367,506871175,1174460861,10329,10.329,0.0,1.0,0,0.0,0.0,0.0,0.0,0.0,nan,0,5007,0,48379,5007,48379
8,1685978544,1771017367,506871175,1174460861,10329,10.329,0.01,1.0,10,0.01,0.01049989500104999,0.011184341921310166,0.01417970607081585,0.0029953641495056842,1.2678176481531243,56,4951,686,47693,5007,48379
8,1685978544,1771017367,506871175,1174460861,10329,10.329,0.01,2.0,10,0.019801980198019802,0.01967980320196798,0.02004499897729597,0.030791509469913495,0.010746510492617524,1.536119283657215,98,4791,1616,50866,4889,52482
8,1685978544,1771017367,506871175,1174460861,10329,10.329,0.01,5.0,10,0.04807692307692308,0.04841951580484195,0.047731290512669416,0.04801006065986092,0.0002787701471915066,1.0058404066639999,243,4848,1947,38607,5091,40554
8,1685978544,1771017367,506871175,1174460861,10329,10.329,0.01,10.0,10,0.09174311926605505,0.09192908070919291,0.0947513269117358,0.0996906922795165,0.00493936536778071,1.0521297751574699,482,4605,4899,44243,5087,49142
8,1685978544,1771017367,506871175,1174460861,10329,10.329,0.05,1.0,50,0.05,0.05051949480505195,0.054723387257839026,0.04669381343144753,-0.008029573826391495,0.8532697950775832,274,4733,2259,46120,5007,48379
8,1685978544,1771017367,506871175,1174460861,10329,10.329,0.05,2.0,50,0.09523809523809523,0.0945490545094549,0.1035919825362175,0.10273057093755968,-0.0008614115986578241,0.991684572709508,522,4517,2690,23495,5039,26185
8,1685978544,1771017367,506871175,1174460861,10329,10.329,0.05,5.0,50,0.20833333333333334,0.20916790832091678,0.20657655840225944,0.23289500719128828,0.026318448789028837,1.1274028814914219,1024,3933,9068,29868,4957,38936
8,1685978544,1771017367,506871175,1174460861,10329,10.329,0.05,10.0,50,0.3448275862068966,0.34506654933450664,0.35724388765407156,0.3478702027336211,-0.009373684920450431,0.9737611048239202,1768,3181,17485,32778,4949,50263
8,1685978544,1771017367,506871175,1174460861,10329,10.329,0.1,1.0,100,0.1,0.1002789972100279,0.09906131416017576,0.0866905062113727,-0.012370807948803061,0.8751196866942401,496,4511,4194,44185,5007,48379
8,1685978544,1771017367,506871175,1174460861,10329,10.329,0.1,2.0,100,0.18181818181818182,0.1819381806181938,0.17606490872210953,0.166914687595556,-0.009150221126553532,0.9480292740162339,868,4062,8188,40867,4930,49055
8,1685978544,1771017367,506871175,1174460861,10329,10.329,0.1,5.0,100,0.35714285714285715,0.36058639413605864,0.36372929871191984,0.4515431144862908,0.08781381577437097,1.2414262917102015,1779,3112,20454,24844,4891,45298
8,1685978544,1771017367,506871175,1174460861,10329,10.329,0.1,10.0,100,0.5263157894736842,0.5243347566524335,0.5248484848484849,0.5060064765486263,-0.018842008299858604,0.9641000996596227,2598,2352,24220,23645,4950,47865
9,740747344,1958366663,1806432353,1029771407,10254,10.254,0.0,1.0,0,0.0,0.0,0.0,0.0,0.0,nan,0,4981,0,65669,4981,65669
9,740747344,1958366663,1806432353,1029771407,10254,10.254,0.01,1.0,10,0.01,0.00959990400095999,0.010841196546878137,0.0055277223651951455,-0.005313474181682992,0.5098812055747596,54,4927,363,65306,4981,65669
9,740747344,1958366663,1806432353,1029771407,10254,10.254,0.01,2.0,10,0.019801980198019802,0.02010979890201098,0.02112676056338028,0.059149038550515426,0.038022277987135145,2.7997211580577304,105,4865,3196,50837,4970,54033
9,740747344,1958366663,1806432353,1029771407,10254,10.254,0.01,5.0,10,0.04807692307692308,0.04903950960490395,0.04408493427704752,0.02546728971962617,-0.018617644557421355,0.5776869158878505,218,4727,1526,58394,4945,59920
9,740747344,1958366663,1806432353,1029771407,10254,10.254,0.01,10.0,10,0.09174311926605505,0.09283907160928391,0.09313432835820895,0.12666351583293947,0.03352918747473052,1.360008903975472,468,4557,5092,35109,5025,40201
9,740747344,1958366663,1806432353,1029771407,10254,10.254,0.05,1.0,50,0.05,0.05023949760502395,0.053402931138325636,0.11111787906013491,0.05771494792180928,2.0807449458591427,266,4715,7297,58372,4981,65669
9,740747344,1958366663,1806432353,1029771407,10254,10.254,0.05,2.0,50,0.09523809523809523,0.09611903880961191,0.10033911829243966,0.12362196061172846,0.023282842319288802,1.2320415279256356,503,4510,5618,39827,5013,45445
9,740747344,1958366663,1806432353,1029771407,10254,10.254,0.05,5.0,50,0.20833333333333334,0.2084779152208478,0.20618137454249694,0.19555328555695656,-0.01062808898554038,0.9484527202851207,1014,3904,12252,50401,4918,62653
9,740747344,1958366663,1806432353,1029771407,10254,10.254,0.05,10.0,50,0.3448275862068966,0.34770652293477067,0.35166163141993956,0.3186401490013059,-0.033021482418633674,0.9060987054934042,1746,3219,14884,31827,4965,46711
9,740747344,1958366663,1806432353,1029771407,10254,10.254,0.1,1.0,100,0.1,0.0993290067099329,0.10319213009435856,0.15401483196028568,0.05082270186592712,1.4925055992104728,514,4467,10114,55555,4981,65669
9,740747344,1958366663,1806432353,1029771407,10254,10.254,0.1,2.0,100,0.18181818181818182,0.18095819041809583,0.1781767955801105,0.19838551859099804,0.020208723010887553,1.1134194996890123,903,4165,10543,42601,5068,53144
9,740747344,1958366663,1806432353,1029771407,10254,10.254,0.1,5.0,100,0.35714285714285715,0.35822641773582264,0.35209320695102686,0.4335546167773084,0.08146140982628153,1.2313631965004428,1783,3281,17960,23465,5064,41425
9,740747344,1958366663,1806432353,1029771407,10254,10.254,0.1,10.0,100,0.5263157894736842,0.5274147258527415,0.5261133603238867,0.5364967491668032,0.010383388842916563,1.01973602958215,2599,2341,19639,16967,4940,36606
10,506514354,96537337,2093210988,956364330,10165,10.165,0.0,1.0,0,0.0,0.0,0.0,0.0,0.0,nan,0,4927,0,43338,4927,43338
10,506514354,96537337,2093210988,956364330,10165,10.165,0.01,1.0,10,0.01,0.00994990050099499,0.01177186929165821,0.018528773824357376,0.006756904532699165,1.5739873902173929,58,4869,803,42535,4927,43338
10,506514354,96537337,2093210988,956364330,10165,10.165,0.01,2.0,10,0.019801980198019802,0.01987980120198798,0.020577760189948554,0.02637019341204576,0.005792433222097205,1.2814899760046083,104,4950,1148,42386,5054,43534
10,506514354,96537337,2093210988,956364330,10165,10.165,0.01,5.0,10,0.04807692307692308,0.04749952500474995,0.04364923318914668,0.037058470030492556,-0.006590763158654124,0.8490062097976807,222,4864,1665,43264,5086,44929
10,506514354,96537337,2093210988,956364330,10165,10.165,0.01,10.0,10,0.09174311926605505,0.0927590724092759,0.08409506398537477,0.10528164257733351,0.021186578591958743,1.2519360541261182,414,4509,3897,33118,4923,37015
10,506514354,96537337,2093210988,956364330,10165,10.165,0.05,1.0,50,0.05,0.04951950480495195,0.049117109803125635,0.045733536388388944,-0.0033835734147366903,0.93111212308096,242,4685,1982,41356,4927,43338
10,506514354,96537337,2093210988,956364330,10165,10.165,0.05,2.0,50,0.09523809523809523,0.09474905250947491,0.09636619152780566,0.1212364915807992,0.024870300052993538,1.2580811761749184,480,4501,4824,34966,4981,39790
10,506514354,96537337,2093210988,956364330,10165,10.165,0.05,5.0,50,0.20833333333333334,0.2086579134208658,0.20989385139194872,0.2544357700496806,0.04454191865773188,1.2122116410859307,1048,3945,11472,33616,4993,45088
10,506514354,96537337,2093210988,956364330,10165,10.165,0.05,10.0,50,0.3448275862068966,0.34282657173428266,0.34593535749265425,0.31048835863419844,-0.035446998858455814,0.8975328826883257,1766,3339,13949,30977,5105,44926
10,506514354,96537337,2093210988,956364330,10165,10.165,0.1,1.0,100,0.1,0.0987590124098759,0.10371422772478181,0.08994415985970741,-0.013770067865074398,0.8672306763772573,511,4416,3898,39440,4927,43338
10,506514354,96537337,2093210988,956364330,10165,10.165,0.1,2.0,100,0.18181818181818182,0.1795782042179578,0.18245125348189414,0.19512360771529474,0.012672354233400601,1.0694561094624553,917,4109,5746,23702,5026,29448
10,506514354,96537337,2093210988,956364330,10165,10.165,0.1,5.0,100,0.35714285714285715,0.35704642953570465,0.34958860124423036,0.3308334432531233,-0.018755157991107052,0.9463507736683775,1742,3241,17557,35512,4983,53069
10,506514354,96537337,2093210988,956364330,10165,10.165,0.1,10.0,100,0.5263157894736842,0.5255647443525565,0.5373312152501986,0.48063845729715976,-0.0566927579530388,0.8944919700474858,2706,2330,33997,36736,5036,70733
11,1252895936,1781374035,453508379,547598160,10308,10.308,0.0,1.0,0,0.0,0.0,0.0,0.0,0.0,nan,0,5077,0,36172,5077,36172
11,1252895936,1781374035,453508379,547598160,10308,10.308,0.01,1.0,10,0.01,0.00969990300096999,0.00846956864289935,0.0034557116001326994,-0.005013857042766651,0.4080150649738073,43,5034,125,36047,5077,36172
11,1252895936,1781374035,453508379,547598160,10308,10.308,0.01,2.0,10,0.019801980198019802,0.01986980130198698,0.02197802197802198,0.027782298374909913,0.005804276396887933,1.264094576058401,108,4806,1195,41818,4914,43013
11,1252895936,1781374035,453508379,547598160,10308,10.308,0.01,5.0,10,0.04807692307692308,0.04803951960480395,0.04778901447551061,0.030159696529761627,-0.01762931794574898,0.6311010356829373,241,4802,1932,62127,5043,64059
11,1252895936,1781374035,453508379,547598160,10308,10.308,0.01,10.0,10,0.09174311926605505,0.0909690903090969,0.08712046040881127,0.0700526985280756,-0.01706776188073568,0.804090086293788,439,4600,3855,51175,5039,55030
11,1252895936,1781374035,453508379,547598160,10308,10.308,0.05,1.0,50,0.05,0.05031949680503195,0.04687807760488477,0.06300453389361937,0.016126456288734603,1.3440084814197715,238,4839,2279,33893,5077,36172
11,1252895936,1781374035,453508379,547598160,10308,10.308,0.05,2.0,50,0.09523809523809523,0.0949790502094979,0.09181437960565625,0.10515858767205266,0.013344208066396412,1.1453389776602525,461,4560,4393,37382,5021,41775
11,1252895936,1781374035,453508379,547598160,10308,10.308,0.05,5.0,50,0.20833333333333334,0.2088479115208848,0.21251499400239904,0.22960088014180063,0.017085886139401596,1.0803984971489058,1063,3939,7513,25209,5002,32722
11,1252895936,1781374035,453508379,547598160,10308,10.308,0.05,10.0,50,0.3448275862068966,0.34495655043449563,0.33883475840127264,0.3452869260483453,0.006452167647072682,1.0190422248222586,1704,3325,17341,32881,5029,50222
11,1252895936,1781374035,453508379,547598160,10308,10.308,0.1,1.0,100,0.1,0.1003289967100329,0.09631672247390191,0.10198496074311622,0.00566823826921431,1.058849991191822,489,4588,3689,32483,5077,36172
11,1252895936,1781374035,453508379,547598160,10308,10.308,0.1,2.0,100,0.18181818181818182,0.18098819011809883,0.1861463015937883,0.18172515102498926,-0.004421150568799048,0.9762490550124011,911,3983,11010,49576,4894,60586
11,1252895936,1781374035,453508379,547598160,10308,10.308,0.1,5.0,100,0.35714285714285715,0.3574464255357446,0.3749245320990139,0.42947137156436355,0.05454683946534966,1.1454875176077952,1863,3106,19157,25449,4969,44606
11,1252895936,1781374035,453508379,547598160,10308,10.308,0.1,10.0,100,0.5263157894736842,0.5250547494525055,0.5186372745490982,0.5856138269931374,0.0669765524440391,1.129139488676876,2588,2402,20736,14673,4990,35409
12,1902963570,593402330,104636275,58341444,10231,10.231,0.0,1.0,0,0.0,0.0,0.0,0.0,0.0,nan,0,4962,0,44531,4962,44531
12,1902963570,593402330,104636275,58341444,10231,10.231,0.01,1.0,10,0.01,0.00998990010099899,0.008061265618702136,0.0033235274303294333,-0.004737738188372703,0.4122835777323662,40,4922,148,44383,4962,44531
12,1902963570,593402330,104636275,58341444,10231,10.231,0.01,2.0,10,0.019801980198019802,0.01999980000199998,0.01810310901219992,0.017916421424367276,-0.00018668758783264502,0.9896875399851576,92,4990,761,41714,5082,42475
12,1902963570,593402330,104636275,58341444,10231,10.231,0.01,5.0,10,0.04807692307692308,0.04816951830481695,0.047503537497473214,0.04629427329886146,-0.0012092641986117536,0.9745437021679475,235,4712,1907,39286,4947,41193
12,1902963570,593402330,104636275,58341444,10231,10.231,0.01,10.0,10,0.09174311926605505,0.0920490795092049,0.09094575519257915,0.08077473751193127,-0.010171017680647876,0.8881639098041401,451,4508,4062,46226,4959,50288
12,1902963570,593402330,104636275,58341444,10231,10.231,0.05,1.0,50,0.05,0.04858951410485895,0.045949214026602174,0.043565156857020955,-0.002384057169581219,0.9481153873883246,228,4734,1940,42591,4962,44531
12,1902963570,593402330,104636275,58341444,10231,10.231,0.05,2.0,50,0.09523809523809523,0.0958490415095849,0.09337527029683507,0.08071846348403415,-0.012656806812800916,0.864452260512172,475,4612,4085,46523,5087,50608
12,1902963570,593402330,104636275,58341444,10231,10.231,0.05,5.0,50,0.20833333333333334,0.2088179118208818,0.20991767934143474,0.21631345490389353,0.006395775562458794,1.03046801766542,1071,4031,8778,31802,5102,40580
12,1902963570,593402330,104636275,58341444,10231,10.231,0.05,10.0,50,0.3448275862068966,0.34593654063459367,0.33774699531472807,0.3803953976225288,0.042648402307800704,1.1262732249270166,1658,3251,17952,29241,4909,47193
12,1902963570,593402330,104636275,58341444,10231,10.231,0.1,1.0,100,0.1,0.0989690103098969,0.0981459089076985,0.09993038557409445,0.0017844766663959455,1.0181818751923135,487,4475,4450,40081,4962,44531
12,1902963570,593402330,104636275,58341444,10231,10.231,0.1,2.0,100,0.18181818181818182,0.1807581924180758,0.17725287812624058,0.17234330684518487,-0.004909571281055708,0.9723018811713788,893,4145,6745,32392,5038,39137
12,1902963570,593402330,104636275,58341444,10231,10.231,0.1,5.0,100,0.35714285714285715,0.3598364016359836,0.36695447409733123,0.4137049577325829,0.046750483635251694,1.127401317970718,1870,3226,18450,26147,5096,44597
12,1902963570,593402330,104636275,58341444,10231,10.231,0.1,10.0,100,0.5263157894736842,0.5262047379526205,0.5304131599081867,0.5667514004613284,0.03633824055314172,1.068509311796547,2773,2455,24079,18407,5228,42486
13,1333099144,1752229242,814891589,1623148903,10189,10.189,0.0,1.0,0,0.0,0.0,0.0,0.0,0.0,nan,0,4867,0,40276,4867,40276
13,1333099144,1752229242,814891589,1623148903,10189,10.189,0.01,1.0,10,0.01,0.01006989930100699,0.011711526607766592,0.007448604628066342,-0.00426292197970025,0.6360062934175243,57,4810,300,39976,4867,40276
13,1333099144,1752229242,814891589,1623148903,10189,10.189,0.01,2.0,10,0.019801980198019802,0.02035979640203598,0.02138289368505196,0.046875,0.02549210631494804,2.1921728971962615,107,4897,1812,36844,5004,38656
13,1333099144,1752229242,814891589,1623148903,10189,10.189,0.01,5.0,10,0.04807692307692308,0.04710952890471095,0.050099800399201595,0.035312601311753414,-0.014787199087448182,0.7048451496887833,251,4759,1416,38683,5010,40099
13,1333099144,1752229242,814891589,1623148903,10189,10.189,0.01,10.0,10,0.09174311926605505,0.0921790782092179,0.09118236472945891,0.07095944678041491,-0.020222917949044003,0.7782145921632316,455,4535,4084,53470,4990,57554
13,1333099144,1752229242,814891589,1623148903,10189,10.189,0.05,1.0,50,0.05,0.04988950110498895,0.04807889870556811,0.06035852616943092,0.01227962746386281,1.2554057558402576,234,4633,2431,37845,4867,40276
13,1333099144,1752229242,814891589,1623148903,10189,10.189,0.05,2.0,50,0.09523809523809523,0.0951490485095149,0.09118664766944841,0.10557041231887858,0.01438376464943017,1.1577398118809161,448,4465,6040,51173,4913,57213
13,1333099144,1752229242,814891589,1623148903,10189,10.189,0.05,5.0,50,0.20833333333333334,0.2091079089209108,0.20582914572864322,0.1985537091135482,-0.007275436615095027,0.964653030117092,1024,3951,8292,33470,4975,41762
13,1333099144,1752229242,814891589,1623148903,10189,10.189,0.05,10.0,50,0.3448275862068966,0.34510654893451065,0.3297725024727992,0.2526900027240534,-0.07708249974874581,0.7662555271566226,1667,3388,14842,43894,5055,58736
13,1333099144,1752229242,814891589,1623148903,10189,10.189,0.1,1.0,100,0.1,0.0994490055099449,0.10006163961372509,0.10696196245903268,0.006900322845307588,1.0689607213308254,487,4380,4308,35968,4867,40276
13,1333099144,1752229242,814891589,1623148903,10189,10.189,0.1,2.0,100,0.18181818181818182,0.1813281867181328,0.17973726114649682,0.2127273452456924,0.03299008409919557,1.1835461600380492,903,4121,10667,39477,5024,50144
13,1333099144,1752229242,814891589,1623148903,10189,10.189,0.1,5.0,100,0.35714285714285715,0.3580464195358046,0.35424133811230585,0.3096053210739962,-0.04463601703830966,0.8739954594905053,1779,3243,12661,28233,5022,40894
13,1333099144,1752229242,814891589,1623148903,10189,10.189,0.1,10.0,100,0.5263157894736842,0.5262247377526225,0.5271183169272341,0.4638545559068698,-0.0632637610203643,0.8799818579837029,2731,2450,19365,22383,5181,41748
14,1502157319,2084073645,939317761,2107716982,10245,10.245,0.0,1.0,0,0.0,0.0,0.0,0.0,0.0,nan,0,5010,0,59641,5010,59641
14,1502157319,2084073645,939317761,2107716982,10245,10.245,0.01,1.0,10,0.01,0.00988990110098899,0.008383233532934131,0.004107912342180714,-0.004275321190753417,0.4900152579601281,42,4968,245,59396,5010,59641
14,1502157319,2084073645,939317761,2107716982,10245,10.245,0.01,2.0,10,0.019801980198019802,0.01969980300196998,0.020520113774888257,0.012201358953751735,-0.008318754821136523,0.5946048393105549,101,4821,668,54080,4922,54748
14,1502157319,2084073645,939317761,2107716982,10245,10.245,0.01,5.0,10,0.04807692307692308,0.04897951020489795,0.050038940809968846,0.050864657761209485,0.000825716951240639,1.0165014873991125,257,4879,2456,45829,5136,48285
14,1502157319,2084073645,939317761,2107716982,10245,10.245,0.01,10.0,10,0.09174311926605505,0.0916990830091699,0.08737466748516472,0.06636132315521628,-0.021013344329948433,0.7595030123174286,427,4460,3912,55038,4887,58950
14,1502157319,2084073645,939317761,2107716982,10245,10.245,0.05,1.0,50,0.05,0.05055949440505595,0.05229540918163673,0.040609647725557925,-0.011685761456078803,0.7765432637597145,262,4748,2422,57219,5010,59641
14,1502157319,2084073645,939317761,2107716982,10245,10.245,0.05,2.0,50,0.09523809523809523,0.09670903290967091,0.09040444091990484,0.07492478294507006,-0.015479657974834776,0.8287732569625732,456,4588,4358,53807,5044,58165
14,1502157319,2084073645,939317761,2107716982,10245,10.245,0.05,5.0,50,0.20833333333333334,0.2080879191208088,0.20691747572815533,0.19099183016048593,-0.0159256455676694,0.9230338302184189,1023,3921,9842,41689,4944,51531
14,1502157319,2084073645,939317761,2107716982,10245,10.245,0.05,10.0,50,0.3448275862068966,0.3435865641343587,0.3530113297555158,0.3854184135502264,0.03240708379471058,1.0918018235198135,1776,3255,18386,29318,5031,47704
14,1502157319,2084073645,939317761,2107716982,10245,10.245,0.1,1.0,100,0.1,0.1006489935100649,0.10219560878243512,0.09761741084153519,-0.0045781979408999335,0.9552016178048659,512,4498,5822,53819,5010,59641
14,1502157319,2084073645,939317761,2107716982,10245,10.245,0.1,2.0,100,0.18181818181818182,0.18205817941820582,0.18183656957928804,0.17712642612002596,-0.004710143459262073,0.9740968306311549,899,4045,9548,44357,4944,53905
14,1502157319,2084073645,939317761,2107716982,10245,10.245,0.1,5.0,100,0.35714285714285715,0.3555764442355576,0.36717361248271774,0.3234740692192224,-0.043699543263495344,0.8809839765771507,1859,3204,15300,31999,5063,47299
14,1502157319,2084073645,939317761,2107716982,10245,10.245,0.1,10.0,100,0.5263157894736842,0.5262947370526295,0.5183576786419266,0.5583278410695791,0.0399701624276525,1.0771092318577637,2626,2440,23720,18764,5066,42484
15,943190730,1603547288,258471579,1317470266,10059,10.059,0.0,1.0,0,0.0,0.0,0.0,0.0,0.0,nan,0,5036,0,40970,5036,40970
15,943190730,1603547288,258471579,1317470266,10059,10.059,0.01,1.0,10,0.01,0.01015989840101599,0.007744241461477363,0.012155235538198682,0.004410994076721319,1.5695837479581682,39,4997,498,40472,5036,40970
15,943190730,1603547288,258471579,1317470266,10059,10.059,0.01,2.0,10,0.019801980198019802,0.02000979990200098,0.021203554119547656,0.017115501390987532,-0.004088052728560124,0.8071996465540026,105,4847,1212,69601,4952,70813
15,943190730,1603547288,258471579,1317470266,10059,10.059,0.01,5.0,10,0.04807692307692308,0.047529524704752954,0.04734885540990021,0.07153980200956583,0.02419094659966562,1.5109087936813677,242,4869,3859,50083,5111,53942
15,943190730,1603547288,258471579,1317470266,10059,10.059,0.01,10.0,10,0.09174311926605505,0.09123908760912391,0.0920999596936719,0.06776456102548317,-0.024335398668188735,0.73577188579529,457,4505,3082,42399,4962,45481
15,943190730,1603547288,258471579,1317470266,10059,10.059,0.05,1.0,50,0.05,0.04989950100498995,0.04805401111993646,0.037100317305345375,-0.010953693814591083,0.7720545369823112,242,4794,1520,39450,5036,40970
15,943190730,1603547288,258471579,1317470266,10059,10.059,0.05,2.0,50,0.09523809523809523,0.09564904350956491,0.09731816334823243,0.07986992612031833,-0.017448237227914096,0.8207093452279892,479,4443,2800,32257,4922,35057
15,943190730,1603547288,258471579,1317470266,10059,10.059,0.05,5.0,50,0.20833333333333334,0.20653793462065378,0.21057884231536927,0.18698437463064085,-0.02359446768472842,0.8879542340279721,1055,3955,7910,34393,5010,42303
15,943190730,1603547288,258471579,1317470266,10059,10.059,0.05,10.0,50,0.3448275862068966,0.34687653123468765,0.35498700779532283,0.3327219634626059,-0.02226504433271692,0.9372792698217439,1776,3227,13787,27650,5003,41437
15,943190730,1603547288,258471579,1317470266,10059,10.059,0.1,1.0,100,0.1,0.1006389936100639,0.10146942017474186,0.10405174517939957,0.002582325004657701,1.0254492930008927,511,4525,4263,36707,5036,40970
15,943190730,1603547288,258471579,1317470266,10059,10.059,0.1,2.0,100,0.18181818181818182,0.18090819091809082,0.18051921915878447,0.18822560898383078,0.007706389825046317,1.0426901349394149,897,4072,8917,38457,4969,47374
15,943190730,1603547288,258471579,1317470266,10059,10.059,0.1,5.0,100,0.35714285714285715,0.35713642863571365,0.35701348359830953,0.35627179456168995,-0.0007416890366195861,0.9979225181381269,1774,3195,17675,31936,4969,49611
15,943190730,1603547288,258471579,1317470266,10059,10.059,0.1,10.0,100,0.5263157894736842,0.5301346986530134,0.5407640803465932,0.544844561947306,0.0040804816007128375,1.0075457704182156,2746,2332,29882,24963,5078,54845
16,1619001051,88199783,468718653,1065860094,10251,10.251,0.0,1.0,0,0.0,0.0,0.0,0.0,0.0,nan,0,4910,0,40912,4910,40912
16,1619001051,88199783,468718653,1065860094,10251,10.251,0.01,1.0,10,0.01,0.01007989920100799,0.008961303462321792,0.01412788423934298,0.0051665807770211875,1.5765434457994099,44,4866,578,40334,4910,40912
16,1619001051,88199783,468718653,1065860094,10251,10.251,0.01,2.0,10,0.019801980198019802,0.02005979940200598,0.018871712507528608,0.022666472104674353,0.0037947595971457443,1.2010818888657762,94,4887,932,40186,4981,41118
16,1619001051,88199783,468718653,1065860094,10251,10.251,0.01,5.0,10,0.04807692307692308,0.048509514904850955,0.05066124109867752,0.046950114272204274,-0.003711126826473246,0.9267462315176064,249,4666,2383,48373,4915,50756
16,1619001051,88199783,468718653,1065860094,10251,10.251,0.01,10.0,10,0.09174311926605505,0.09196908030919691,0.08491710473109583,0.06136891212729035,-0.02354819260380548,0.7226919985275668,420,4526,2723,41648,4946,44371
16,1619001051,88199783,468718653,1065860094,10251,10.251,0.05,1.0,50,0.05,0.04886951130488695,0.04643584521384929,0.0372506843957763,-0.009185160818072989,0.802196756066937,228,4682,1524,39388,4910,40912
16,1619001051,88199783,468718653,1065860094,10251,10.251,0.05,2.0,50,0.09523809523809523,0.09594904050959491,0.09429523622819055,0.08482225656877898,-0.009472979659411573,0.8995391491836623,481,4620,4116,44409,5101,48525
16,1619001051,88199783,468718653,1065860094,10251,10.251,0.05,5.0,50,0.20833333333333334,0.2079579204207958,0.20545746388443017,0.20449430539453045,-0.0009631584898997236,0.9953121270374412,1024,3960,11994,46658,4984,58652
16,1619001051,88199783,468718653,1065860094,10251,10.251,0.05,10.0,50,0.3448275862068966,0.34394656053439465,0.34310207336523124,0.31995540691192864,-0.0231466664533026,0.9325370837130936,1721,3295,8897,18910,5016,27807
16,1619001051,88199783,468718653,1065860094,10251,10.251,0.1,1.0,100,0.1,0.0990590094099059,0.10814663951120163,0.09122017989831835,-0.016926459612883277,0.8434860325814371,531,4379,3732,37180,4910,40912
16,1619001051,88199783,468718653,1065860094,10251,10.251,0.1,2.0,100,0.18181818181818182,0.18382816171838282,0.1783452098178939,0.2064426049665902,0.028097395148696303,1.1575449947738221,901,4151,8280,31828,5052,40108
16,1619001051,88199783,468718653,1065860094,10251,10.251,0.1,5.0,100,0.35714285714285715,0.35606643933560667,0.3488977955911824,0.4288574582231691,0.07995966263198673,1.2291778957688764,1741,3249,16707,22250,4990,38957
16,1619001051,88199783,468718653,1065860094,10251,10.251,0.1,10.0,100,0.5263157894736842,0.5264347356526434,0.5294117647058824,0.48816398410943196,-0.0412477805964504,0.9220875255400381,2601,2312,23839,24995,4913,48834
17,2095206080,1351970783,1716090267,1594584142,10233,10.233,0.0,1.0,0,0.0,0.0,0.0,0.0,0.0,nan,0,5093,0,51866,5093,51866
17,2095206080,1351970783,1716090267,1594584142,10233,10.233,0.01,1.0,10,0.01,0.01009989900100999,0.011388179854702533,0.010083677168086993,-0.0013045026866155395,0.8854511692597768,58,5035,523,51343,5093,51866
17,2095206080,1351970783,1716090267,1594584142,10233,10.233,0.01,2.0,10,0.019801980198019802,0.01938980610193898,0.02150753768844221,0.017631174882194102,-0.0038763628062481077,0.819767243354352,107,4868,666,37108,4975,37774
17,2095206080,1351970783,1716090267,1594584142,10233,10.233,0.01,5.0,10,0.04807692307692308,0.04792952070479295,0.05067567567567568,0.03884271099744246,-0.011832964678233221,0.7664961636828644,255,4777,1701,42091,5032,43792
17,2095206080,1351970783,1716090267,1594584142,10233,10.233,0.01,10.0,10,0.09174311926605505,0.09122908770912291,0.08940129449838188,0.09498801233017468,0.005586717831792792,1.062490346064216,442,4502,4160,39635,4944,43795
17,2095206080,1351970783,1716090267,1594584142,10233,10.233,0.05,1.0,50,0.05,0.04988950110498895,0.05026506970351463,0.037789688813480896,-0.012475380890033735,0.7518081450275711,256,4837,1960,49906,5093,51866
17,2095206080,1351970783,1716090267,1594584142,10233,10.233,0.05,2.0,50,0.09523809523809523,0.0959890401095989,0.08844221105527639,0.07120563257603252,-0.01723657847924387,0.8051091410585495,440,4535,3924,51184,4975,55108
17,2095206080,1351970783,1716090267,1594584142,10233,10.233,0.05,5.0,50,0.20833333333333334,0.2091279087209128,0.2094084954346963,0.1891279116845259,-0.020280583750170417,0.9031530038546365,1055,3983,7007,30042,5038,37049
17,2095206080,1351970783,1716090267,1594584142,10233,10.233,0.05,10.0,50,0.3448275862068966,0.34506654933450664,0.3441804751447395,0.28971652235796463,-0.05446395278677485,0.8417575756908613,1724,3285,12213,29942,5009,42155
17,2095206080,1351970783,1716090267,1594584142,10233,10.233,0.1,1.0,100,0.1,0.1000289997100029,0.10347535833496957,0.1270967493155439,0.023621390980574336,1.2282803496471824,527,4566,6592,45274,5093,51866
17,2095206080,1351970783,1716090267,1594584142,10233,10.233,0.1,2.0,100,0.18181818181818182,0.1828981710182898,0.1850800729779039,0.20367430256293945,0.018594229585035538,1.1004658647787298,913,4020,12572,49154,4933,61726
17,2095206080,1351970783,1716090267,1594584142,10233,10.233,0.1,5.0,100,0.35714285714285715,0.3568164318356816,0.3471123417721519,0.34253137705497616,-0.004580964717175728,0.9868026452364441,1755,3301,19377,37193,5056,56570
17,2095206080,1351970783,1716090267,1594584142,10233,10.233,0.1,10.0,100,0.5263157894736842,0.5255647443525565,0.5246471671098384,0.5078482237073514,-0.016798943402487,0.9679804934523357,2565,2324,23101,22387,4889,45488
18,299726,648046976,1271296286,93653058,10257,10.257,0.0,1.0,0,0.0,0.0,0.0,0.0,0.0,nan,0,5030,0,36222,5030,36222
18,299726,648046976,1271296286,93653058,10257,10.257,0.01,1.0,10,0.01,0.00968990310096899,0.010337972166998012,0.006046049362266027,-0.004291922804731985,0.5848390056191946,52,4978,219,36003,5030,36222
18,299726,648046976,1271296286,93653058,10257,10.257,0.01,2.0,10,0.019801980198019802,0.02016979830201698,0.019660045054269916,0.019725880984565087,6.583593029517096e-05,1.0033487171628261,96,4787,1255,62367,4883,63622
18,299726,648046976,1271296286,93653058,10257,10.257,0.01,5.0,10,0.04807692307692308,0.04773952260477395,0.048751007252215955,0.05711977844449573,0.008368771192279773,1.1716635545391603,242,4722,2475,40855,4964,43330
18,299726,648046976,1271296286,93653058,10257,10.257,0.01,10.0,10,0.09174311926605505,0.0926490735092649,0.08715236976106541,0.08388277402513523,-0.003269595735930178,0.9624841442075067,445,4661,3117,34042,5106,37159
18,299726,648046976,1271296286,93653058,10257,10.257,0.05,1.0,50,0.05,0.04928950710492895,0.04671968190854871,0.057119982331179944,0.010400300422631237,1.2226106856418515,235,4795,2069,34153,5030,36222
18,299726,648046976,1271296286,93653058,10257,10.257,0.05,2.0,50,0.09523809523809523,0.09522904770952291,0.09041482078131292,0.11885066357428166,0.028435842792968735,1.3145042211801397,449,4517,4612,34193,4966,38805
18,299726,648046976,1271296286,93653058,10257,10.257,0.05,5.0,50,0.20833333333333334,0.2088279117208828,0.21371046945590258,0.2815243045426821,0.06781383508677954,1.3173163919363922,1088,4003,10616,27093,5091,37709
18,299726,648046976,1271296286,93653058,10257,10.257,0.05,10.0,50,0.3448275862068966,0.34808651913480865,0.3486417822943131,0.3357125607105482,-0.01292922158376486,0.9629154558048628,1784,3333,12511,24756,5117,37267
18,299726,648046976,1271296286,93653058,10257,10.257,0.1,1.0,100,0.1,0.09863901360986391,0.09542743538767395,0.09974601071172216,0.00431857532404821,1.0452550705832553,480,4550,3613,32609,5030,36222
18,299726,648046976,1271296286,93653058,10257,10.257,0.1,2.0,100,0.18181818181818182,0.18236817631823682,0.18026796589524968,0.17601470694254198,-0.0042532589527077,0.9764059081069391,888,4038,9766,45718,4926,55484
18,299726,648046976,1271296286,93653058,10257,10.257,0.1,5.0,100,0.35714285714285715,0.3603963960360396,0.3484306714342471,0.41537966537966536,0.06694899394541826,1.1921443760098265,1754,3280,15492,21804,5034,37296
18,299726,648046976,1271296286,93653058,10257,10.257,0.1,10.0,100,0.5263157894736842,0.5261047389526105,0.5084579071597167,0.5202388136908355,0.01178090653111874,1.0231698757463086,2585,2499,24137,22259,5084,46396
19,412174899,1250674395,904324063,475938414,10177,10.177,0.0,1.0,0,0.0,0.0,0.0,0.0,0.0,nan,0,5004,0,59475,5004,59475
19,412174899,1250674395,904324063,475938414,10177,10.177,0.01,1.0,10,0.01,0.01047989520104799,0.011590727418065548,0.010828079024800336,-0.0007626483932652115,0.9342018524155324,58,4946,644,58831,5004,59475
19,412174899,1250674395,904324063,475938414,10177,10.177,0.01,2.0,10,0.019801980198019802,0.02063979360206398,0.025881393927043,0.019585253456221197,-0.006296140470821804,0.7567310134620269,127,4780,1207,60421,4907,61628
19,412174899,1250674395,904324063,475938414,10177,10.177,0.01,5.0,10,0.04807692307692308,0.04852951470485295,0.04783735299980068,0.04959087036633448,0.0017535173665337994,1.036655819282917,240,4777,2503,47970,5017,50473
19,412174899,1250674395,904324063,475938414,10177,10.177,0.01,10.0,10,0.09174311926605505,0.0924690753092469,0.09213930348258706,0.07958749672269642,-0.012551806759890635,0.8637735875411438,463,4562,2732,31595,5025,34327
19,412174899,1250674395,904324063,475938414,10177,10.177,0.05,1.0,50,0.05,0.05044949550504495,0.049160671462829736,0.0371416561580496,-0.012019015304780133,0.7555156398978871,246,4758,2209,57266,5004,59475
19,412174899,1250674395,904324063,475938414,10177,10.177,0.05,2.0,50,0.09523809523809523,0.0954690453095469,0.09895203546956872,0.08816705336426914,-0.010784982105299587,0.8910079812494979,491,4471,2850,29475,4962,32325
19,412174899,1250674395,904324063,475938414,10177,10.177,0.05,5.0,50,0.20833333333333334,0.20708792912070878,0.20190553415771337,0.1800394652733387,-0.021866068884374673,0.8917014881459636,996,3937,12956,59006,4933,71962
19,412174899,1250674395,904324063,475938414,10177,10.177,0.05,10.0,50,0.3448275862068966,0.34511654883451165,0.33951876019575855,0.30048834278512915,-0.0390304174106294,0.8850419417527168,1665,3239,15260,35524,4904,50784
19,412174899,1250674395,904324063,475938414,10177,10.177,0.1,1.0,100,0.1,0.1006989930100699,0.09832134292565947,0.10300126103404791,0.004679918108388442,1.0475981914926338,492,4512,6126,53349,5004,59475
19,412174899,1250674395,904324063,475938414,10177,10.177,0.1,2.0,100,0.18181818181818182,0.18298817011829882,0.17355371900826447,0.13004070665142675,-0.043513012356837716,0.749282166896316,861,4100,6485,43384,4961,49869
19,412174899,1250674395,904324063,475938414,10177,10.177,0.1,5.0,100,0.35714285714285715,0.35638643613563864,0.35321471896482004,0.3512691509621671,-0.001945568002652942,0.9944918263645556,1747,3199,12358,22823,4946,35181
19,412174899,1250674395,904324063,475938414,10177,10.177,0.1,10.0,100,0.5263157894736842,0.5264347356526434,0.531486648066959,0.453084710151848,-0.07840193791511102,0.8524855926291612,2667,2351,18977,22907,5018,41884
20,570655263,259640012,114634243,1298803230,10325,10.325,0.0,1.0,0,0.0,0.0,0.0,0.0,0.0,nan,0,5032,0,61693,5032,61693
20,570655263,259640012,114634243,1298803230,10325,10.325,0.01,1.0,10,0.01,0.01004989950100499,0.008942766295707472,0.01126545961454298,0.0023226933188355073,1.2597287284528949,45,4987,695,60998,5032,61693
20,570655263,259640012,114634243,1298803230,10325,10.325,0.01,2.0,10,0.019801980198019802,0.01931980680193198,0.020097560975609757,0.02667707841499292,0.006579517439383162,1.3273789017168807,103,5022,1469,53597,5125,55066
20,570655263,259640012,114634243,1298803230,10325,10.325,0.01,5.0,10,0.04807692307692308,0.04851951480485195,0.0489593657086224,0.08210978392162126,0.033150418212998856,1.6771006473059886,247,4798,3059,34196,5045,37255
20,570655263,259640012,114634243,1298803230,10325,10.325,0.01,10.0,10,0.09174311926605505,0.09242907570924291,0.09659430392352121,0.09332434254888738,-0.0032699613746338257,0.9661474720370383,485,4536,4152,40338,5021,44490
20,570655263,259640012,114634243,1298803230,10325,10.325,0.05,1.0,50,0.05,0.04943950560494395,0.04848966613672496,0.03361807660512538,-0.014871589531599581,0.693303940479471,244,4788,2074,59619,5032,61693
20,570655263,259640012,114634243,1298803230,10325,10.325,0.05,2.0,50,0.09523809523809523,0.09519904800951991,0.08983356727491477,0.1553411698590362,0.06550760258412143,1.729210745729941,448,4539,6634,36072,4987,42706
20,570655263,259640012,114634243,1298803230,10325,10.325,0.05,5.0,50,0.20833333333333334,0.2084679153208468,0.20659515295987285,0.21562639180505186,0.009031238845179007,1.0437146695640684,1040,3994,10167,36984,5034,47151
20,570655263,259640012,114634243,1298803230,10325,10.325,0.05,10.0,50,0.3448275862068966,0.34548654513454863,0.34777303233679074,0.3711453520324045,0.023372319695613764,1.0672056701422998,1710,3207,18234,30895,4917,49129
20,570655263,259640012,114634243,1298803230,10325,10.325,0.1,1.0,100,0.1,0.0999790002099979,0.09399841017488077,0.08569853954257371,-0.008299870632307055,0.911702010524801,473,4559,5287,56406,5032,61693
20,570655263,259640012,114634243,1298803230,10325,10.325,0.1,2.0,100,0.18181818181818182,0.1807781922180778,0.1834697544420044,0.2024168291674053,0.018947074725400914,1.103270834928763,919,4090,6851,26995,5009,33846
20,570655263,259640012,114634243,1298803230,10325,10.325,0.1,5.0,100,0.35714285714285715,0.35778642213577866,0.3483704292527822,0.3517504682322432,0.0033800389794609864,1.0097024279205065,1753,3279,14649,26997,5032,41646
20,570655263,259640012,114634243,1298803230,10325,10.325,0.1,10.0,100,0.5263157894736842,0.5256947430525695,0.5223196492626544,0.4883911170993432,-0.03392853216331121,0.9350425889372393,2621,2397,20299,21264,5018,41563
21,1489728226,312760727,172210595,382781186,10162,10.162,0.0,1.0,0,0.0,0.0,0.0,0.0,0.0,nan,0,4979,0,36009,4979,36009
21,1489728226,312760727,172210595,382781186,10162,10.162,0.01,1.0,10,0.01,0.01010989890101099,0.01004217714400482,0.0034991252186953262,-0.006543051925309493,0.34844288927768063,50,4929,126,35883,4979,36009
21,1489728226,312760727,172210595,382781186,10162,10.162,0.01,2.0,10,0.019801980198019802,0.02022979770202298,0.017928286852589643,0.033602179140686514,0.01567389228809687,1.8742548809582922,90,4930,1579,45412,5020,46991
21,1489728226,312760727,172210595,382781186,10162,10.162,0.01,5.0,10,0.04807692307692308,0.04786952130478695,0.047590481903619274,0.022035723902701733,-0.02555475800091754,0.46302796318240075,238,4763,982,43582,5001,44564
21,1489728226,312760727,172210595,382781186,10162,10.162,0.01,10.0,10,0.09174311926605505,0.0908190918090819,0.08987663990601136,0.047514443248467805,-0.04236219665754355,0.5286628794551744,459,4648,2163,43360,5107,45523
21,1489728226,312760727,172210595,382781186,10162,10.162,0.05,1.0,50,0.05,0.050809491905080946,0.051817634063064874,0.031464356133188924,-0.02035327792987595,0.6072132914230529,258,4721,1133,34876,4979,36009
21,1489728226,312760727,172210595,382781186,10162,10.162,0.05,2.0,50,0.09523809523809523,0.09327906720932791,0.0864669213754273,0.11390795272655513,0.027441031351127826,1.3173587183933924,430,4543,5195,40412,4973,45607
21,1489728226,312760727,172210595,382781186,10162,10.162,0.05,5.0,50,0.20833333333333334,0.20592794072059278,0.20430107526881722,0.16242329637205297,-0.04187777889676425,0.7950192927684697,1007,3922,6035,31121,4929,37156
21,1489728226,312760727,172210595,382781186,10162,10.162,0.05,10.0,50,0.3448275862068966,0.34699653003469966,0.3479882237487733,0.28052208835341363,-0.06746613539535967,0.8061252341571588,1773,3322,16764,42996,5095,59760
21,1489728226,312760727,172210595,382781186,10162,10.162,0.1,1.0,100,0.1,0.1012289877101229,0.10243020686884917,0.06987142103363048,-0.03255878583521869,0.6821368731891101,510,4469,2516,33493,4979,36009
21,1489728226,312760727,172210595,382781186,10162,10.162,0.1,2.0,100,0.18181818181818182,0.18207817921820782,0.18317126413971027,0.1328374705021358,-0.05033379363757448,0.725209115774932,923,4116,4447,29030,5039,33477
21,1489728226,312760727,172210595,382781186,10162,10.162,0.1,5.0,100,0.35714285714285715,0.35514644853551464,0.35902516346344365,0.3116652352888915,-0.047359928174552146,0.8680874406749644,1812,3235,10524,23243,5047,33767
21,1489728226,312760727,172210595,382781186,10162,10.162,0.1,10.0,100,0.5263157894736842,0.5265747342526574,0.5151823925005095,0.45740913327120225,-0.057773259229307206,0.8878586301272902,2528,2379,24540,29110,4907,53650
22,932438464,1115376772,811878723,444850776,10402,10.402,0.0,1.0,0,0.0,0.0,0.0,0.0,0.0,nan,0,4925,0,36360,4925,36360
22,932438464,1115376772,811878723,444850776,10402,10.402,0.01,1.0,10,0.01,0.010259897401025989,0.009746192893401015,0.0035753575357535755,-0.00617083535764744,0.36684658049138247,48,4877,130,36230,4925,36360
22,932438464,1115376772,811878723,444850776,10402,10.402,0.01,2.0,10,0.019801980198019802,0.01920980790192098,0.018958291758132108,0.013349419077342705,-0.005608872680789403,0.7041467262796242,95,4916,509,37620,5011,38129
22,932438464,1115376772,811878723,444850776,10402,10.402,0.01,5.0,10,0.04807692307692308,0.04855951440485595,0.04624394184168013,0.0545417598049177,0.008297817963237565,1.1794357840783949,229,4723,2684,46526,4952,49210
22,932438464,1115376772,811878723,444850776,10402,10.402,0.01,10.0,10,0.09174311926605505,0.09108908910910891,0.08800315706393054,0.07483118195599246,-0.013171975107938078,0.8503238344236992,446,4622,3258,40280,5068,43538
22,932438464,1115376772,811878723,444850776,10402,10.402,0.05,1.0,50,0.05,0.05035949640503595,0.05157360406091371,0.03855885588558856,-0.01301474817532515,0.7476471072304081,254,4671,1402,34958,4925,36360
22,932438464,1115376772,811878723,444850776,10402,10.402,0.05,2.0,50,0.09523809523809523,0.09489905100948991,0.09558974358974359,0.09416195856873823,-0.001427785021005365,0.9850634077738173,466,4409,3550,34151,4875,37701
22,932438464,1115376772,811878723,444850776,10402,10.402,0.05,5.0,50,0.20833333333333334,0.2082179178208218,0.20641282565130262,0.17234677916291416,-0.03406604648838846,0.8349615806047976,1030,3960,10908,52383,4990,63291
22,932438464,1115376772,811878723,444850776,10402,10.402,0.05,10.0,50,0.3448275862068966,0.34735652643473564,0.33775227542540565,0.31972115749125984,-0.0180311179341458,0.946614370217239,1707,3347,15181,32301,5054,47482
22,932438464,1115376772,811878723,444850776,10402,10.402,0.1,1.0,100,0.1,0.10102898971010289,0.10375634517766498,0.10979097909790979,0.0060346339202448085,1.0581615891530445,511,4414,3992,32368,4925,36360
22,932438464,1115376772,811878723,444850776,10402,10.402,0.1,2.0,100,0.18181818181818182,0.18262817371826282,0.17272173736553684,0.1814232409381663,0.008701503572629471,1.0503787404257878,851,4076,6807,30713,4927,37520
22,932438464,1115376772,811878723,444850776,10402,10.402,0.1,5.0,100,0.35714285714285715,0.36009639903600965,0.3626922308767725,0.374219883277671,0.01152765240089848,1.0317835658432262,1816,3191,11093,18550,5007,29643
22,932438464,1115376772,811878723,444850776,10402,10.402,0.1,10.0,100,0.5263157894736842,0.5256847431525685,0.5233346629437575,0.5536094674556213,0.030274804511863818,1.0578497979506423,2624,2390,23390,18860,5014,42250
23,340984472,244382419,1241527055,47020221,10342,10.342,0.0,1.0,0,0.0,0.0,0.0,0.0,0.0,nan,0,4964,0,38437,4964,38437
23,340984472,244382419,1241527055,47020221,10342,10.342,0.01,1.0,10,0.01,0.00951990480095199,0.007453666398066076,0.0035382574082264487,-0.003915408989839627,0.4747002641739484,37,4927,136,38301,4964,38437
23,340984472,244382419,1241527055,47020221,10342,10.342,0.01,2.0,10,0.019801980198019802,0.02031979680203198,0.01779644071185763,0.011387676847811714,-0.006408763864045914,0.6398850777068132,89,4912,689,59815,5001,60504
23,340984472,244382419,1241527055,47020221,10342,10.342,0.01,5.0,10,0.04807692307692308,0.04815951840481595,0.045732952225398124,0.04393463662824009,-0.001798315597158033,0.9606779027014284,224,4674,1917,41716,4898,43633
23,340984472,244382419,1241527055,47020221,10342,10.342,0.01,10.0,10,0.09174311926605505,0.0923290767092329,0.0875970535536532,0.0861223111605458,-0.001474742393107395,0.9831644749077763,440,4583,4336,46011,5023,50347
23,340984472,244382419,1241527055,47020221,10342,10.342,0.05,1.0,50,0.05,0.05090949090509095,0.0443190975020145,0.07391315659390692,0.029594059091892416,1.6677495878734272,220,4744,2841,35596,4964,38437
23,340984472,244382419,1241527055,47020221,10342,10.342,0.05,2.0,50,0.09523809523809523,0.0949990500094999,0.0890302066772655,0.14320761114546143,0.05417740446819594,1.6085283466159865,448,4584,7180,42957,5032,50137
23,340984472,244382419,1241527055,47020221,10342,10.342,0.05,5.0,50,0.20833333333333334,0.2092979070209298,0.19485066941297632,0.171990171990172,-0.022860497422804327,0.8826768340510412,946,3909,6860,33026,4855,39886
23,340984472,244382419,1241527055,47020221,10342,10.342,0.05,10.0,50,0.3448275862068966,0.34345656543434566,0.34441995592065716,0.30230815347721823,-0.04211180244343893,0.8777312356048844,1719,3272,10085,23275,4991,33360
23,340984472,244382419,1241527055,47020221,10342,10.342,0.1,1.0,100,0.1,0.1001389986100139,0.09649476228847703,0.16931602362307152,0.07282126133459449,1.7546654306157141,479,4485,6508,31929,4964,38437
23,340984472,244382419,1241527055,47020221,10342,10.342,0.1,2.0,100,0.18181818181818182,0.1831981680183198,0.18265107212475634,0.21029921942758023,0.02764814730282389,1.151371393450893,937,4193,9699,36421,5130,46120
23,340984472,244382419,1241527055,47020221,10342,10.342,0.1,5.0,100,0.35714285714285715,0.3579464205357946,0.3476075593084037,0.33222542128884747,-0.015382138019556235,0.9557485514694779,1729,3245,15693,31543,4974,47236
23,340984472,244382419,1241527055,47020221,10342,10.342,0.1,10.0,100,0.5263157894736842,0.5266847331526685,0.5278287461773701,0.5235098814229249,-0.004318864754445206,0.9918176780144636,2589,2316,16556,15069,4905,31625
24,1504888931,2098693957,1631480379,465320965,10277,10.277,0.0,1.0,0,0.0,0.0,0.0,0.0,0.0,nan,0,5184,0,62124,5184,62124
24,1504888931,2098693957,1631480379,465320965,10277,10.277,0.01,1.0,10,0.01,0.00961990380096199,0.011381172839506173,0.014632026270040564,0.003250853430534391,1.2856343082015302,59,5125,909,61215,5184,62124
24,1504888931,2098693957,1631480379,465320965,10277,10.277,0.01,2.0,10,0.019801980198019802,0.019259807401925982,0.022143139580862,0.0147723623428275,-0.0073707772380345,0.6671304350894777,112,4946,598,39883,5058,40481
24,1504888931,2098693957,1631480379,465320965,10277,10.277,0.01,5.0,10,0.04807692307692308,0.04871951280487195,0.045666734321087886,0.04443885465140653,-0.0012278796696813532,0.9731121638554665,225,4702,2120,45586,4927,47706
24,1504888931,2098693957,1631480379,465320965,10277,10.277,0.01,10.0,10,0.09174311926605505,0.09152908470915291,0.09158415841584158,0.08371160433317552,-0.007872554082666058,0.9140402202865652,444,4404,3006,32903,4848,35909
24,1504888931,2098693957,1631480379,465320965,10277,10.277,0.05,1.0,50,0.05,0.04932950670493295,0.050540123456790126,0.04610134569570536,-0.004438777761084763,0.912173191169987,262,4922,2864,59260,5184,62124
24,1504888931,2098693957,1631480379,465320965,10277,10.277,0.05,2.0,50,0.09523809523809523,0.09314906850931491,0.08814770696843359,0.06376717920805552,-0.024380527760378065,0.7234127965562516,444,4593,3749,55043,5037,58792
24,1504888931,2098693957,1631480379,465320965,10277,10.277,0.05,5.0,50,0.20833333333333334,0.20623793762062378,0.20487707375574654,0.17481805257909144,-0.0300590211766551,0.8532826507836044,1025,3978,8239,38890,5003,47129
24,1504888931,2098693957,1631480379,465320965,10277,10.277,0.05,10.0,50,0.3448275862068966,0.34099659003409966,0.33610210696920584,0.2711702023658227,-0.06493190460338316,0.8068089926930083,1659,3277,13869,37276,4936,51145
24,1504888931,2098693957,1631480379,465320965,10277,10.277,0.1,1.0,100,0.1,0.0981390186098139,0.09857253086419752,0.09186465778121176,-0.00670787308298576,0.9319498746336631,511,4673,5707,56417,5184,62124
24,1504888931,2098693957,1631480379,465320965,10277,10.277,0.1,2.0,100,0.18181818181818182,0.18071819281807183,0.1812053115423902,0.1242463557963825,-0.05695895574600769,0.6856661912325731,887,4008,4884,34425,4895,39309
24,1504888931,2098693957,1631480379,465320965,10277,10.277,0.1,5.0,100,0.35714285714285715,0.35889641103588965,0.36133440514469456,0.2833650529320804,-0.07796935221261414,0.7842182999944561,1798,3178,9529,24099,4976,33628
24,1504888931,2098693957,1631480379,465320965,10277,10.277,0.1,10.0,100,0.5263157894736842,0.5249547504524955,0.532604293236128,0.462684514531952,-0.06991977870417604,0.8687209630261516,2630,2308,20186,23442,4938,43628
25,1941860795,1863823949,1857177730,1660649778,10273,10.273,0.0,1.0,0,0.0,0.0,0.0,0.0,0.0,nan,0,5096,0,39997,5096,39997
25,1941860795,1863823949,1857177730,1660649778,10273,10.273,0.01,1.0,10,0.01,0.00996990030099699,0.011185243328100471,0.010475785683926294,-0.0007094576441741777,0.9365719972857612,57,5039,419,39578,5096,39997
25,1941860795,1863823949,1857177730,1660649778,10273,10.273,0.01,2.0,10,0.019801980198019802,0.01984980150198498,0.020608039175678432,0.01576178846515123,-0.004846250710527203,0.764836883838675,101,4800,839,52391,4901,53230
25,1941860795,1863823949,1857177730,1660649778,10273,10.273,0.01,5.0,10,0.04807692307692308,0.04861951380486195,0.048737174427782165,0.06687120405735396,0.018134029629571793,1.3720779844642503,247,4821,3204,44709,5068,47913
25,1941860795,1863823949,1857177730,1660649778,10273,10.273,0.01,10.0,10,0.09174311926605505,0.0924990750092499,0.09337349397590361,0.08864589780620315,-0.004727596169700463,0.9493689700535305,465,4515,3867,39756,4980,43623
25,1941860795,1863823949,1857177730,1660649778,10273,10.273,0.05,1.0,50,0.05,0.05044949550504495,0.05121664050235479,0.04155311648373628,-0.00966352401861851,0.8113206191613797,261,4835,1662,38335,5096,39997
25,1941860795,1863823949,1857177730,1660649778,10273,10.273,0.05,2.0,50,0.09523809523809523,0.0956090439095609,0.09562073121735637,0.17662763564506295,0.08100690442770658,1.8471688450443768,476,4502,8402,39167,4978,47569
25,1941860795,1863823949,1857177730,1660649778,10273,10.273,0.05,5.0,50,0.20833333333333334,0.2081879181208188,0.21450030042058882,0.24975921716685287,0.03525891674626405,1.1643770040281012,1071,3922,12966,38948,4993,51914
25,1941860795,1863823949,1857177730,1660649778,10273,10.273,0.05,10.0,50,0.3448275862068966,0.34348656513434866,0.3450589670597804,0.32122180391660604,-0.023837163143174356,0.9309185808260864,1697,3221,20307,42911,4918,63218
25,1941860795,1863823949,1857177730,1660649778,10273,10.273,0.1,1.0,100,0.1,0.1013489865101349,0.10361067503924647,0.08083106232967473,-0.02277961270957174,0.7801422227879212,528,4568,3233,36764,5096,39997
25,1941860795,1863823949,1857177730,1660649778,10273,10.273,0.1,2.0,100,0.18181818181818182,0.18182818171818282,0.17358034635521546,0.20847550019179908,0.03489515383658362,1.2010317099216639,862,4104,10326,39205,4966,49531
25,1941860795,1863823949,1857177730,1660649778,10273,10.273,0.1,5.0,100,0.35714285714285715,0.35720642793572066,0.36326048434731245,0.40599084045055084,0.04273035610323839,1.1176300697281019,1845,3234,16400,23995,5079,40395
25,1941860795,1863823949,1857177730,1660649778,10273,10.273,0.1,10.0,100,0.5263157894736842,0.5274647253527465,0.5299198025909932,0.4694879692870854,-0.060431833303907834,0.885960417013231,2577,2286,21034,23768,4863,44802
26,1547060142,2118319168,710754626,1934725687,10215,10.215,0.0,1.0,0,0.0,0.0,0.0,0.0,0.0,nan,0,4987,0,50118,4987,50118
26,1547060142,2118319168,710754626,1934725687,10215,10.215,0.01,1.0,10,0.01,0.00966990330096699,0.008221375576498897,0.0076020591404285884,-0.0006193164360703083,0.9246699739833505,41,4946,381,49737,4987,50118
26,1547060142,2118319168,710754626,1934725687,10215,10.215,0.01,2.0,10,0.019801980198019802,0.02006979930200698,0.022355289421157686,0.030903874786650687,0.008548585365493001,1.3823965417957138,112,4898,851,26686,5010,27537
26,1547060142,2118319168,710754626,1934725687,10215,10.215,0.01,5.0,10,0.04807692307692308,0.04695953040469595,0.04601286800545915,0.1179163901791639,0.07190352217370474,2.5626829035124223,236,4893,5331,39879,5129,45210
26,1547060142,2118319168,710754626,1934725687,10215,10.215,0.01,10.0,10,0.09174311926605505,0.0925990740092599,0.09267326732673267,0.06872806194903673,-0.02394520537769594,0.7416169077834092,468,4582,2565,34756,5050,37321
26,1547060142,2118319168,710754626,1934725687,10215,10.215,0.05,1.0,50,0.05,0.04956950430495695,0.050130338881090836,0.04351729917394948,-0.0066130397071413535,0.8680830839219443,250,4737,2181,47937,4987,50118
26,1547060142,2118319168,710754626,1934725687,10215,10.215,0.05,2.0,50,0.09523809523809523,0.09316906830931691,0.0954464108172599,0.1328610287848646,0.037414617967604716,1.3919960703314251,480,4549,6545,42717,5029,49262
26,1547060142,2118319168,710754626,1934725687,10215,10.215,0.05,5.0,50,0.20833333333333334,0.2065679343206568,0.20574826560951437,0.20723865226483026,0.001490386655315895,1.0072437386089295,1038,4007,13181,50422,5045,63603
26,1547060142,2118319168,710754626,1934725687,10215,10.215,0.05,10.0,50,0.3448275862068966,0.3442765572344277,0.33446147720485764,0.3283205841446453,-0.006140893060212316,0.9816394608086628,1680,3343,15108,30908,5023,46016
26,1547060142,2118319168,710754626,1934725687,10215,10.215,0.1,1.0,100,0.1,0.0997990020099799,0.09705233607379186,0.07993136198571371,-0.017120974088078153,0.8235902938486658,484,4503,4006,46112,4987,50118
26,1547060142,2118319168,710754626,1934725687,10215,10.215,0.1,2.0,100,0.18181818181818182,0.18231817681823181,0.16603396603396603,0.19118626331811264,0.025152297284146613,1.1514888663142644,831,4174,8039,34009,5005,42048
26,1547060142,2118319168,710754626,1934725687,10215,10.215,0.1,5.0,100,0.35714285714285715,0.35866641333586663,0.3571570774437587,0.3290494665373424,-0.02810761090641628,0.921301822974956,1794,3229,16284,33204,5023,49488
26,1547060142,2118319168,710754626,1934725687,10215,10.215,0.1,10.0,100,0.5263157894736842,0.5267047329526705,0.5307228915662651,0.4358974358974359,-0.09482545566882916,0.8213277452778021,2643,2337,24735,32010,4980,56745
27,240571604,1657949388,1387948581,1017997520,10236,10.236,0.0,1.0,0,0.0,0.0,0.0,0.0,0.0,nan,0,5096,0,46060,5096,46060
27,240571604,1657949388,1387948581,1017997520,10236,10.236,0.01,1.0,10,0.01,0.00977990220097799,0.012558869701726845,0.02346938775510204,0.010910518053375196,1.86875,64,5032,1081,44979,5096,46060
27,240571604,1657949388,1387948581,1017997520,10236,10.236,0.01,2.0,10,0.019801980198019802,0.01977980220197798,0.01697284345047923,0.01108401684770561,-0.0058888266027736225,0.653044192627173,85,4923,500,44610,5008,45110
27,240571604,1657949388,1387948581,1017997520,10236,10.236,0.01,5.0,10,0.04807692307692308,0.047899521004789954,0.04794520547945205,0.06870949635148237,0.020764290872030314,1.4330837810452037,238,4726,2693,36501,4964,39194
27,240571604,1657949388,1387948581,1017997520,10236,10.236,0.01,10.0,10,0.09174311926605505,0.0903790962090379,0.08796764408493428,0.09672373337968193,0.008756089294747652,1.0995376127874188,435,4510,4452,41576,4945,46028
27,240571604,1657949388,1387948581,1017997520,10236,10.236,0.05,1.0,50,0.05,0.05030949690503095,0.052982731554160126,0.041424229266174555,-0.011558502287985571,0.7818439716312057,270,4826,1908,44152,5096,46060
27,240571604,1657949388,1387948581,1017997520,10236,10.236,0.05,2.0,50,0.09523809523809523,0.0956990430095699,0.09540990178392464,0.08813082087935889,-0.007279080904565749,0.9237072801830283,476,4513,4069,42101,4989,46170
27,240571604,1657949388,1387948581,1017997520,10236,10.236,0.05,5.0,50,0.20833333333333334,0.20622793772062278,0.21420233463035018,0.22793892048806966,0.013736585857719474,1.0641290202621962,1101,4039,9658,32713,5140,42371
27,240571604,1657949388,1387948581,1017997520,10236,10.236,0.05,10.0,50,0.3448275862068966,0.34609653903460963,0.3465725806451613,0.3627334235453315,0.016160842900170225,1.0466304716607588,1719,3241,13403,23547,4960,36950
27,240571604,1657949388,1387948581,1017997520,10236,10.236,0.1,1.0,100,0.1,0.0993190068099319,0.10478806907378337,0.08226226660877117,-0.022525802465012193,0.7850346641166627,534,4562,3789,42271,5096,46060
27,240571604,1657949388,1387948581,1017997520,10236,10.236,0.1,2.0,100,0.18181818181818182,0.17974820251797483,0.17488879902951882,0.17180450452069815,-0.0030842945088206675,0.9823642535946508,865,4081,9558,46075,4946,55633
27,240571604,1657949388,1387948581,1017997520,10236,10.236,0.1,5.0,100,0.35714285714285715,0.35584644153558465,0.3460764587525151,0.34906776763878294,0.0029913088862678627,1.0086434913748554,1720,3250,13274,24753,4970,38027
27,240571604,1657949388,1387948581,1017997520,10236,10.236,0.1,10.0,100,0.5263157894736842,0.5263547364526354,0.5210017747978702,0.5249122654997617,0.0039104907018914226,1.007505714742351,2642,2429,24231,21931,5071,46162
28,1193795466,1456735872,532578292,1971406028,10251,10.251,0.0,1.0,0,0.0,0.0,0.0,0.0,0.0,nan,0,4962,0,33120,4962,33120
28,1193795466,1456735872,532578292,1971406028,10251,10.251,0.01,1.0,10,0.01,0.01015989840101599,0.00947198710197501,0.009420289855072464,-5.169724690254514e-05,0.9945420906567994,47,4915,312,32808,4962,33120
28,1193795466,1456735872,532578292,1971406028,10251,10.251,0.01,2.0,10,0.019801980198019802,0.02049979500204998,0.018954509177972863,0.016615064640400842,-0.002339444537572021,0.876575831344095,95,4917,703,41608,5012,42311
28,1193795466,1456735872,532578292,1971406028,10251,10.251,0.01,5.0,10,0.04807692307692308,0.04870951290487095,0.04686860417519443,0.07803304929146462,0.031164445116270194,1.66493222200042,229,4657,3315,39167,4886,42482
28,1193795466,1456735872,532578292,1971406028,10251,10.251,0.01,10.0,10,0.09174311926605505,0.0916990830091699,0.08482053338680569,0.08295982565072577,-0.0018607077360799223,0.9780630035937812,423,4564,4035,44603,4987,48638
28,1193795466,1456735872,532578292,1971406028,10251,10.251,0.05,1.0,50,0.05,0.050439495605043946,0.049576783555018135,0.0617451690821256,0.012168385527107466,1.2454452397784848,246,4716,2045,31075,4962,33120
28,1193795466,1456735872,532578292,1971406028,10251,10.251,0.05,2.0,50,0.09523809523809523,0.09568904310956891,0.09848036313400434,0.11351586266840503,0.015035499534400698,1.1526751024865898,499,4568,5224,40796,5067,46020
28,1193795466,1456735872,532578292,1971406028,10251,10.251,0.05,5.0,50,0.20833333333333334,0.20739792602073978,0.2136210651356167,0.20039256253149784,-0.01322850260411887,0.9380749150570858,1079,3972,7555,30146,5051,37701
28,1193795466,1456735872,532578292,1971406028,10251,10.251,0.05,10.0,50,0.3448275862068966,0.34465655343446566,0.3515810276679842,0.3698269558859371,0.0182459282179529,1.0518967941443742,1779,3281,15174,25856,5060,41030
28,1193795466,1456735872,532578292,1971406028,10251,10.251,0.1,1.0,100,0.1,0.1010089899101009,0.09834744054816606,0.10132850241545893,0.0029810618672928696,1.0303115348063672,488,4474,3356,29764,4962,33120
28,1193795466,1456735872,532578292,1971406028,10251,10.251,0.1,2.0,100,0.18181818181818182,0.18249817501824983,0.18292189397005262,0.1720063025210084,-0.01091559144904422,0.940326490109318,904,4038,7205,34683,4942,41888
28,1193795466,1456735872,532578292,1971406028,10251,10.251,0.1,5.0,100,0.35714285714285715,0.3549864501354986,0.36303030303030304,0.33677983916306126,-0.02625046386724178,0.9276907088798849,1797,3153,13778,27133,4950,40911
28,1193795466,1456735872,532578292,1971406028,10251,10.251,0.1,10.0,100,0.5263157894736842,0.5244547554524455,0.5296593186372746,0.5589178927384908,0.02925857410121624,1.0552403650265112,2643,2347,29441,23234,4990,52675
29,658632477,401663494,674270626,2102547212,10217,10.217,0.0,1.0,0,0.0,0.0,0.0,0.0,0.0,nan,0,4885,0,37090,4885,37090
29,658632477,401663494,674270626,2102547212,10217,10.217,0.01,1.0,10,0.01,0.01003989960100399,0.009825997952917094,0.0052035589107576165,-0.004622439042159477,0.5295705266468949,48,4837,193,36897,4885,37090
29,658632477,401663494,674270626,2102547212,10217,10.217,0.01,2.0,10,0.019801980198019802,0.018879811201887982,0.021830562787903064,0.02023076923076923,-0.0015997935571338343,0.9267177134791813,109,4884,526,25474,4993,26000
29,658632477,401663494,674270626,2102547212,10217,10.217,0.01,5.0,10,0.04807692307692308,0.04665953340466596,0.04444005530317993,0.025673002494194547,-0.018767052808985385,0.5776996072360311,225,4838,1194,45314,5063,46508
29,658632477,401663494,674270626,2102547212,10217,10.217,0.01,10.0,10,0.09174311926605505,0.0917290827091729,0.09078212290502793,0.08083818284212502,-0.009943940062902917,0.8904636756147924,455,4557,3445,39171,5012,42616
29,658632477,401663494,674270626,2102547212,10217,10.217,0.05,1.0,50,0.05,0.05013949860501395,0.04994882292732856,0.05513615529792397,0.005187332370595411,1.1038529452063877,244,4641,2045,35045,4885,37090
29,658632477,401663494,674270626,2102547212,10217,10.217,0.05,2.0,50,0.09523809523809523,0.0971290287097129,0.09591226321036889,0.11311944882543372,0.017207185615064832,1.1794054799574847,481,4534,5451,42737,5015,48188
29,658632477,401663494,674270626,2102547212,10217,10.217,0.05,5.0,50,0.20833333333333334,0.2074679253207468,0.2064439140811456,0.25150812064965195,0.04506420656850635,1.2182878907769268,1038,3990,11924,35486,5028,47410
29,658632477,401663494,674270626,2102547212,10217,10.217,0.05,10.0,50,0.3448275862068966,0.34525654743452566,0.3515810276679842,0.4028530245042,0.051271996836215805,1.1458326610406138,1779,3281,16210,24028,5060,40238
29,658632477,401663494,674270626,2102547212,10217,10.217,0.1,1.0,100,0.1,0.0985490145098549,0.1007164790174002,0.1132650310056619,0.0125485519882617,1.1245928383387367,492,4393,4201,32889,4885,37090
29,658632477,401663494,674270626,2102547212,10217,10.217,0.1,2.0,100,0.18181818181818182,0.18301816981830182,0.18318670576735094,0.17079849751605478,-0.012388208251296162,0.9323738685108006,937,4178,7048,34217,5115,41265
29,658632477,401663494,674270626,2102547212,10217,10.217,0.1,5.0,100,0.35714285714285715,0.3568364316356836,0.3554850228129339,0.3867944287359933,0.031309405923059364,1.0880751759253027,1792,3249,14774,23422,5041,38196
29,658632477,401663494,674270626,2102547212,10217,10.217,0.1,10.0,100,0.5263157894736842,0.5278147218527814,0.52189855367692,0.5192588518651975,-0.0026397018117224613,0.9949421170203959,2562,2347,27380,25349,4909,52729
30,361595229,1092928766,1855070567,1234322566,10233,10.233,0.0,1.0,0,0.0,0.0,0.0,0.0,0.0,nan,0,4951,0,65470,4951,65470
30,361595229,1092928766,1855070567,1234322566,10233,10.233,0.01,1.0,10,0.01,0.01034989650103499,0.009695011108866896,0.010982129219489843,0.0012871181106229469,1.1327608701186294,48,4903,719,64751,4951,65470
30,361595229,1092928766,1855070567,1234322566,10233,10.233,0.01,2.0,10,0.019801980198019802,0.02041979580204198,0.019592321393231745,0.024681633188919524,0.005089311795687779,1.2597605303394985,99,4954,940,37145,5053,38085
30,361595229,1092928766,1855070567,1234322566,10233,10.233,0.01,5.0,10,0.04807692307692308,0.04863951360486395,0.046850393700787404,0.048027304863678844,0.0011769111628914392,1.0251206248213802,238,4842,2364,46858,5080,49222
30,361595229,1092928766,1855070567,1234322566,10233,10.233,0.01,10.0,10,0.09174311926605505,0.09226907730922691,0.08903561424569828,0.09188247011952191,0.002846855873823634,1.0319743497918439,445,4553,3690,36470,4998,40160
30,361595229,1092928766,1855070567,1234322566,10233,10.233,0.05,1.0,50,0.05,0.05108948910510895,0.051302767117753986,0.052100198564227894,0.0007974314464739077,1.0155436342184736,254,4697,3411,62059,4951,65470
30,361595229,1092928766,1855070567,1234322566,10233,10.233,0.05,2.0,50,0.09523809523809523,0.0973690263097369,0.10017713048612478,0.06487293558413065,-0.03530419490199413,0.647582290182648,509,4572,2129,30689,5081,32818
30,361595229,1092928766,1855070567,1234322566,10233,10.233,0.05,5.0,50,0.20833333333333334,0.2084279157208428,0.20767539476314212,0.17864527852622344,-0.029030116236918674,0.8602139831248276,1039,3964,5702,26216,5003,31918
30,361595229,1092928766,1855070567,1234322566,10233,10.233,0.05,10.0,50,0.3448275862068966,0.3442365576344237,0.3475755166931638,0.38272133604539127,0.03514581935222749,1.101117074316986,1749,3283,17875,28830,5032,46705
30,361595229,1092928766,1855070567,1234322566,10233,10.233,0.1,1.0,100,0.1,0.10102898971010289,0.09977782266208847,0.10633878112112417,0.006560958459035704,1.0657556788070561,494,4457,6962,58508,4951,65470
30,361595229,1092928766,1855070567,1234322566,10233,10.233,0.1,2.0,100,0.18181818181818182,0.18182818171818282,0.18391735871987036,0.1783766578249337,-0.005540700894936662,0.969873964407156,908,4029,8406,38719,4937,47125
30,361595229,1092928766,1855070567,1234322566,10233,10.233,0.1,5.0,100,0.35714285714285715,0.35929640703592963,0.3546085232903865,0.3304884391697007,-0.02412008412068578,0.9319810931308777,1789,3256,13979,28319,5045,42298
30,361595229,1092928766,1855070567,1234322566,10233,10.233,0.1,10.0,100,0.5263157894736842,0.5234447655523444,0.5115291262135923,0.5237018949407705,0.012172768727178207,1.0237968242732973,2529,2415,25951,23602,4944,49553
31,1303914238,1754440525,1360141923,722888444,10133,10.133,0.0,1.0,0,0.0,0.0,0.0,0.0,0.0,nan,0,5011,0,54481,5011,54481
31,1303914238,1754440525,1360141923,722888444,10133,10.133,0.01,1.0,10,0.01,0.00989990100098999,0.010576731191378965,0.005598281969861053,-0.004978449221517913,0.5293017160561082,53,4958,305,54176,5011,54481
31,1303914238,1754440525,1360141923,722888444,10133,10.133,0.01,2.0,10,0.019801980198019802,0.01954980450195498,0.019936204146730464,0.0304345332543157,0.010498329107585237,1.5265961880364753,100,4916,1592,50717,5016,52309
31,1303914238,1754440525,1360141923,722888444,10133,10.133,0.01,5.0,10,0.04807692307692308,0.048509514904850955,0.05242678681138644,0.05884230487598806,0.006415518064601618,1.122370994958788,256,4627,3134,50127,4883,53261
31,1303914238,1754440525,1360141923,722888444,10133,10.133,0.01,10.0,10,0.09174311926605505,0.0916990830091699,0.08907125700560449,0.0661437514141338,-0.022927505591470693,0.7425936675618257,445,4551,2631,37146,4996,39777
31,1303914238,1754440525,1360141923,722888444,10133,10.133,0.05,1.0,50,0.05,0.04938950610493895,0.051486729195769305,0.03346120665920229,-0.018025522536567015,0.6498996378653592,258,4753,1823,52658,5011,54481
31,1303914238,1754440525,1360141923,722888444,10133,10.133,0.05,2.0,50,0.09523809523809523,0.09435905640943591,0.09005025125628141,0.06572089703942388,-0.02432935421685753,0.7298246936855665,448,4527,3039,43202,4975,46241
31,1303914238,1754440525,1360141923,722888444,10133,10.133,0.05,5.0,50,0.20833333333333334,0.2095779042209578,0.2111838191552647,0.19944692138382528,-0.011736897771439436,0.9444233094259445,1065,3978,7068,28370,5043,35438
31,1303914238,1754440525,1360141923,722888444,10133,10.133,0.05,10.0,50,0.3448275862068966,0.34372656273437263,0.3398334348974203,0.23525279751694847,-0.10458063738047182,0.6922591286168185,1673,3250,14401,46814,4923,61215
31,1303914238,1754440525,1360141923,722888444,10133,10.133,0.1,1.0,100,0.1,0.0992090079099209,0.10776292157254042,0.07413593729924194,-0.03362698427329848,0.6879540403824098,540,4471,4039,50442,5011,54481
31,1303914238,1754440525,1360141923,722888444,10133,10.133,0.1,2.0,100,0.18181818181818182,0.18244817551824483,0.17848460291734197,0.1615133548349717,-0.01697124808237027,0.9049147780538256,881,4055,8363,43416,4936,51779
31,1303914238,1754440525,1360141923,722888444,10133,10.133,0.1,5.0,100,0.35714285714285715,0.3561364386356136,0.3662000405761818,0.3144725539638117,-0.05172748661237009,0.8587452734003478,1805,3124,11349,24740,4929,36089
31,1303914238,1754440525,1360141923,722888444,10133,10.133,0.1,10.0,100,0.5263157894736842,0.5262647373526265,0.5323826500297089,0.49142487824019576,-0.0409577717895131,0.9230670424980463,2688,2361,21290,22033,5049,43323
32,62831229,75979754,57517079,598333392,10148,10.148,0.0,1.0,0,0.0,0.0,0.0,0.0,0.0,nan,0,4936,0,43896,4936,43896
32,62831229,75979754,57517079,598333392,10148,10.148,0.01,1.0,10,0.01,0.009629903700962991,0.0074959481361426255,0.010479314743940222,0.0029833666077975964,1.3979972317861875,37,4899,460,43436,4936,43896
32,62831229,75979754,57517079,598333392,10148,10.148,0.01,2.0,10,0.019801980198019802,0.02000979990200098,0.01967146623402961,0.024394264051425744,0.004722797817396134,1.240083670490519,97,4834,888,35514,4931,36402
32,62831229,75979754,57517079,598333392,10148,10.148,0.01,5.0,10,0.04807692307692308,0.04897951020489795,0.05802393994725096,0.02658332567331556,-0.0314406142739354,0.45814409875444895,286,4643,1446,52949,4929,54395
32,62831229,75979754,57517079,598333392,10148,10.148,0.01,10.0,10,0.09174311926605505,0.0917090829091709,0.09099960175228992,0.11029574452393244,0.019296142771642516,1.212046452952273,457,4565,2991,24127,5022,27118
32,62831229,75979754,57517079,598333392,10148,10.148,0.05,1.0,50,0.05,0.04915950840491595,0.05186385737439222,0.05813741570985967,0.006273558335467451,1.1209620466557317,256,4680,2552,41344,4936,43896
32,62831229,75979754,57517079,598333392,10148,10.148,0.05,2.0,50,0.09523809523809523,0.0949990500094999,0.09610655737704918,0.09908883826879271,0.00298228089174353,1.0310309824130244,469,4411,5655,51415,4880,57070
32,62831229,75979754,57517079,598333392,10148,10.148,0.05,5.0,50,0.20833333333333334,0.20684793152068479,0.1981404958677686,0.21182872577057515,0.013688229902806548,1.0690834543582728,959,3881,10666,39686,4840,50352
32,62831229,75979754,57517079,598333392,10148,10.148,0.05,10.0,50,0.3448275862068966,0.34671653283467163,0.34334763948497854,0.3376102053883662,-0.005737434096612315,0.9832897231936166,1680,3213,13709,26897,4893,40606
32,62831229,75979754,57517079,598333392,10148,10.148,0.1,1.0,100,0.1,0.0991390086099139,0.1043354943273906,0.13721067978859122,0.03287518546120062,1.3150910979349248,515,4421,6023,37873,4936,43896
32,62831229,75979754,57517079,598333392,10148,10.148,0.1,2.0,100,0.18181818181818182,0.18130818691813083,0.18056112224448898,0.18753726893261777,0.006976146688128793,1.0386359289386933,901,4089,10693,46325,4990,57018
32,62831229,75979754,57517079,598333392,10148,10.148,0.1,5.0,100,0.35714285714285715,0.3556464435355646,0.3478349673202614,0.3896947893698503,0.04185982204958888,1.1203439158865456,1703,3193,13432,21036,4896,34468
32,62831229,75979754,57517079,598333392,10148,10.148,0.1,10.0,100,0.5263157894736842,0.5267647323526765,0.5140887897830935,0.5166461159062885,0.002557326123195036,1.0049744833461045,2536,2397,33101,30968,4933,64069
33,825852196,429972640,1374293398,1632490341,10239,10.239,0.0,1.0,0,0.0,0.0,0.0,0.0,0.0,nan,0,5000,0,58365,5000,58365
33,825852196,429972640,1374293398,1632490341,10239,10.239,0.01,1.0,10,0.01,0.00998990010099899,0.0082,0.023524372483508953,0.015324372483508953,2.8688259126230427,41,4959,1373,56992,5000,58365
33,825852196,429972640,1374293398,1632490341,10239,10.239,0.01,2.0,10,0.019801980198019802,0.01995980040199598,0.021984551396316103,0.02966259533005274,0.007678043933736636,1.3492472416345611,111,4938,1513,49494,5049,51007
33,825852196,429972640,1374293398,1632490341,10239,10.239,0.01,5.0,10,0.04807692307692308,0.04860951390486095,0.05103448275862069,0.043150552218562295,-0.007883930540058398,0.8455175772556125,259,4816,2227,49383,5075,51610
33,825852196,429972640,1374293398,1632490341,10239,10.239,0.01,10.0,10,0.09174311926605505,0.09206907930920691,0.09350333940497875,0.09915874746845303,0.005655408063474282,1.0604834875359879,462,4479,3819,34695,4941,38514
33,825852196,429972640,1374293398,1632490341,10239,10.239,0.05,1.0,50,0.05,0.05089949100508995,0.0512,0.051126531311573714,-7.346868842628834e-05,0.998565064679174,256,4744,2984,55381,5000,58365
33,825852196,429972640,1374293398,1632490341,10239,10.239,0.05,2.0,50,0.09523809523809523,0.0954490455095449,0.09931229773462784,0.09795180424499096,-0.001360493489636877,0.9863008557784833,491,4453,3955,36422,4944,40377
33,825852196,429972640,1374293398,1632490341,10239,10.239,0.05,5.0,50,0.20833333333333334,0.2072879271207288,0.20838371624345023,0.2056543733681462,-0.0027293428753040194,0.9869023217144501,1034,3928,10082,38942,4962,49024
33,825852196,429972640,1374293398,1632490341,10239,10.239,0.05,10.0,50,0.3448275862068966,0.34492655073449263,0.3460398972940944,0.29394299287410924,-0.05209690441998516,0.8494482722155338,1752,3311,10395,24969,5063,35364
33,825852196,429972640,1374293398,1632490341,10239,10.239,0.1,1.0,100,0.1,0.1007989920100799,0.1018,0.09036237471087125,-0.011437625289128756,0.8876461170026645,509,4491,5274,53091,5000,58365
33,825852196,429972640,1374293398,1632490341,10239,10.239,0.1,2.0,100,0.18181818181818182,0.18183818161818383,0.17586206896551723,0.15611514721144917,-0.01974692175406806,0.8877135821827502,867,4063,8574,46347,4930,54921
33,825852196,429972640,1374293398,1632490341,10239,10.239,0.1,5.0,100,0.35714285714285715,0.35828641713582865,0.35218612113918973,0.43623641134574537,0.08405029020655563,1.2386530449714614,1756,3230,17456,22559,4986,40015
33,825852196,429972640,1374293398,1632490341,10239,10.239,0.1,10.0,100,0.5263157894736842,0.5288747112528874,0.5396353547364249,0.508747103098915,-0.030888251637509856,0.9427608822023964,2723,2323,24806,23953,5046,48759
34,1777798622,1206185612,1859461057,264825292,10140,10.14,0.0,1.0,0,0.0,0.0,0.0,0.0,0.0,nan,0,5071,0,46624,5071,46624
34,1777798622,1206185612,1859461057,264825292,10140,10.14,0.01,1.0,10,0.01,0.01005989940100599,0.007887990534411358,0.0026595744680851063,-0.005228416066326251,0.3371675531914894,40,5031,124,46500,5071,46624
34,1777798622,1206185612,1859461057,264825292,10140,10.14,0.01,2.0,10,0.019801980198019802,0.02039979600203998,0.02021212727636582,0.017445917655268667,-0.0027662096210971515,0.8631410942908667,101,4896,625,35200,4997,35825
34,1777798622,1206185612,1859461057,264825292,10140,10.14,0.01,5.0,10,0.04807692307692308,0.048349516504834954,0.04430757003775084,0.04303877796160732,-0.0012687920761435198,0.971363988703003,223,4810,1899,42224,5033,44123
34,1777798622,1206185612,1859461057,264825292,10140,10.14,0.01,10.0,10,0.09174311926605505,0.09152908470915291,0.0962620578778135,0.06827467388629092,-0.027987383991522577,0.7092584076371267,479,4497,2774,37856,4976,40630
34,1777798622,1206185612,1859461057,264825292,10140,10.14,0.05,1.0,50,0.05,0.04955950440495595,0.053046736343916386,0.034359986273164035,-0.01868675007075235,0.6477304475509845,269,4802,1602,45022,5071,46624
34,1777798622,1206185612,1859461057,264825292,10140,10.14,0.05,2.0,50,0.09523809523809523,0.0969290307096929,0.09847131228906095,0.09142222028505427,-0.007049092004006677,0.9284147652738274,496,4541,4195,41691,5037,45886
34,1777798622,1206185612,1859461057,264825292,10140,10.14,0.05,5.0,50,0.20833333333333334,0.2073279267207328,0.19773554387383743,0.1518313026487991,-0.045904241225038334,0.7678503301645812,978,3968,8237,46014,4946,54251
34,1777798622,1206185612,1859461057,264825292,10140,10.14,0.05,10.0,50,0.3448275862068966,0.34171658283417167,0.33840535605599514,0.3444833986388946,0.006078042582899457,1.0179608344670932,1668,3261,16704,31786,4929,48490
34,1777798622,1206185612,1859461057,264825292,10140,10.14,0.1,1.0,100,0.1,0.0991590084099159,0.09938868073358312,0.08774450926561428,-0.011644171467968839,0.8828420763609722,504,4567,4091,42533,5071,46624
34,1777798622,1206185612,1859461057,264825292,10140,10.14,0.1,2.0,100,0.18181818181818182,0.18145818541814582,0.18520008043434547,0.15749015852750292,-0.027709921906842544,0.8503784564139761,921,4052,5921,31675,4973,37596
34,1777798622,1206185612,1859461057,264825292,10140,10.14,0.1,5.0,100,0.35714285714285715,0.35728642713572867,0.36304700162074555,0.3121095627102355,-0.05093743891051006,0.8596946437152468,1792,3144,15588,34356,4936,49944
34,1777798622,1206185612,1859461057,264825292,10140,10.14,0.1,10.0,100,0.5263157894736842,0.5242947570524294,0.5366779932040776,0.4304494645791574,-0.10622852862492022,0.8020628198471226,2685,2318,23837,31540,5003,55377
35,717018728,859911327,995596699,1550636445,10133,10.133,0.0,1.0,0,0.0,0.0,0.0,0.0,0.0,nan,0,4915,0,40384,4915,40384
35,717018728,859911327,995596699,1550636445,10133,10.133,0.01,1.0,10,0.01,0.01011989880101199,0.009766022380467955,0.0031200475435816163,-0.006645974836886339,0.31947986826465924,48,4867,126,40258,4915,40384
35,717018728,859911327,995596699,1550636445,10133,10.133,0.01,2.0,10,0.019801980198019802,0.01980980190198098,0.019619500594530322,0.01418659637970464,-0.005432904214825682,0.7230865185049455,99,4947,366,25433,5046,25799
35,717018728,859911327,995596699,1550636445,10133,10.133,0.01,5.0,10,0.04807692307692308,0.04853951460485395,0.04894822006472492,0.06601563355302052,0.017067413488295602,1.348683025975758,242,4702,3015,42656,4944,45671
35,717018728,859911327,995596699,1550636445,10133,10.133,0.01,10.0,10,0.09174311926605505,0.0932490675093249,0.0911993614049092,0.057289804450067386,-0.03390955695484181,0.6281820789918767,457,4554,2083,34276,5011,36359
35,717018728,859911327,995596699,1550636445,10133,10.133,0.05,1.0,50,0.05,0.05072949270507295,0.049643947100712106,0.024316561014263074,-0.025327386086449032,0.48981925157829104,244,4671,982,39402,4915,40384
35,717018728,859911327,995596699,1550636445,10133,10.133,0.05,2.0,50,0.09523809523809523,0.0955890441095589,0.09226783579115186,0.11030338022254882,0.01803554443139696,1.1954694642694383,463,4555,4203,33901,5018,38104
35,717018728,859911327,995596699,1550636445,10133,10.133,0.05,5.0,50,0.20833333333333334,0.2092679073209268,0.21195329507223432,0.17713388868767355,-0.03481940638456077,0.8357213254330667,1071,3982,7336,34079,5053,41415
35,717018728,859911327,995596699,1550636445,10133,10.133,0.05,10.0,50,0.3448275862068966,0.3460565394346057,0.3504738858640855,0.2674858785055991,-0.08298800735848644,0.7632120089236282,1738,3221,13496,36959,4959,50455
35,717018728,859911327,995596699,1550636445,10133,10.133,0.1,1.0,100,0.1,0.1016689833101669,0.10091556459816887,0.06792293977812995,-0.032992624820038924,0.6730670342933643,496,4419,2743,37641,4915,40384
35,717018728,859911327,995596699,1550636445,10133,10.133,0.1,2.0,100,0.18181818181818182,0.18292817071829282,0.1785499096204057,0.1494892247411139,-0.02906068487929181,0.8372405511653612,889,4090,4273,24311,4979,28584
35,717018728,859911327,995596699,1550636445,10133,10.133,0.1,5.0,100,0.35714285714285715,0.3590964090359096,0.3502507522567703,0.3575534972852124,0.007302745028442081,1.0208500480909415,1746,3239,11195,20115,4985,31310
35,717018728,859911327,995596699,1550636445,10133,10.133,0.1,10.0,100,0.5263157894736842,0.5264247357526425,0.539718659495242,0.4897983713452928,-0.0499202881499492,0.907506832918032,2609,2225,16300,16979,4834,33279
36,818180769,2037291052,1792062898,970195804,10319,10.319,0.0,1.0,0,0.0,0.0,0.0,0.0,0.0,nan,0,4930,0,41732,4930,41732
36,818180769,2037291052,1792062898,970195804,10319,10.319,0.01,1.0,10,0.01,0.00978990210097899,0.009127789046653144,0.005151921786638551,-0.003975867260014593,0.5644216535139568,45,4885,215,41517,4930,41732
36,818180769,2037291052,1792062898,970195804,10319,10.319,0.01,2.0,10,0.019801980198019802,0.02000979990200098,0.017860726469997992,0.013349246342218096,-0.004511480127779896,0.7474078036322784,89,4894,604,44642,4983,45246
36,818180769,2037291052,1792062898,970195804,10319,10.319,0.01,5.0,10,0.04807692307692308,0.04747952520474795,0.050427002846685644,0.03692089080530171,-0.013506112041383932,0.7321650845986848,248,4670,1507,39310,4918,40817
36,818180769,2037291052,1792062898,970195804,10319,10.319,0.01,10.0,10,0.09174311926605505,0.09182908170918291,0.08932419196865818,0.10962421047848411,0.020300018509825934,1.2272622686242574,456,4649,4825,39189,5105,44014
36,818180769,2037291052,1792062898,970195804,10319,10.319,0.05,1.0,50,0.05,0.05032949670503295,0.05070993914807302,0.03481740630691076,-0.01589253284116226,0.6865992523722803,250,4680,1453,40279,4930,41732
36,818180769,2037291052,1792062898,970195804,10319,10.319,0.05,2.0,50,0.09523809523809523,0.0946790532094679,0.09908657664813345,0.13641826923076922,0.03733169258263577,1.3767583243409895,499,4537,4994,31614,5036,36608
36,818180769,2037291052,1792062898,970195804,10319,10.319,0.05,5.0,50,0.20833333333333334,0.21123788762112378,0.22362952701365527,0.20914932345007567,-0.014480203563579597,0.9352491428258692,1130,3923,9537,36062,5053,45599
36,818180769,2037291052,1792062898,970195804,10319,10.319,0.05,10.0,50,0.3448275862068966,0.3471865281347187,0.3482213438735178,0.3685267483590249,0.020305404485507106,1.0583117745157014,1762,3298,19819,33960,5060,53779
36,818180769,2037291052,1792062898,970195804,10319,10.319,0.1,1.0,100,0.1,0.1014489855101449,0.10162271805273834,0.10040256877216525,-0.0012201492805730962,0.9879933414107278,501,4429,4190,37542,4930,41732
36,818180769,2037291052,1792062898,970195804,10319,10.319,0.1,2.0,100,0.18181818181818182,0.18150818491815082,0.18437691209463594,0.18455497382198952,0.0001780617273535734,1.0009657485057684,904,3999,7050,31150,4903,38200
36,818180769,2037291052,1792062898,970195804,10319,10.319,0.1,5.0,100,0.35714285714285715,0.36124638753612465,0.36516964110609923,0.3447225818827027,-0.020447059223396513,0.9440066836841574,1862,3237,14377,27329,5099,41706
36,818180769,2037291052,1792062898,970195804,10319,10.319,0.1,10.0,100,0.5263157894736842,0.5286947130528695,0.5323271466449113,0.5435877207230202,0.011260574078108876,1.0211534845612904,2610,2293,23427,19670,4903,43097
37,295927604,1875602067,1028679280,312482743,10215,10.215,0.0,1.0,0,0.0,0.0,0.0,0.0,0.0,nan,0,5010,0,44550,5010,44550
37,295927604,1875602067,1028679280,312482743,10215,10.215,0.01,1.0,10,0.01,0.009869901300986991,0.011976047904191617,0.025050505050505052,0.013074457146313435,2.0917171717171716,60,4950,1116,43434,5010,44550
37,295927604,1875602067,1028679280,312482743,10215,10.215,0.01,2.0,10,0.019801980198019802,0.019069809301906982,0.016609965979587752,0.018109876731091157,0.0014999107515034048,1.0903018557260544,83,4914,952,51616,4997,52568
37,295927604,1875602067,1028679280,312482743,10215,10.215,0.01,5.0,10,0.04807692307692308,0.04860951390486095,0.046320433126127936,0.03562461830766099,-0.010695814818466945,0.7690907857156075,231,4756,1575,42636,4987,44211
37,295927604,1875602067,1028679280,312482743,10215,10.215,0.01,10.0,10,0.09174311926605505,0.0927890721092789,0.0948890649762282,0.07093636756228994,-0.023952697413938268,0.747571572973778,479,4569,3778,49481,5048,53259
37,295927604,1875602067,1028679280,312482743,10215,10.215,0.05,1.0,50,0.05,0.049469505304946954,0.050499001996007986,0.05656565656565657,0.006066654569648583,1.120134147802132,253,4757,2520,42030,5010,44550
37,295927604,1875602067,1028679280,312482743,10215,10.215,0.05,2.0,50,0.09523809523809523,0.09519904800951991,0.09522850815381519,0.12015842115862255,0.02492991300480736,1.2617904395240553,473,4494,5370,39321,4967,44691
37,295927604,1875602067,1028679280,312482743,10215,10.215,0.05,5.0,50,0.20833333333333334,0.20891791082089178,0.20458298926507018,0.20376587702204588,-0.0008171122430243039,0.9960059619523616,991,3853,8679,33914,4844,42593
37,295927604,1875602067,1028679280,312482743,10215,10.215,0.05,10.0,50,0.3448275862068966,0.34688653113468865,0.34822356118844794,0.3515589262068135,0.003335365018365566,1.009578229017538,1676,3137,14602,26933,4813,41535
37,295927604,1875602067,1028679280,312482743,10215,10.215,0.1,1.0,100,0.1,0.0998690013099869,0.10199600798403194,0.17398428731762064,0.0719882793335887,1.7057950674389029,511,4499,7751,36799,5010,44550
37,295927604,1875602067,1028679280,312482743,10215,10.215,0.1,2.0,100,0.18181818181818182,0.1828381716182838,0.19343800322061191,0.18712631182840658,-0.006311691392205332,0.967370985602002,961,4007,8951,38883,4968,47834
37,295927604,1875602067,1028679280,312482743,10215,10.215,0.1,5.0,100,0.35714285714285715,0.3568064319356806,0.35540970564836916,0.3414423492154887,-0.01396735643288044,0.9607006893427404,1787,3241,14232,27450,5028,41682
37,295927604,1875602067,1028679280,312482743,10215,10.215,0.1,10.0,100,0.5263157894736842,0.5292747072529275,0.5249849488260084,0.4971071511224254,-0.027877797703583063,0.9468979105669134,2616,2367,25776,26076,4983,51852
38,1372858890,1422337970,962826212,434241109,10225,10.225,0.0,1.0,0,0.0,0.0,0.0,0.0,0.0,nan,0,5002,0,51152,5002,51152
38,1372858890,1422337970,962826212,434241109,10225,10.225,0.01,1.0,10,0.01,0.01032989670103299,0.011395441823270692,0.004770096965905537,-0.0066253448573651555,0.4185969302361315,57,4945,244,50908,5002,51152
38,1372858890,1422337970,962826212,434241109,10225,10.225,0.01,2.0,10,0.019801980198019802,0.02032979670203298,0.02255939309243362,0.019663661763930623,-0.0028957313285029977,0.8716396617303406,113,4896,746,37192,5009,37938
38,1372858890,1422337970,962826212,434241109,10225,10.225,0.01,5.0,10,0.04807692307692308,0.04784952150478495,0.05009125937943622,0.042016616485183254,-0.008074642894252963,0.8388013598722212,247,4684,1856,42317,4931,44173
38,1372858890,1422337970,962826212,434241109,10225,10.225,0.01,10.0,10,0.09174311926605505,0.0926290737092629,0.09098277608915907,0.08840564983233411,-0.002577126256824963,0.9716745699834495,449,4486,3480,35884,4935,39364
38,1372858890,1422337970,962826212,434241109,10225,10.225,0.05,1.0,50,0.05,0.05038949610503895,0.05177928828468613,0.03589302471066625,-0.015886263574019878,0.6931927011689288,259,4743,1836,49316,5002,51152
38,1372858890,1422337970,962826212,434241109,10225,10.225,0.05,2.0,50,0.09523809523809523,0.0941190588094119,0.09912654885232582,0.11130726054680427,0.012180711694478458,1.1228804173604865,488,4435,4918,39266,4923,44184
38,1372858890,1422337970,962826212,434241109,10225,10.225,0.05,5.0,50,0.20833333333333334,0.2068979310206898,0.2169792296834039,0.21937643772592835,0.00239720804252444,1.0110480991476567,1076,3883,10681,38007,4959,48688
38,1372858890,1422337970,962826212,434241109,10225,10.225,0.05,10.0,50,0.3448275862068966,0.34857651423485764,0.35794317727090835,0.3904788112272977,0.032535633956389365,1.0908960863689403,1789,3209,14190,22150,4998,36340
38,1372858890,1422337970,962826212,434241109,10225,10.225,0.1,1.0,100,0.1,0.1002989970100299,0.10235905637744902,0.07049577729121051,-0.03186327908623851,0.6887106992395214,512,4490,3606,47546,5002,51152
38,1372858890,1422337970,962826212,434241109,10225,10.225,0.1,2.0,100,0.18181818181818182,0.18273817261827383,0.17940876656472987,0.17928847346082313,-0.00012029310390673786,0.9993295026424289,880,4025,7519,34419,4905,41938
38,1372858890,1422337970,962826212,434241109,10225,10.225,0.1,5.0,100,0.35714285714285715,0.35608643913560867,0.36486214530086536,0.3600777627022539,-0.00478438259861147,0.9868871499544951,1813,3156,17781,31600,4969,49381
38,1372858890,1422337970,962826212,434241109,10225,10.225,0.1,10.0,100,0.5263157894736842,0.5257247427525725,0.5217659137577002,0.5003572846367607,-0.02140862912093955,0.9589689005041419,2541,2329,18906,18879,4870,37785
39,2119612469,1576351691,1796017318,1450837653,10269,10.269,0.0,1.0,0,0.0,0.0,0.0,0.0,0.0,nan,0,4956,0,42938,4956,42938
39,2119612469,1576351691,1796017318,1450837653,10269,10.269,0.01,1.0,10,0.01,0.01007989920100799,0.009281678773204197,0.004448274255903862,-0.004833404517300335,0.47925320026651175,46,4910,191,42747,4956,42938
39,2119612469,1576351691,1796017318,1450837653,10269,10.269,0.01,2.0,10,0.019801980198019802,0.01982980170198298,0.02036741214057508,0.0242472311135031,0.0038798189729280196,1.1904915040825836,102,4906,856,34447,5008,35303
39,2119612469,1576351691,1796017318,1450837653,10269,10.269,0.01,5.0,10,0.04807692307692308,0.04823951760482395,0.04879016263387544,0.03699240353784243,-0.011797759096033013,0.7581938969016323,246,4796,1719,44750,5042,46469
39,2119612469,1576351691,1796017318,1450837653,10269,10.269,0.01,10.0,10,0.09174311926605505,0.0908290917090829,0.0878942014242116,0.09089270695662621,0.002998505532414611,1.034114941416245,432,4483,4539,45399,4915,49938
39,2119612469,1576351691,1796017318,1450837653,10269,10.269,0.05,1.0,50,0.05,0.05056949430505695,0.048426150121065374,0.04594997438166659,-0.0024761757393987824,0.9488669709814151,240,4716,1973,40965,4956,42938
39,2119612469,1576351691,1796017318,1450837653,10269,10.269,0.05,2.0,50,0.09523809523809523,0.0953090469095309,0.0954563571143882,0.07451733333333334,-0.02093902378105486,0.7806429617258177,479,4539,3493,43382,5018,46875
39,2119612469,1576351691,1796017318,1450837653,10269,10.269,0.05,5.0,50,0.20833333333333334,0.2088379116208838,0.20371492025035332,0.1679963209565513,-0.03571859929380203,0.8246638034665992,1009,3944,8402,41611,4953,50013
39,2119612469,1576351691,1796017318,1450837653,10269,10.269,0.05,10.0,50,0.3448275862068966,0.34397656023439765,0.3340685783035893,0.30096627982268265,-0.03310229848090668,0.900911667152292,1666,3321,12085,28069,4987,40154
39,2119612469,1576351691,1796017318,1450837653,10269,10.269,0.1,1.0,100,0.1,0.0996190038099619,0.10129136400322841,0.0864502305650007,-0.01484113343822771,0.8534807623110428,502,4454,3712,39226,4956,42938
39,2119612469,1576351691,1796017318,1450837653,10269,10.269,0.1,2.0,100,0.18181818181818182,0.18128818711812883,0.1782746339533043,0.16020210653326966,-0.01807252742003465,0.8986253567360099,901,4153,6373,33408,5054,39781
39,2119612469,1576351691,1796017318,1450837653,10269,10.269,0.1,5.0,100,0.35714285714285715,0.3574464255357446,0.3628441275500099,0.40418226524599604,0.041338137695986155,1.113928088006023,1832,3217,18246,26897,5049,45143
39,2119612469,1576351691,1796017318,1450837653,10269,10.269,0.1,10.0,100,0.5263157894736842,0.5262747372526275,0.5237713139418255,0.4960404956367815,-0.027730818305044036,0.9470554847757011,2611,2374,15973,16228,4985,32201
40,1985321432,823933397,909635928,1023840883,10280,10.28,0.0,1.0,0,0.0,0.0,0.0,0.0,0.0,nan,0,4976,0,43232,4976,43232
40,1985321432,823933397,909635928,1023840883,10280,10.28,0.01,1.0,10,0.01,0.00978990210097899,0.008641479099678457,0.0020355292376017763,-0.006605949862076681,0.2355533368908474,43,4933,88,43144,4976,43232
40,1985321432,823933397,909635928,1023840883,10280,10.28,0.01,2.0,10,0.019801980198019802,0.01939980600193998,0.019646365422396856,0.015893787622831855,-0.003752577799565001,0.8089937900021414,100,4990,668,41361,5090,42029
40,1985321432,823933397,909635928,1023840883,10280,10.28,0.01,5.0,10,0.04807692307692308,0.04762952370476295,0.044837758112094395,0.03451192294138376,-0.010325835170710632,0.7697067024427037,228,4857,1469,41096,5085,42565
40,1985321432,823933397,909635928,1023840883,10280,10.28,0.01,10.0,10,0.09174311926605505,0.0928890711092889,0.09007021063189569,0.07124005650137537,-0.01883015413052032,0.7909391573705038,449,4536,3833,49971,4985,53804
40,1985321432,823933397,909635928,1023840883,10280,10.28,0.05,1.0,50,0.05,0.04899951000489995,0.045217041800643086,0.05109641006661732,0.005879368265974232,1.1300254955177234,225,4751,2209,41023,4976,43232
40,1985321432,823933397,909635928,1023840883,10280,10.28,0.05,2.0,50,0.09523809523809523,0.0949790502094979,0.10065256080680245,0.08233121198128927,-0.018321348825513173,0.8179743398612571,509,4548,4101,45710,5057,49811
40,1985321432,823933397,909635928,1023840883,10280,10.28,0.05,5.0,50,0.20833333333333334,0.2087379126208738,0.2088731841382018,0.25908315045110947,0.05020996631290767,1.2403849327048417,1064,4030,12750,36462,5094,49212
40,1985321432,823933397,909635928,1023840883,10280,10.28,0.05,10.0,50,0.3448275862068966,0.34396656033439665,0.3345827579404222,0.31824452943539233,-0.01633822850502986,0.9511683488844361,1696,3373,18223,39038,5069,57261
40,1985321432,823933397,909635928,1023840883,10280,10.28,0.1,1.0,100,0.1,0.0983790162098379,0.09746784565916398,0.1047141006661732,0.00724625500700922,1.0743450822987173,485,4491,4527,38705,4976,43232
40,1985321432,823933397,909635928,1023840883,10280,10.28,0.1,2.0,100,0.18181818181818182,0.18272817271827282,0.16998992950654582,0.19183076172627148,0.02184083221972566,1.1284830947522961,844,4121,7472,31479,4965,38951
40,1985321432,823933397,909635928,1023840883,10280,10.28,0.1,5.0,100,0.35714285714285715,0.3586264137358626,0.3602150537634409,0.33470247951656956,-0.02551257424687131,0.9291740476131632,1809,3213,15564,30937,5022,46501
40,1985321432,823933397,909635928,1023840883,10280,10.28,0.1,10.0,100,0.5263157894736842,0.5230547694523054,0.5153361771277676,0.5530270585945104,0.03769088146674282,1.073138434947093,2537,2386,28409,22961,4923,51370
41,337246826,501583835,1745168422,12847236,10142,10.142,0.0,1.0,0,0.0,0.0,0.0,0.0,0.0,nan,0,4813,0,34403,4813,34403
41,337246826,501583835,1745168422,12847236,10142,10.142,0.01,1.0,10,0.01,0.01015989840101599,0.008934136713068773,0.008720169752637851,-0.00021396696043092175,0.9760506283592086,43,4770,300,34103,4813,34403
41,337246826,501583835,1745168422,12847236,10142,10.142,0.01,2.0,10,0.019801980198019802,0.02017979820201798,0.01785356068204614,0.013245033112582781,-0.004608527569463358,0.7418706749014063,89,4896,570,42465,4985,43035
41,337246826,501583835,1745168422,12847236,10142,10.142,0.01,5.0,10,0.04807692307692308,0.04658953410465895,0.04800322710770472,0.02954617659278086,-0.018457050514923863,0.6155039644832248,238,4720,1209,39710,4958,40919
41,337246826,501583835,1745168422,12847236,10142,10.142,0.01,10.0,10,0.09174311926605505,0.09152908470915291,0.09028617492946392,0.09977177239483376,0.009485597465369838,1.105061461212422,448,4514,3847,34711,4962,38558
41,337246826,501583835,1745168422,12847236,10142,10.142,0.05,1.0,50,0.05,0.04940950590494095,0.04820278412632454,0.04560648780629596,-0.002596296320028578,0.946138042291821,232,4581,1569,32834,4813,34403
41,337246826,501583835,1745168422,12847236,10142,10.142,0.05,2.0,50,0.09523809523809523,0.0963390366096339,0.09919028340080972,0.08838587981676098,-0.010804403584048744,0.8910739720302024,490,4450,3280,33830,4940,37110
41,337246826,501583835,1745168422,12847236,10142,10.142,0.05,5.0,50,0.20833333333333334,0.2090479095209048,0.21181262729124237,0.13912944910451144,-0.07268317818673092,0.65685153375303,1040,3870,6137,37973,4910,44110
41,337246826,501583835,1745168422,12847236,10142,10.142,0.05,10.0,50,0.3448275862068966,0.34409655903440967,0.345242795104619,0.3221185746067679,-0.023124220497851122,0.9330204110679738,1749,3317,16506,34736,5066,51242
41,337246826,501583835,1745168422,12847236,10142,10.142,0.1,1.0,100,0.1,0.09805901940980591,0.09952212757116144,0.0949626486062262,-0.004559478964935235,0.9541862792103689,479,4334,3267,31136,4813,34403
41,337246826,501583835,1745168422,12847236,10142,10.142,0.1,2.0,100,0.18181818181818182,0.18089819101808982,0.18214716525934863,0.1668799671359277,-0.015267198123420922,0.9161820712296957,906,4068,10562,52729,4974,63291
41,337246826,501583835,1745168422,12847236,10142,10.142,0.1,5.0,100,0.35714285714285715,0.35987640123598763,0.35459700283515594,0.3927489652939952,0.038151962458839284,1.1075924560946593,1751,3187,16986,26263,4938,43249
41,337246826,501583835,1745168422,12847236,10142,10.142,0.1,10.0,100,0.5263157894736842,0.5252547474525254,0.5275495892606692,0.514826993719635,-0.012722595541034165,0.9758836026033796,2633,2358,34757,32755,4991,67512
42,1287628092,1965680293,185086855,708986269,10349,10.349,0.0,1.0,0,0.0,0.0,0.0,0.0,0.0,nan,0,4909,0,34057,4909,34057
42,1287628092,1965680293,185086855,708986269,10349,10.349,0.01,1.0,10,0.01,0.01018989810101899,0.009370543898961092,0.004286930733769856,-0.0050836131651912355,0.4574900646103527,46,4863,146,33911,4909,34057
42,1287628092,1965680293,185086855,708986269,10349,10.349,0.01,2.0,10,0.019801980198019802,0.01977980220197798,0.0219210840972499,0.0272948291008642,0.005373745003614299,1.2451404766194232,110,4908,1336,47611,5018,48947
42,1287628092,1965680293,185086855,708986269,10349,10.349,0.01,5.0,10,0.04807692307692308,0.048139518604813955,0.052432216905901115,0.029950019954010757,-0.022482196951890358,0.5712140687806767,263,4753,1576,51045,5016,52621
42,1287628092,1965680293,185086855,708986269,10349,10.349,0.01,10.0,10,0.09174311926605505,0.09212907870921291,0.09110758237395793,0.06609120586409245,-0.025016376509865476,0.7254193793971628,459,4579,3300,46631,5038,49931
42,1287628092,1965680293,185086855,708986269,10349,10.349,0.05,1.0,50,0.05,0.04979950200497995,0.051741698920350375,0.03150600463928121,-0.020235694281069166,0.608909357378864,254,4655,1073,32984,4909,34057
42,1287628092,1965680293,185086855,708986269,10349,10.349,0.05,2.0,50,0.09523809523809523,0.09564904350956491,0.09486009128795396,0.08391269911115022,-0.010947392176803739,0.8845943322616862,478,4561,3814,41638,5039,45452
42,1287628092,1965680293,185086855,708986269,10349,10.349,0.05,5.0,50,0.20833333333333334,0.2088279117208828,0.21586605541160056,0.2437434827945777,0.027877427382977132,1.129142246703967,1083,3934,10285,31911,5017,42196
42,1287628092,1965680293,185086855,708986269,10349,10.349,0.05,10.0,50,0.3448275862068966,0.34588654113458867,0.3460696517412935,0.3743328240639695,0.028263172322676,1.081669028706985,1739,3286,18866,31533,5025,50399
42,1287628092,1965680293,185086855,708986269,10349,10.349,0.1,1.0,100,0.1,0.0988390116098839,0.09940924831941332,0.09948028305487859,7.103473546526962e-05,1.0007145686811456,488,4421,3388,30669,4909,34057
42,1287628092,1965680293,185086855,708986269,10349,10.349,0.1,2.0,100,0.18181818181818182,0.18231817681823181,0.17766393442622952,0.2162331557505484,0.03856922132431889,1.2170908881922446,867,4013,11730,42517,4880,54247
42,1287628092,1965680293,185086855,708986269,10349,10.349,0.1,5.0,100,0.35714285714285715,0.35610643893561067,0.3672741679873217,0.372121330152393,0.004847162165071306,1.0131976669952967,1854,3194,15286,25792,5048,41078
42,1287628092,1965680293,185086855,708986269,10349,10.349,0.1,10.0,100,0.5263157894736842,0.5257047429525705,0.5326488706365503,0.5764204545454545,0.04377158390890423,1.0821771833602019,2594,2276,26377,19383,4870,45760
43,1460015478,2090072299,1667446771,98586251,10398,10.398,0.0,1.0,0,0.0,0.0,0.0,0.0,0.0,nan,0,4981,0,40992,4981,40992
43,1460015478,2090072299,1667446771,98586251,10398,10.398,0.01,1.0,10,0.01,0.00981990180098199,0.009837382051796828,0.0048546057767369245,-0.004982776275059903,0.4934855382434004,49,4932,199,40793,4981,40992
43,1460015478,2090072299,1667446771,98586251,10398,10.398,0.01,2.0,10,0.019801980198019802,0.01939980600193998,0.021187287627423546,0.012607289305452971,-0.008579998321970575,0.595040267879068,106,4897,495,38768,5003,39263
43,1460015478,2090072299,1667446771,98586251,10398,10.398,0.01,5.0,10,0.04807692307692308,0.04714952850471495,0.05121664050235479,0.05074225748656258,-0.00047438301579220965,0.9907377170556433,261,4835,2379,44505,5096,46884
43,1460015478,2090072299,1667446771,98586251,10398,10.398,0.01,10.0,10,0.09174311926605505,0.09340906590934091,0.09555690809494827,0.10559333187102435,0.010036423776076081,1.1050308551853056,471,4458,4814,40776,4929,45590
43,1460015478,2090072299,1667446771,98586251,10398,10.398,0.05,1.0,50,0.05,0.04934950650493495,0.053001405340293115,0.04454527712724434,-0.008456128213048773,0.840454641556076,264,4717,1826,39166,4981,40992
43,1460015478,2090072299,1667446771,98586251,10398,10.398,0.05,2.0,50,0.09523809523809523,0.0944290557094429,0.09854897218863362,0.1806912181303116,0.08214224594167799,1.8335170232364133,489,4473,7973,36152,4962,44125
43,1460015478,2090072299,1667446771,98586251,10398,10.398,0.05,5.0,50,0.20833333333333334,0.2086779132208678,0.20810864789294986,0.31455496297830476,0.1064463150853549,1.511493953581931,1042,3965,12150,26476,5007,38626
43,1460015478,2090072299,1667446771,98586251,10398,10.398,0.05,10.0,50,0.3448275862068966,0.34455655443445565,0.3535496957403651,0.3410468086903279,-0.012502887050037215,0.9646361255555459,1743,3187,16153,31210,4930,47363
43,1460015478,2090072299,1667446771,98586251,10398,10.398,0.1,1.0,100,0.1,0.0988990110098899,0.10218831559927725,0.10475214676034349,0.0025638311610662323,1.0250892790044615,509,4472,4294,36698,4981,40992
43,1460015478,2090072299,1667446771,98586251,10398,10.398,0.1,2.0,100,0.18181818181818182,0.18361816381836182,0.18627065302911094,0.2292023316791991,0.04293167865008815,1.2304800995322578,947,4137,10577,35570,5084,46147
43,1460015478,2090072299,1667446771,98586251,10398,10.398,0.1,5.0,100,0.35714285714285715,0.35887641123588765,0.36457505957108816,0.2893749786885805,-0.07520008088250768,0.7937322400194398,1836,3200,16973,41681,5036,58654
43,1460015478,2090072299,1667446771,98586251,10398,10.398,0.1,10.0,100,0.5263157894736842,0.5258247417525824,0.5271221532091097,0.4888892710949056,-0.038232882114204114,0.9274686486207361,2546,2284,28425,29717,4830,58142
44,1344457956,691025273,332700792,444576700,10124,10.124,0.0,1.0,0,0.0,0.0,0.0,0.0,0.0,nan,0,4943,0,46928,4943,46928
44,1344457956,691025273,332700792,444576700,10124,10.124,0.01,1.0,10,0.01,0.01045989540104599,0.01132915233663767,0.008182748039549948,-0.003146404297087721,0.7222736349909892,56,4887,384,46544,4943,46928
44,1344457956,691025273,332700792,444576700,10124,10.124,0.01,2.0,10,0.019801980198019802,0.01989980100198998,0.01982601658911592,0.018458117123795404,-0.001367899465320517,0.9310048259481702,98,4845,747,39723,4943,40470
44,1344457956,691025273,332700792,444576700,10124,10.124,0.01,5.0,10,0.04807692307692308,0.048729512704872954,0.05009861932938856,0.02776629817129869,-0.022332321158089873,0.5542328020806471,254,4816,1075,37641,5070,38716
44,1344457956,691025273,332700792,444576700,10124,10.124,0.01,10.0,10,0.09174311926605505,0.09237907620923791,0.0916951538306857,0.09855299178725069,0.0068578379565649855,1.0747895354342054,456,4517,4032,36880,4973,40912
44,1344457956,691025273,332700792,444576700,10124,10.124,0.05,1.0,50,0.05,0.050739492605073946,0.0517904106817722,0.06439652233208319,0.012606111650310989,1.2434062886229968,256,4687,3022,43906,4943,46928
44,1344457956,691025273,332700792,444576700,10124,10.124,0.05,2.0,50,0.09523809523809523,0.0951290487095129,0.09580236995380599,0.07180257450482193,-0.023999795448984063,0.7494864118647974,477,4502,5115,66122,4979,71237
44,1344457956,691025273,332700792,444576700,10124,10.124,0.05,5.0,50,0.20833333333333334,0.2082179178208218,0.20696597543789008,0.2512526659300563,0.044286690492166214,1.2139805366484335,1028,3939,9778,29139,4967,38917
44,1344457956,691025273,332700792,444576700,10124,10.124,0.05,10.0,50,0.3448275862068966,0.34523654763452366,0.343202416918429,0.3735595390524968,0.03035712213406777,1.0884525301617645,1704,3261,12837,21527,4965,34364
44,1344457956,691025273,332700792,444576700,10124,10.124,0.1,1.0,100,0.1,0.1002989970100299,0.10034392069593365,0.12199539720422775,0.021651476508294104,1.2157726781864875,496,4447,5725,41203,4943,46928
44,1344457956,691025273,332700792,444576700,10124,10.124,0.1,2.0,100,0.18181818181818182,0.1801681983180168,0.17227926078028746,0.17985699443867262,0.007577733658385155,1.0439851763007577,839,4031,8829,40260,4870,49089
44,1344457956,691025273,332700792,444576700,10124,10.124,0.1,5.0,100,0.35714285714285715,0.35523644763552364,0.3472956486376576,0.28522052586938085,-0.06207512276827676,0.8212614439260041,1708,3210,13451,33709,4918,47160
44,1344457956,691025273,332700792,444576700,10124,10.124,0.1,10.0,100,0.5263157894736842,0.5263447365526345,0.525990099009901,0.45896129732336627,-0.06702880168653474,0.8725664193818351,2550,2298,30453,35899,4848,66352
45,1855647487,63158886,439458993,1834353061,10299,10.299,0.0,1.0,0,0.0,0.0,0.0,0.0,0.0,nan,0,4982,0,42853,4982,42853
45,1855647487,63158886,439458993,1834353061,10299,10.299,0.01,1.0,10,0.01,0.01004989950100499,0.010839020473705338,0.007747415583506405,-0.003091604890198933,0.7147708229079428,54,4928,332,42521,4982,42853
45,1855647487,63158886,439458993,1834353061,10299,10.299,0.01,2.0,10,0.019801980198019802,0.01992980070199298,0.01775384001595851,0.02062016228254606,0.0028663222665875517,1.161448017105656,89,4924,1324,62885,5013,64209
45,1855647487,63158886,439458993,1834353061,10299,10.299,0.01,5.0,10,0.04807692307692308,0.05030949690503095,0.053763440860215055,0.058241171816057265,0.00447773095584221,1.083285795778665,270,4752,3165,51178,5022,54343
45,1855647487,63158886,439458993,1834353061,10299,10.299,0.01,10.0,10,0.09174311926605505,0.09358906410935891,0.09534458223216101,0.0573850372821431,-0.03795954495001791,0.601869932603117,469,4450,2532,41591,4919,44123
45,1855647487,63158886,439458993,1834353061,10299,10.299,0.05,1.0,50,0.05,0.05044949550504495,0.04757125652348455,0.03091965556670478,-0.016651600956779766,0.6499650803093806,237,4745,1325,41528,4982,42853
45,1855647487,63158886,439458993,1834353061,10299,10.299,0.05,2.0,50,0.09523809523809523,0.0959390406095939,0.09333333333333334,0.08297593218628589,-0.010357401147047446,0.8890278448530631,462,4488,3289,36349,4950,39638
45,1855647487,63158886,439458993,1834353061,10299,10.299,0.05,5.0,50,0.20833333333333334,0.2090279097209028,0.20776699029126214,0.17532263141328297,-0.03244435887797917,0.8438425717555208,1070,4080,6684,31440,5150,38124
45,1855647487,63158886,439458993,1834353061,10299,10.299,0.05,10.0,50,0.3448275862068966,0.34499655003449964,0.3477121548074985,0.32283479095169565,-0.02487736385580286,0.9284541437167316,1725,3236,17497,36701,4961,54198
45,1855647487,63158886,439458993,1834353061,10299,10.299,0.1,1.0,100,0.1,0.1016889831101689,0.09474106784423926,0.06197932466805124,-0.03276174317618802,0.6541970243564222,472,4510,2656,40197,4982,42853
45,1855647487,63158886,439458993,1834353061,10299,10.299,0.1,2.0,100,0.18181818181818182,0.18008819911800883,0.1696823482106956,0.13804759636107897,-0.031634751849616644,0.8135648629147,844,4130,6085,37994,4974,44079
45,1855647487,63158886,439458993,1834353061,10299,10.299,0.1,5.0,100,0.35714285714285715,0.35748642513574863,0.36603396603396604,0.29955627269060103,-0.06647769334336501,0.8183838126727392,1832,3173,14852,34728,5005,49580
45,1855647487,63158886,439458993,1834353061,10299,10.299,0.1,10.0,100,0.5263157894736842,0.5285847141528585,0.5274792131413506,0.48489380795692494,-0.04258540518442566,0.9192661926319097,2601,2330,19452,20664,4931,40116
46,560863661,730443665,2145273919,1958561162,10219,10.219,0.0,1.0,0,0.0,0.0,0.0,0.0,0.0,nan,0,5105,0,38040,5105,38040
46,560863661,730443665,2145273919,1958561162,10219,10.219,0.01,1.0,10,0.01,0.00992990070099299,0.010969637610186092,0.01595688748685594,0.004987249876669849,1.454641261078564,56,5049,607,37433,5105,38040
46,560863661,730443665,2145273919,1958561162,10219,10.219,0.01,2.0,10,0.019801980198019802,0.019369806301936982,0.019068213092195793,0.027151848430820785,0.008083635338624991,1.4239325048204674,97,4990,1264,45289,5087,46553
46,560863661,730443665,2145273919,1958561162,10219,10.219,0.01,5.0,10,0.04807692307692308,0.04934950650493495,0.055199222546161324,0.0571032365104128,0.0019040139642514733,1.034493492415753,284,4861,2306,38077,5145,40383
46,560863661,730443665,2145273919,1958561162,10219,10.219,0.01,10.0,10,0.09174311926605505,0.09272907270927291,0.09647901332802865,0.05485122897800776,-0.04162778435002089,0.5685301609741134,485,4542,2756,47489,5027,50245
46,560863661,730443665,2145273919,1958561162,10219,10.219,0.05,1.0,50,0.05,0.05000949990500095,0.0544564152791381,0.03922187171398528,-0.015234543565152824,0.7202433636686865,278,4827,1492,36548,5105,38040
46,560863661,730443665,2145273919,1958561162,10219,10.219,0.05,2.0,50,0.09523809523809523,0.09447905520944791,0.09306496612196094,0.09088759075751485,-0.0021773753644460936,0.9766037053987355,467,4551,3843,38440,5018,42283
46,560863661,730443665,2145273919,1958561162,10219,10.219,0.05,5.0,50,0.20833333333333334,0.2096479035209648,0.20768191468828412,0.21974568958499535,0.012063774896711232,1.058087748828867,1076,4105,13497,47924,5181,61421
46,560863661,730443665,2145273919,1958561162,10219,10.219,0.05,10.0,50,0.3448275862068966,0.34390656093439065,0.3373186985495884,0.34888326041906514,0.011564561869476742,1.0342837853910927,1721,3381,15152,28278,5102,43430
46,560863661,730443665,2145273919,1958561162,10219,10.219,0.1,1.0,100,0.1,0.1004189958100419,0.10617042115572968,0.0834384858044164,-0.02273193535131328,0.7858920111283131,542,4563,3174,34866,5105,38040
46,560863661,730443665,2145273919,1958561162,10219,10.219,0.1,2.0,100,0.18181818181818182,0.1828481715182848,0.1880430285477865,0.17632152588555858,-0.011721502662227934,0.937665848328702,909,3925,6471,30229,4834,36700
46,560863661,730443665,2145273919,1958561162,10219,10.219,0.1,5.0,100,0.35714285714285715,0.35715642843571566,0.3544202753941329,0.36492902715267816,0.010508751758545265,1.0296505377601748,1776,3235,14757,25681,5011,40438
46,560863661,730443665,2145273919,1958561162,10219,10.219,0.1,10.0,100,0.5263157894736842,0.5271947280527195,0.5274244833068362,0.5799876923076923,0.05256320900085609,1.0996601611500783,2654,2378,23562,17063,5032,40625
47,1758961961,2088231003,757797410,1369118,10104,10.104,0.0,1.0,0,0.0,0.0,0.0,0.0,0.0,nan,0,5147,0,41953,5147,41953
47,1758961961,2088231003,757797410,1369118,10104,10.104,0.01,1.0,10,0.01,0.00985990140098599,0.008160093258208665,0.011584392057778944,0.003424298799570279,1.4196396647949578,42,5105,486,41467,5147,41953
47,1758961961,2088231003,757797410,1369118,10104,10.104,0.01,2.0,10,0.019801980198019802,0.02052979470205298,0.019895498392282957,0.01688955996548749,-0.0030059384267954667,0.8489136402855127,99,4877,783,45577,4976,46360
47,1758961961,2088231003,757797410,1369118,10104,10.104,0.01,5.0,10,0.04807692307692308,0.04778952210477895,0.04564480765397648,0.06901870751349704,0.023373899859520555,1.5120823388437319,229,4788,3848,51905,5017,55753
47,1758961961,2088231003,757797410,1369118,10104,10.104,0.01,10.0,10,0.09174311926605505,0.0914290857091429,0.09297685554668794,0.11636679181129135,0.02338993626460341,1.2515672973351766,466,4546,6571,49897,5012,56468
47,1758961961,2088231003,757797410,1369118,10104,10.104,0.05,1.0,50,0.05,0.05017949820501795,0.0493491354186905,0.06318975996948967,0.013840624550799166,1.2804633644211154,254,4893,2651,39302,5147,41953
47,1758961961,2088231003,757797410,1369118,10104,10.104,0.05,2.0,50,0.09523809523809523,0.09431905680943191,0.09018036072144289,0.0764326242517597,-0.013747736469683192,0.8475528778139575,450,4540,3920,47367,4990,51287
47,1758961961,2088231003,757797410,1369118,10104,10.104,0.05,5.0,50,0.20833333333333334,0.20856791432085678,0.19885011895321172,0.21333566241609064,0.01448554346287892,1.0728465416019555,1003,4041,8549,31524,5044,40073
47,1758961961,2088231003,757797410,1369118,10104,10.104,0.05,10.0,50,0.3448275862068966,0.34255657443425563,0.336182902584493,0.3420250195465207,0.005842116962027688,1.017377793210526,1691,3339,17498,33662,5030,51160
47,1758961961,2088231003,757797410,1369118,10104,10.104,0.1,1.0,100,0.1,0.1016689833101669,0.09966971051097727,0.16101351512406742,0.06134380461309015,1.6154708817613548,513,4634,6755,35198,5147,41953
47,1758961961,2088231003,757797410,1369118,10104,10.104,0.1,2.0,100,0.18181818181818182,0.1828981710182898,0.18885207561878775,0.16844285753223037,-0.02040921808655738,0.8919301362207163,969,4162,6180,30509,5131,36689
47,1758961961,2088231003,757797410,1369118,10104,10.104,0.1,5.0,100,0.35714285714285715,0.35602643973560266,0.34459049544994946,0.389446213517849,0.044855718067899564,1.130171083242819,1704,3241,16266,25501,4945,41767
47,1758961961,2088231003,757797410,1369118,10104,10.104,0.1,10.0,100,0.5263157894736842,0.5266247337526625,0.5344170178607265,0.5385411115639008,0.004124093703174347,1.0077169954648584,2663,2320,17180,14721,4983,31901
48,672193298,2124512806,1654038981,1351968834,10276,10.276,0.0,1.0,0,0.0,0.0,0.0,0.0,0.0,nan,0,5069,0,63370,5069,63370
48,672193298,2124512806,1654038981,1351968834,10276,10.276,0.01,1.0,10,0.01,0.00996990030099699,0.010061156046557506,0.00492346536215875,-0.005137690684398756,0.4893538415839746,51,5018,312,63058,5069,63370
48,672193298,2124512806,1654038981,1351968834,10276,10.276,0.01,2.0,10,0.019801980198019802,0.02056979430205698,0.022511848341232227,0.007555909048376532,-0.014955939292855696,0.33564143351735753,114,4950,323,42425,5064,42748
48,672193298,2124512806,1654038981,1351968834,10276,10.276,0.01,5.0,10,0.04807692307692308,0.04840951590484095,0.048980407836865254,0.014665676578796367,-0.03431473125806889,0.2994192418250589,245,4757,869,58385,5002,59254
48,672193298,2124512806,1654038981,1351968834,10276,10.276,0.01,10.0,10,0.09174311926605505,0.0918690813091869,0.08693910256410256,0.05636802231352003,-0.030571080250582527,0.6483621368412259,434,4558,2991,50071,4992,53062
48,672193298,2124512806,1654038981,1351968834,10276,10.276,0.05,1.0,50,0.05,0.04885951140488595,0.051292168080489246,0.0402714218084267,-0.011020746272062544,0.7851378351804421,260,4809,2552,60818,5069,63370
48,672193298,2124512806,1654038981,1351968834,10276,10.276,0.05,2.0,50,0.09523809523809523,0.0947090529094709,0.09815830721003135,0.08328107944912794,-0.014877227760903416,0.8484363862442095,501,4603,3586,39473,5104,43059
48,672193298,2124512806,1654038981,1351968834,10276,10.276,0.05,5.0,50,0.20833333333333334,0.2098479015209848,0.2118,0.18326571565676394,-0.028534284343236044,0.8652772221754672,1059,3941,8402,37444,5000,45846
48,672193298,2124512806,1654038981,1351968834,10276,10.276,0.05,10.0,50,0.3448275862068966,0.34550654493455063,0.34412543270209733,0.2961458693397857,-0.04797956336231163,0.8605753635075074,1690,3221,13708,32580,4911,46288
48,672193298,2124512806,1654038981,1351968834,10276,10.276,0.1,1.0,100,0.1,0.0978690213097869,0.0939041231012034,0.10822155594129715,0.01431743284009375,1.1524686282908303,476,4593,6858,56512,5069,63370
48,672193298,2124512806,1654038981,1351968834,10276,10.276,0.1,2.0,100,0.18181818181818182,0.18141818581814181,0.1756838905775076,0.1593864828041782,-0.016297407773329414,0.9072344782452357,867,4068,7721,40721,4935,48442
48,672193298,2124512806,1654038981,1351968834,10276,10.276,0.1,5.0,100,0.35714285714285715,0.35714642853571466,0.3507642799678198,0.3180380702991238,-0.032726209668695994,0.9067002783986488,1744,3228,15789,33856,4972,49645
48,672193298,2124512806,1654038981,1351968834,10276,10.276,0.1,10.0,100,0.5263157894736842,0.5252347476525234,0.5146351242983159,0.5005191722910332,-0.014115952007282773,0.9725709510664875,2567,2421,26994,26938,4988,53932
49,1334381808,389615178,811236578,971450778,10175,10.175,0.0,1.0,0,0.0,0.0,0.0,0.0,0.0,nan,0,4936,0,66338,4936,66338
49,1334381808,389615178,811236578,971450778,10175,10.175,0.01,1.0,10,0.01,0.00996990030099699,0.007293354943273906,0.003271126654406223,-0.004022228288867683,0.44850781017080876,36,4900,217,66121,4936,66338
49,1334381808,389615178,811236578,971450778,10175,10.175,0.01,2.0,10,0.019801980198019802,0.02011979880201198,0.01887905604719764,0.02916900237759264,0.010289946330395,1.5450455946881103,96,4989,1509,50224,5085,51733
49,1334381808,389615178,811236578,971450778,10175,10.175,0.01,5.0,10,0.04807692307692308,0.04794952050479495,0.051523656776263034,0.02047524112290533,-0.031048415653357704,0.39739495222199134,257,4731,760,36358,4988,37118
49,1334381808,389615178,811236578,971450778,10175,10.175,0.01,10.0,10,0.09174311926605505,0.09251907480925191,0.09832762442071327,0.08881086920392223,-0.009516755216791045,0.903213819383332,488,4475,4275,43861,4963,48136
49,1334381808,389615178,811236578,971450778,10175,10.175,0.05,1.0,50,0.05,0.05002949970500295,0.04983792544570503,0.06671892429678314,0.016880998851078112,1.3387179281663477,246,4690,4426,61912,4936,66338
49,1334381808,389615178,811236578,971450778,10175,10.175,0.05,2.0,50,0.09523809523809523,0.0957090429095709,0.0960680989055533,0.06713456993482776,-0.02893352897072554,0.6988227174228696,474,4460,4687,65128,4934,69815
49,1334381808,389615178,811236578,971450778,10175,10.175,0.05,5.0,50,0.20833333333333334,0.2099179008209918,0.21287320666925164,0.21065170611743006,-0.002221500551821576,0.9895642077902589,1098,4060,8223,30813,5158,39036
49,1334381808,389615178,811236578,971450778,10175,10.175,0.05,10.0,50,0.3448275862068966,0.3460065399346007,0.34924774322968904,0.29766258841876614,-0.051585154810922906,0.852296383266829,1741,3244,16033,37830,4985,53863
49,1334381808,389615178,811236578,971450778,10175,10.175,0.1,1.0,100,0.1,0.1003489965100349,0.10615883306320907,0.10965057734631735,0.003491744283108278,1.0328916980561498,524,4412,7274,59064,4936,66338
49,1334381808,389615178,811236578,971450778,10175,10.175,0.1,2.0,100,0.18181818181818182,0.1822881771182288,0.18526785714285715,0.18558854594531157,0.0003206888024544219,1.0017309467891515,913,4015,7907,34698,4928,42605
49,1334381808,389615178,811236578,971450778,10175,10.175,0.1,5.0,100,0.35714285714285715,0.35601643983560166,0.36020549298557597,0.35904983429735904,-0.0011556586882169317,0.9967916683373199,1823,3238,17443,31138,5061,48581
49,1334381808,389615178,811236578,971450778,10175,10.175,0.1,10.0,100,0.5263157894736842,0.5271147288527115,0.5430149960536701,0.5572253167965266,0.014210320742856553,1.0261692970656966,2752,2316,33112,26311,5068,59423
50,827599667,91397264,1739890502,1566565571,10302,10.302,0.0,1.0,0,0.0,0.0,0.0,0.0,0.0,nan,0,4993,0,46908,4993,46908
50,827599667,91397264,1739890502,1566565571,10302,10.302,0.01,1.0,10,0.01,0.00981990180098199,0.008411776487081914,0.009465336403172167,0.001053559916090253,1.1252482062152056,42,4951,444,46464,4993,46908
50,827599667,91397264,1739890502,1566565571,10302,10.302,0.01,2.0,10,0.019801980198019802,0.01929980700192998,0.020614389652384803,0.0205756365211532,-3.8753131231604454e-05,0.9981200932026081,102,4846,855,40699,4948,41554
50,827599667,91397264,1739890502,1566565571,10302,10.302,0.01,5.0,10,0.04807692307692308,0.048209517904820955,0.046535257061572854,0.04895466934661124,0.0024194122850383845,1.0519909513304537,229,4692,3215,62458,4921,65673
50,827599667,91397264,1739890502,1566565571,10302,10.302,0.01,10.0,10,0.09174311926605505,0.09088909110908891,0.08983016165336608,0.05473292281254475,-0.035097238840821325,0.6092933799200596,439,4448,1911,33004,4887,34915
50,827599667,91397264,1739890502,1566565571,10302,10.302,0.05,1.0,50,0.05,0.04996950030499695,0.04666533146404967,0.0521446235183764,0.005479292054326727,1.1174167606319887,233,4760,2446,44462,4993,46908
50,827599667,91397264,1739890502,1566565571,10302,10.302,0.05,2.0,50,0.09523809523809523,0.09389906100938991,0.08842350203606748,0.07792004297801854,-0.010503459058048947,0.8812141702579859,456,4701,3481,41193,5157,44674
50,827599667,91397264,1739890502,1566565571,10302,10.302,0.05,5.0,50,0.20833333333333334,0.20772792272077278,0.21322482197355036,0.19036651807825655,-0.022858303895293808,0.8927971720941135,1048,3867,7687,32693,4915,40380
50,827599667,91397264,1739890502,1566565571,10302,10.302,0.05,10.0,50,0.3448275862068966,0.34678653213467864,0.3374824332463361,0.395230482280842,0.05774804903450592,1.1711142369071232,1681,3300,14833,22697,4981,37530
50,827599667,91397264,1739890502,1566565571,10302,10.302,0.1,1.0,100,0.1,0.1000789992100079,0.10054075705988384,0.12475483925982775,0.024214082199943907,1.2408384709647806,502,4491,5852,41056,4993,46908
50,827599667,91397264,1739890502,1566565571,10302,10.302,0.1,2.0,100,0.18181818181818182,0.18277817221827783,0.17706277141729174,0.14576419932534349,-0.03129857209194825,0.8232345973045598,897,4169,5315,31148,5066,36463
50,827599667,91397264,1739890502,1566565571,10302,10.302,0.1,5.0,100,0.35714285714285715,0.3580164198358016,0.3648595172140878,0.34417733576583415,-0.020682181448253678,0.943314671887487,1844,3210,21318,40621,5054,61939
50,827599667,91397264,1739890502,1566565571,10302,10.302,0.1,10.0,100,0.5263157894736842,0.5273647263527365,0.5170870626525631,0.46625511103984607,-0.05083195161271703,0.9016955648591201,2542,2374,29078,33287,4916,62365
51,1391030767,222152092,322752307,1594044038,10174,10.174,0.0,1.0,0,0.0,0.0,0.0,0.0,0.0,nan,0,4849,0,51776,4849,51776
51,1391030767,222152092,322752307,1594044038,10174,10.174,0.01,1.0,10,0.01,0.009589904100958991,0.00928026397195298,0.0032061186650185415,-0.006074145306934439,0.34547709792610903,45,4804,166,51610,4849,51776
51,1391030767,222152092,322752307,1594044038,10174,10.174,0.01,2.0,10,0.019801980198019802,0.02004979950200498,0.01904761904761905,0.0143070593773666,-0.004740559670252449,0.7511206173117464,94,4841,699,48158,4935,48857
51,1391030767,222152092,322752307,1594044038,10174,10.174,0.01,5.0,10,0.04807692307692308,0.047099529004709956,0.04678362573099415,0.05013147643163226,0.0033478507006381095,1.0715603087261396,232,4727,2059,39013,4959,41072
51,1391030767,222152092,322752307,1594044038,10174,10.174,0.01,10.0,10,0.09174311926605505,0.0899391006089939,0.08715038508309687,0.05650560619504719,-0.030644778888049687,0.6483689789915414,430,4504,2802,46786,4934,49588
51,1391030767,222152092,322752307,1594044038,10174,10.174,0.05,1.0,50,0.05,0.04972950270497295,0.049700969272014846,0.0663627935723115,0.016661824300296647,1.3352414358180018,241,4608,3436,48340,4849,51776
51,1391030767,222152092,322752307,1594044038,10174,10.174,0.05,2.0,50,0.09523809523809523,0.09596904030959691,0.10237329042638778,0.09987396324605627,-0.0024993271803315092,0.975586139998805,509,4463,4913,44279,4972,49192
51,1391030767,222152092,322752307,1594044038,10174,10.174,0.05,5.0,50,0.20833333333333334,0.2076279237207628,0.20485338725985844,0.20883245815556284,0.003979070895704401,1.0194239936616567,1013,3932,10181,38571,4945,48752
51,1391030767,222152092,322752307,1594044038,10174,10.174,0.05,10.0,50,0.3448275862068966,0.34374656253437463,0.35026305139619585,0.32098462143172996,-0.02927842996446589,0.9164101670223048,1731,3211,19599,41460,4942,61059
51,1391030767,222152092,322752307,1594044038,10174,10.174,0.1,1.0,100,0.1,0.0997190028099719,0.09816457001443597,0.13683946229913474,0.03867489228469877,1.3939801527069418,476,4373,7085,44691,4849,51776
51,1391030767,222152092,322752307,1594044038,10174,10.174,0.1,2.0,100,0.18181818181818182,0.18177818221817782,0.19000581057524696,0.18062315106403282,-0.009382659511214142,0.9506190916856283,981,4182,7571,34345,5163,41916
51,1391030767,222152092,322752307,1594044038,10174,10.174,0.1,5.0,100,0.35714285714285715,0.3562064379356206,0.3460990018333673,0.3047134520424959,-0.04138554979087139,0.8804227993387947,1699,3210,10182,23233,4909,33415
51,1391030767,222152092,322752307,1594044038,10174,10.174,0.1,10.0,100,0.5263157894736842,0.5236447635523644,0.5212830340932015,0.5199849878025896,-0.0012980462906119206,0.997509901136779,2584,2373,33252,30696,4957,63948
52,1109092959,312638414,2022393895,370949095,10301,10.301,0.0,1.0,0,0.0,0.0,0.0,0.0,0.0,nan,0,5036,0,55803,5036,55803
52,1109092959,312638414,2022393895,370949095,10301,10.301,0.01,1.0,10,0.01,0.00993990060099399,0.010127084988085783,0.021307098184685413,0.01118001319659963,2.1039714991779555,51,4985,1189,54614,5036,55803
52,1109092959,312638414,2022393895,370949095,10301,10.301,0.01,2.0,10,0.019801980198019802,0.02006979930200698,0.01998800719568259,0.019646941528356106,-0.0003410656673264838,0.982936484663656,100,4903,670,33432,5003,34102
52,1109092959,312638414,2022393895,370949095,10301,10.301,0.01,5.0,10,0.04807692307692308,0.04823951760482395,0.047472887251892776,0.030886504799548277,-0.0165863824523445,0.650613573083588,232,4655,1094,34326,4887,35420
52,1109092959,312638414,2022393895,370949095,10301,10.301,0.01,10.0,10,0.09174311926605505,0.0921990780092199,0.09809870550161812,0.10609575616975321,0.007997050668135094,1.0815204505221854,485,4459,5305,44697,4944,50002
52,1109092959,312638414,2022393895,370949095,10301,10.301,0.05,1.0,50,0.05,0.05003949960500395,0.0534154090548054,0.06379585326953748,0.010380444214732075,1.1943342641836088,269,4767,3560,52243,5036,55803
52,1109092959,312638414,2022393895,370949095,10301,10.301,0.05,2.0,50,0.09523809523809523,0.09433905660943391,0.0981169474727453,0.06930364756039792,-0.02881329991234738,0.7063371756408232,495,4550,2926,39294,5045,42220
52,1109092959,312638414,2022393895,370949095,10301,10.301,0.05,5.0,50,0.20833333333333334,0.2068979310206898,0.2083162638263007,0.19993264083383558,-0.008383622992465117,0.9597553122426601,1017,3865,11279,45135,4882,56414
52,1109092959,312638414,2022393895,370949095,10301,10.301,0.05,10.0,50,0.3448275862068966,0.34461655383446166,0.3454730417090539,0.27786042299980596,-0.06761261870924795,0.8042897403086257,1698,3217,12888,33495,4915,46383
52,1109092959,312638414,2022393895,370949095,10301,10.301,0.1,1.0,100,0.1,0.1004689953100469,0.10067513899920572,0.11825529093417916,0.017580151934973448,1.1746225742495588,507,4529,6599,49204,5036,55803
52,1109092959,312638414,2022393895,370949095,10301,10.301,0.1,2.0,100,0.18181818181818182,0.18066819331806683,0.18705603788476716,0.16019006821577061,-0.026865969668996542,0.8563747528665882,948,4120,8900,46659,5068,55559
52,1109092959,312638414,2022393895,370949095,10301,10.301,0.1,5.0,100,0.35714285714285715,0.35583644163558364,0.3463630868426355,0.37046033072304374,0.024097243880408237,1.0695722055721153,1719,3244,19065,32398,4963,51463
52,1109092959,312638414,2022393895,370949095,10301,10.301,0.1,10.0,100,0.5263157894736842,0.5272147278527215,0.5286611302410371,0.45260520176272356,-0.07605592847831355,0.8561348203458108,2610,2327,20952,25340,4937,46292
53,1000855095,1907985908,1209348577,497822167,10231,10.231,0.0,1.0,0,0.0,0.0,0.0,0.0,0.0,nan,0,4975,0,46505,4975,46505
53,1000855095,1907985908,1209348577,497822167,10231,10.231,0.01,1.0,10,0.01,0.00982990170098299,0.01185929648241206,0.007397054080206429,-0.004462242402205631,0.6237346448987625,59,4916,344,46161,4975,46505
53,1000855095,1907985908,1209348577,497822167,10231,10.231,0.01,2.0,10,0.019801980198019802,0.02004979950200498,0.018049833235236415,0.0295403647221926,0.011490531486956185,1.6366004237936487,92,5005,1108,36400,5097,37508
53,1000855095,1907985908,1209348577,497822167,10231,10.231,0.01,5.0,10,0.04807692307692308,0.04831951680483195,0.049019607843137254,0.04983381391560829,0.000814206072471034,1.016609803878409,245,4753,2264,43167,4998,45431
53,1000855095,1907985908,1209348577,497822167,10231,10.231,0.01,10.0,10,0.09174311926605505,0.0920390796092039,0.09117589512815497,0.0913219045365125,0.00014600940835753085,1.0016014036182732,466,4645,6174,61433,5111,67607
53,1000855095,1907985908,1209348577,497822167,10231,10.231,0.05,1.0,50,0.05,0.05017949820501795,0.054271356783919596,0.05111278357165896,-0.0031585732122606375,0.9418003639592716,270,4705,2377,44128,4975,46505
53,1000855095,1907985908,1209348577,497822167,10231,10.231,0.05,2.0,50,0.09523809523809523,0.0944190558094419,0.09757068896853843,0.0966715257531584,-0.0008991632153800277,0.9907844945558398,490,4532,3979,37181,5022,41160
53,1000855095,1907985908,1209348577,497822167,10231,10.231,0.05,5.0,50,0.20833333333333334,0.2078079219207808,0.21046349711557588,0.24177591648458363,0.03131241936900775,1.1487783857920624,1058,3969,7967,24985,5027,32952
53,1000855095,1907985908,1209348577,497822167,10231,10.231,0.05,10.0,50,0.3448275862068966,0.34581654183458166,0.3377643504531722,0.26001914665965875,-0.07774520379351346,0.7698241283036408,1677,3288,13852,39421,4965,53273
53,1000855095,1907985908,1209348577,497822167,10231,10.231,0.1,1.0,100,0.1,0.10057899421005789,0.10050251256281408,0.1046124072680357,0.00410989470522162,1.040893452316955,500,4475,4865,41640,4975,46505
53,1000855095,1907985908,1209348577,497822167,10231,10.231,0.1,2.0,100,0.18181818181818182,0.18325816741832582,0.18323471400394478,0.1901294776247553,0.006894763620810512,1.037628042580742,929,4141,11072,47162,5070,58234
53,1000855095,1907985908,1209348577,497822167,10231,10.231,0.1,5.0,100,0.35714285714285715,0.35746642533574663,0.35531496062992124,0.3570556468654614,0.0017406862355401342,1.004898995056257,1805,3275,15207,27383,5080,42590
53,1000855095,1907985908,1209348577,497822167,10231,10.231,0.1,10.0,100,0.5263157894736842,0.5269647303526964,0.5229158435401027,0.5383769463397565,0.015461102799653847,1.0295670957203806,2647,2415,21541,18470,5062,40011
54,965053607,1576556800,756295425,329862244,10239,10.239,0.0,1.0,0,0.0,0.0,0.0,0.0,0.0,nan,0,4850,0,42521,4850,42521
54,965053607,1576556800,756295425,329862244,10239,10.239,0.01,1.0,10,0.01,0.00952990470095299,0.007422680412371134,0.008113637967122127,0.0006909575547509933,1.0930873372372867,36,4814,345,42176,4850,42521
54,965053607,1576556800,756295425,329862244,10239,10.239,0.01,2.0,10,0.019801980198019802,0.01954980450195498,0.02118216663304418,0.023855519115863245,0.0026733524828190663,1.1262076976888964,105,4852,1062,43456,4957,44518
54,965053607,1576556800,756295425,329862244,10239,10.239,0.01,5.0,10,0.04807692307692308,0.04859951400485995,0.04700854700854701,0.024840813195243575,-0.022167733813303434,0.5284318443351815,231,4683,1619,63556,4914,65175
54,965053607,1576556800,756295425,329862244,10239,10.239,0.01,10.0,10,0.09174311926605505,0.09191908080919191,0.08932280847528043,0.09991471001404777,0.010591901538767337,1.1185800325758744,430,4384,3983,35881,4814,39864
54,965053607,1576556800,756295425,329862244,10239,10.239,0.05,1.0,50,0.05,0.04982950170498295,0.05154639175257732,0.03694644998941699,-0.014599941763160325,0.7167611297946896,250,4600,1571,40950,4850,42521
54,965053607,1576556800,756295425,329862244,10239,10.239,0.05,2.0,50,0.09523809523809523,0.0955690443095569,0.09289289289289289,0.08588526619892695,-0.007007626693965943,0.9245622945337071,464,4531,4162,44298,4995,48460
54,965053607,1576556800,756295425,329862244,10239,10.239,0.05,5.0,50,0.20833333333333334,0.2068879311206888,0.19211324570273003,0.1681769244572044,-0.023936321245525638,0.8754051488851323,950,3995,7498,37086,4945,44584
54,965053607,1576556800,756295425,329862244,10239,10.239,0.05,10.0,50,0.3448275862068966,0.34294657053429467,0.34331703341483294,0.346215872117697,0.0028988387028640594,1.0084436203879268,1685,3223,12237,23108,4908,35345
54,965053607,1576556800,756295425,329862244,10239,10.239,0.1,1.0,100,0.1,0.0998890011099889,0.1002061855670103,0.07847886926459867,-0.021727316302411634,0.7831739010973324,486,4364,3337,39184,4850,42521
54,965053607,1576556800,756295425,329862244,10239,10.239,0.1,2.0,100,0.18181818181818182,0.1807381926180738,0.18095430651031136,0.18992625217658507,0.008971945666273712,1.049581277391497,895,4051,7417,31635,4946,39052
54,965053607,1576556800,756295425,329862244,10239,10.239,0.1,5.0,100,0.35714285714285715,0.35752642473575263,0.35387109850020265,0.34900301020754587,-0.00486808829265678,0.9862433289599264,1746,3188,15420,28763,4934,44183
54,965053607,1576556800,756295425,329862244,10239,10.239,0.1,10.0,100,0.5263157894736842,0.5261947380526195,0.5307567786321328,0.5536747507078665,0.02291797207573376,1.0431798009905742,2623,2319,26985,21753,4942,48738
55,191591643,1144924932,1937653397,778890675,10315,10.315,0.0,1.0,0,0.0,0.0,0.0,0.0,0.0,nan,0,4975,0,31270,4975,31270
55,191591643,1144924932,1937653397,778890675,10315,10.315,0.01,1.0,10,0.01,0.00975990240097599,0.010452261306532663,0.003965462104253278,-0.006486799202279385,0.3793879609357704,52,4923,124,31146,4975,31270
55,191591643,1144924932,1937653397,778890675,10315,10.315,0.01,2.0,10,0.019801980198019802,0.01967980320196798,0.018522329697468615,0.005908564474019983,-0.012613765223448632,0.3189968308807011,90,4769,301,50642,4859,50943
55,191591643,1144924932,1937653397,778890675,10315,10.315,0.01,5.0,10,0.04807692307692308,0.04736952630473695,0.05208747514910537,0.03924454764076623,-0.012842927508339139,0.753435399362802,262,4768,1893,46343,5030,48236
55,191591643,1144924932,1937653397,778890675,10315,10.315,0.01,10.0,10,0.09174311926605505,0.0933290667093329,0.08613020622725434,0.08564754736568907,-0.0004826588615652744,0.994396171996944,426,4520,4950,52845,4946,57795
55,191591643,1144924932,1937653397,778890675,10315,10.315,0.05,1.0,50,0.05,0.05077949220507795,0.055879396984924626,0.07515190278221938,0.019272505797294753,1.3448946630990697,278,4697,2350,28920,4975,31270
55,191591643,1144924932,1937653397,778890675,10315,10.315,0.05,2.0,50,0.09523809523809523,0.0954590454095459,0.10869565217391304,0.14548918142788092,0.03679352925396788,1.3385004691365046,545,4469,5117,30054,5014,35171
55,191591643,1144924932,1937653397,778890675,10315,10.315,0.05,5.0,50,0.20833333333333334,0.2090879091209088,0.21213930348258705,0.253725293851179,0.041585990368591924,1.1960315212027903,1066,3959,10642,31301,5025,41943
55,191591643,1144924932,1937653397,778890675,10315,10.315,0.05,10.0,50,0.3448275862068966,0.34458655413445866,0.3332666132906325,0.36095547716215903,0.027688863871526526,1.0830832215628508,1665,3331,15655,27716,4996,43371
55,191591643,1144924932,1937653397,778890675,10315,10.315,0.1,1.0,100,0.1,0.1014189858101419,0.10552763819095477,0.10818676047329709,0.002659122282342316,1.025198349246958,525,4450,3383,27887,4975,31270
55,191591643,1144924932,1937653397,778890675,10315,10.315,0.1,2.0,100,0.18181818181818182,0.18265817341826582,0.18270571827057183,0.22797437782211488,0.04526865955154305,1.2477681595302013,917,4102,6513,22056,5019,28569
55,191591643,1144924932,1937653397,778890675,10315,10.315,0.1,5.0,100,0.35714285714285715,0.35514644853551464,0.36548725044475194,0.36754648335694673,0.002059232912194786,1.0056342127110836,1849,3210,21013,36158,5059,57171
55,191591643,1144924932,1937653397,778890675,10315,10.315,0.1,10.0,100,0.5263157894736842,0.5281047189528105,0.527254509018036,0.5632328952633037,0.03597838624526761,1.068237228188478,2631,2359,18300,14191,4990,32491
56,175242133,638869457,1823885194,255340214,10156,10.156,0.0,1.0,0,0.0,0.0,0.0,0.0,0.0,nan,0,4904,0,39390,4904,39390
56,175242133,638869457,1823885194,255340214,10156,10.156,0.01,1.0,10,0.01,0.009609903900960991,0.012234910277324634,0.008149276466108149,-0.004085633811216485,0.666067529829906,60,4844,321,39069,4904,39390
56,175242133,638869457,1823885194,255340214,10156,10.156,0.01,2.0,10,0.019801980198019802,0.01967980320196798,0.023464998044583497,0.03633622823201188,0.012871230187428383,1.5485289264875728,120,4994,1615,42831,5114,44446
56,175242133,638869457,1823885194,255340214,10156,10.156,0.01,5.0,10,0.04807692307692308,0.04786952130478695,0.05472837022132797,0.04643246781584115,-0.008295902405486819,0.8484167832526857,272,4698,2128,43702,4970,45830
56,175242133,638869457,1823885194,255340214,10156,10.156,0.01,10.0,10,0.09174311926605505,0.09266907330926691,0.09500489715964741,0.11152022678766353,0.01651532962801612,1.1738366139196337,485,4620,6845,54534,5105,61379
56,175242133,638869457,1823885194,255340214,10156,10.156,0.05,1.0,50,0.05,0.04982950170498295,0.054241435562805876,0.056664127951256665,0.0024226923884507895,1.0446649754622657,266,4638,2232,37158,4904,39390
56,175242133,638869457,1823885194,255340214,10156,10.156,0.05,2.0,50,0.09523809523809523,0.09489905100948991,0.09717314487632508,0.08180312653551475,-0.015370018340810337,0.8418285385291154,495,4599,4495,50454,5094,54949
56,175242133,638869457,1823885194,255340214,10156,10.156,0.05,5.0,50,0.20833333333333334,0.2084779152208478,0.21764237355635205,0.19618984539766093,-0.021452528158691114,0.9014322082223726,1093,3929,11256,46117,5022,57373
56,175242133,638869457,1823885194,255340214,10156,10.156,0.05,10.0,50,0.3448275862068966,0.34535654643453567,0.3499311159220626,0.3040849673202614,-0.045846148601801195,0.8689852187594197,1778,3303,16749,38331,5081,55080
56,175242133,638869457,1823885194,255340214,10156,10.156,0.1,1.0,100,0.1,0.0986090139098609,0.09930668841761828,0.09438943894389439,-0.004917249473723892,0.950484206531536,487,4417,3718,35672,4904,39390
56,175242133,638869457,1823885194,255340214,10156,10.156,0.1,2.0,100,0.18181818181818182,0.18329816701832982,0.18621788488348934,0.1493350345978309,-0.036882850285658436,0.8019371216210791,935,4086,9129,52002,5021,61131
56,175242133,638869457,1823885194,255340214,10156,10.156,0.1,5.0,100,0.35714285714285715,0.36054639453605464,0.35789683330013944,0.3068971721103678,-0.05099966118977162,0.8575017813946337,1797,3224,18764,42377,5021,61141
56,175242133,638869457,1823885194,255340214,10156,10.156,0.1,10.0,100,0.5263157894736842,0.5274447255527445,0.5149534561299267,0.4863841212004986,-0.028569334929428092,0.9445205492081991,2600,2449,20290,21426,5049,41716
57,1839126186,1870160365,1293644128,1548957518,10017,10.017,0.0,1.0,0,0.0,0.0,0.0,0.0,0.0,nan,0,5077,0,39677,5077,39677
57,1839126186,1870160365,1293644128,1548957518,10017,10.017,0.01,1.0,10,0.01,0.010579894201057989,0.009454402206027182,0.009224487738488293,-0.00022991446753888901,0.9756817551730221,48,5029,366,39311,5077,39677
57,1839126186,1870160365,1293644128,1548957518,10017,10.017,0.01,2.0,10,0.019801980198019802,0.01934980650193498,0.01916682964991199,0.021588167418441204,0.002421337768529215,1.1263295919437744,98,5015,1029,46636,5113,47665
57,1839126186,1870160365,1293644128,1548957518,10017,10.017,0.01,5.0,10,0.04807692307692308,0.04814951850481495,0.04703068951773615,0.029150909418332434,-0.01787978009940372,0.6198273875474243,236,4782,1295,43129,5018,44424
57,1839126186,1870160365,1293644128,1548957518,10017,10.017,0.01,10.0,10,0.09174311926605505,0.08998910010899891,0.09063565269701224,0.11385199240986717,0.02321633971285493,1.256150190592937,452,4535,3960,30822,4987,34782
57,1839126186,1870160365,1293644128,1548957518,10017,10.017,0.05,1.0,50,0.05,0.05044949550504495,0.051999212133149494,0.02628726970285052,-0.025711942430298975,0.5055320768233792,264,4813,1043,38634,5077,39677
57,1839126186,1870160365,1293644128,1548957518,10017,10.017,0.05,2.0,50,0.09523809523809523,0.0946790532094679,0.09232009675468655,0.10879681417513087,0.01647671742044432,1.1784737884777823,458,4503,4863,39835,4961,44698
57,1839126186,1870160365,1293644128,1548957518,10017,10.017,0.05,5.0,50,0.20833333333333334,0.2086579134208658,0.2035291758572288,0.22723293705701297,0.02370376119978418,1.1164637015796293,1015,3972,8047,27366,4987,35413
57,1839126186,1870160365,1293644128,1548957518,10017,10.017,0.05,10.0,50,0.3448275862068966,0.34525654743452566,0.3417898521773871,0.31888258192855795,-0.02290727024882916,0.9329784951106729,1711,3295,18595,39718,5006,58313
57,1839126186,1870160365,1293644128,1548957518,10017,10.017,0.1,1.0,100,0.1,0.1005489945100549,0.10143785700216663,0.07432517579454091,-0.027112681207625722,0.7327163446774451,515,4562,2949,36728,5077,39677
57,1839126186,1870160365,1293644128,1548957518,10017,10.017,0.1,2.0,100,0.18181818181818182,0.18086819131808682,0.1762132060461416,0.15744088267587905,-0.01877232337026255,0.8934681242599547,886,4142,5879,31462,5028,37341
57,1839126186,1870160365,1293644128,1548957518,10017,10.017,0.1,5.0,100,0.35714285714285715,0.35487645123548767,0.3575930067086806,0.368346970948127,0.010753964239446412,1.0300731950505042,1759,3160,19627,33657,4919,53284
57,1839126186,1870160365,1293644128,1548957518,10017,10.017,0.1,10.0,100,0.5263157894736842,0.5261447385526145,0.5116145133422921,0.4141646732690975,-0.09744984007319463,0.8095248716918308,2665,2544,18526,26205,5209,44731
58,2022873289,272329480,2034777638,318373562,10200,10.2,0.0,1.0,0,0.0,0.0,0.0,0.0,0.0,nan,0,5082,0,61987,5082,61987
58,2022873289,272329480,2034777638,318373562,10200,10.2,0.01,1.0,10,0.01,0.01028989710102899,0.01023219205037387,0.011147498669075774,0.0009153066187019051,1.0894536199277516,52,5030,691,61296,5082,61987
58,2022873289,272329480,2034777638,318373562,10200,10.2,0.01,2.0,10,0.019801980198019802,0.01986980130198698,0.021111332403903605,0.01588670272530114,-0.005224629678602464,0.7525201356956324,106,4915,608,37663,5021,38271
58,2022873289,272329480,2034777638,318373562,10200,10.2,0.01,5.0,10,0.04807692307692308,0.047249527504724956,0.05129740518962076,0.056924017404437414,0.005626612214816654,1.109686098039811,257,4753,3166,52452,5010,55618
58,2022873289,272329480,2034777638,318373562,10200,10.2,0.01,10.0,10,0.09174311926605505,0.0915490845091549,0.0912379421221865,0.10174093595272321,0.010502993830536711,1.1151165138783055,454,4522,3822,33744,4976,37566
58,2022873289,272329480,2034777638,318373562,10200,10.2,0.05,1.0,50,0.05,0.05033949660503395,0.048996458087367176,0.037878910094051976,-0.0111175479933152,0.7730948638472778,249,4833,2348,59639,5082,61987
58,2022873289,272329480,2034777638,318373562,10200,10.2,0.05,2.0,50,0.09523809523809523,0.09582904170958291,0.0958627648839556,0.11992939864990401,0.024066633765948406,1.2510529901268934,475,4480,3873,28421,4955,32294
58,2022873289,272329480,2034777638,318373562,10200,10.2,0.05,5.0,50,0.20833333333333334,0.2111378886211138,0.2155448717948718,0.24115170988069443,0.02560683808582262,1.1188004978851547,1076,3916,9682,30467,4992,40149
58,2022873289,272329480,2034777638,318373562,10200,10.2,0.05,10.0,50,0.3448275862068966,0.34435655643443563,0.3373518183644766,0.3492011045290411,0.011849286164564488,1.035124417653983,1679,3298,14796,27575,4977,42371
58,2022873289,272329480,2034777638,318373562,10200,10.2,0.1,1.0,100,0.1,0.1012089879101209,0.10094451003541913,0.08340458483230355,-0.017539925203115578,0.8262419105609486,513,4569,5170,56817,5082,61987
58,2022873289,272329480,2034777638,318373562,10200,10.2,0.1,2.0,100,0.18181818181818182,0.1819881801181988,0.18262237074896795,0.15494161207633153,-0.02768075867263642,0.8484262439529586,929,4158,6528,35604,5087,42132
58,2022873289,272329480,2034777638,318373562,10200,10.2,0.1,5.0,100,0.35714285714285715,0.35774642253577466,0.35946655890078805,0.3414157133243607,-0.018050845576427332,0.9497843537055993,1779,3170,16235,31317,4949,47552
58,2022873289,272329480,2034777638,318373562,10200,10.2,0.1,10.0,100,0.5263157894736842,0.5260147398526015,0.5310891089108911,0.603343047231539,0.07225393832064786,1.1360486161518537,2682,2368,21946,14428,5050,36374
59,51904844,1496967971,58558910,1617344534,10194,10.194,0.0,1.0,0,0.0,0.0,0.0,0.0,0.0,nan,0,5020,0,37505,5020,37505
59,51904844,1496967971,58558910,1617344534,10194,10.194,0.01,1.0,10,0.01,0.01008989910100899,0.009561752988047808,0.010905212638314891,0.0013434596502670832,1.1405034884237657,48,4972,409,37096,5020,37505
59,51904844,1496967971,58558910,1617344534,10194,10.194,0.01,2.0,10,0.019801980198019802,0.01938980610193898,0.0190648203893237,0.026509159565239578,0.007444339175915877,1.3904751801430402,95,4888,1039,38155,4983,39194
59,51904844,1496967971,58558910,1617344534,10194,10.194,0.01,5.0,10,0.04807692307692308,0.04883951160488395,0.049538708383473726,0.04800956299343934,-0.0015291453900343824,0.9691323120861886,247,4739,1727,34245,4986,35972
59,51904844,1496967971,58558910,1617344534,10194,10.194,0.01,10.0,10,0.09174311926605505,0.0933590664093359,0.08916946143223516,0.07465056278529103,-0.014518898646944126,0.8371763335368146,452,4617,2633,32638,5069,35271
59,51904844,1496967971,58558910,1617344534,10194,10.194,0.05,1.0,50,0.05,0.05107948920510795,0.04860557768924303,0.043647513664844685,-0.004958064024398343,0.8979939286783619,244,4776,1637,35868,5020,37505
59,51904844,1496967971,58558910,1617344534,10194,10.194,0.05,2.0,50,0.09523809523809523,0.09595904040959591,0.09832469086557638,0.08712027491408934,-0.011204415951487037,0.8860467716414685,493,4521,3169,33206,5014,36375
59,51904844,1496967971,58558910,1617344534,10194,10.194,0.05,5.0,50,0.20833333333333334,0.20768792312076878,0.21359030399364196,0.2251870387866098,0.011596734792967855,1.0542942941516347,1075,3958,8819,30344,5033,39163
59,51904844,1496967971,58558910,1617344534,10194,10.194,0.05,10.0,50,0.3448275862068966,0.34793652063479363,0.3414535119772635,0.31129502057422903,-0.03015849140303445,0.9116761423000311,1682,3244,13466,29792,4926,43258
59,51904844,1496967971,58558910,1617344534,10194,10.194,0.1,1.0,100,0.1,0.1009889901100989,0.09780876494023905,0.09742700973203573,-0.0003817552082033132,0.996096922311241,491,4529,3654,33851,5020,37505
59,51904844,1496967971,58558910,1617344534,10194,10.194,0.1,2.0,100,0.18181818181818182,0.18180818191818082,0.1813765182186235,0.1335760033175137,-0.047800514901109786,0.7364569825764706,896,4044,5798,37608,4940,43406
59,51904844,1496967971,58558910,1617344534,10194,10.194,0.1,5.0,100,0.35714285714285715,0.3585464145358546,0.36295270136552543,0.3075008015691896,-0.05545189979633586,0.8472200383473909,1834,3219,16304,36717,5053,53021
59,51904844,1496967971,58558910,1617344534,10194,10.194,0.1,10.0,100,0.5263157894736842,0.5276347236527634,0.5287748145177461,0.5810840899532421,0.05230927543549602,1.0989254291227981,2637,2350,23488,16933,4987,40421
60,1432442171,1025902284,2132394949,218128397,10140,10.14,0.0,1.0,0,0.0,0.0,0.0,0.0,0.0,nan,0,5058,0,40298,5058,40298
60,1432442171,1025902284,2132394949,218128397,10140,10.14,0.01,1.0,10,0.01,0.009609903900960991,0.00830367734282325,0.006104521316194352,-0.0021991560266288977,0.7351587813645485,42,5016,246,40052,5058,40298
60,1432442171,1025902284,2132394949,218128397,10140,10.14,0.01,2.0,10,0.019801980198019802,0.01984980150198498,0.02132748654574447,0.01649059881749657,-0.004836887728247901,0.7732087314708438,107,4910,1177,70197,5017,71374
60,1432442171,1025902284,2132394949,218128397,10140,10.14,0.01,5.0,10,0.04807692307692308,0.04854951450485495,0.04725859247135843,0.04744754401479218,0.00018895154343375603,1.0039982473779403,231,4657,2951,59244,4888,62195
60,1432442171,1025902284,2132394949,218128397,10140,10.14,0.01,10.0,10,0.09174311926605505,0.0930390696093039,0.09503239740820735,0.11464847451203335,0.019616077103826,1.2064146295243507,484,4609,4840,37376,5093,42216
60,1432442171,1025902284,2132394949,218128397,10140,10.14,0.05,1.0,50,0.05,0.04940950590494095,0.048438117833135626,0.05883666683210085,0.010398548998965224,1.2146769830072086,245,4813,2371,37927,5058,40298
60,1432442171,1025902284,2132394949,218128397,10140,10.14,0.05,2.0,50,0.09523809523809523,0.09478905210947891,0.09542139384116693,0.10522866638580723,0.009807272544640297,1.1027785504890542,471,4465,4496,38230,4936,42726
60,1432442171,1025902284,2132394949,218128397,10140,10.14,0.05,5.0,50,0.20833333333333334,0.2081679183208168,0.21143919058434854,0.21110586290370195,-0.000333327680646589,0.9984235293385044,1024,3819,7151,26723,4843,33874
60,1432442171,1025902284,2132394949,218128397,10140,10.14,0.05,10.0,50,0.3448275862068966,0.34455655443445565,0.3557940767243093,0.3394371296278653,-0.016356947096443974,0.9540269269037935,1790,3241,17814,34667,5031,52481
60,1432442171,1025902284,2132394949,218128397,10140,10.14,0.1,1.0,100,0.1,0.0983990160098399,0.09628311585606959,0.10608466921435307,0.009801553358283477,1.101799295454205,487,4571,4275,36023,5058,40298
60,1432442171,1025902284,2132394949,218128397,10140,10.14,0.1,2.0,100,0.18181818181818182,0.1810981890181098,0.17544204322200393,0.1862275088760957,0.010785465654091775,1.0614759464494146,893,4197,9284,40569,5090,49853
60,1432442171,1025902284,2132394949,218128397,10140,10.14,0.1,5.0,100,0.35714285714285715,0.3579664203357966,0.3709515188090927,0.321163807810416,-0.04978771099867674,0.865783779081116,1844,3127,20708,43770,4971,64478
60,1432442171,1025902284,2132394949,218128397,10140,10.14,0.1,10.0,100,0.5263157894736842,0.5297047029529705,0.5234831687159847,0.5526146936156561,0.029131524899671413,1.0556494012426916,2597,2364,27560,22312,4961,49872
61,666606988,1656292906,1379885613,852462275,10205,10.205,0.0,1.0,0,0.0,0.0,0.0,0.0,0.0,nan,0,4880,0,42081,4880,42081
61,666606988,1656292906,1379885613,852462275,10205,10.205,0.01,1.0,10,0.01,0.010149898501014989,0.010450819672131148,0.00406359164468525,-0.006387228027445898,0.3888299456090984,51,4829,171,41910,4880,42081
61,666606988,1656292906,1379885613,852462275,10205,10.205,0.01,2.0,10,0.019801980198019802,0.02035979640203598,0.018361303060217177,0.006850994696992919,-0.011510308363224258,0.3731213778523563,93,4972,447,64799,5065,65246
61,666606988,1656292906,1379885613,852462275,10205,10.205,0.01,5.0,10,0.04807692307692308,0.048199518004819954,0.05267326732673267,0.041883923785390575,-0.010789343541342096,0.7951647184820392,266,4784,1719,39323,5050,41042
61,666606988,1656292906,1379885613,852462275,10205,10.205,0.01,10.0,10,0.09174311926605505,0.09191908080919191,0.0928600080224629,0.08262431005808768,-0.01023569796437522,0.889772807666577,463,4523,3428,38061,4986,41489
61,666606988,1656292906,1379885613,852462275,10205,10.205,0.05,1.0,50,0.05,0.05033949660503395,0.05348360655737705,0.05570209833416506,0.002218491776788012,1.0414798462479904,261,4619,2344,39737,4880,42081
61,666606988,1656292906,1379885613,852462275,10205,10.205,0.05,2.0,50,0.09523809523809523,0.0960190398096019,0.08991663358475585,0.07891605687429354,-0.011000576710462312,0.8776580453260284,453,4585,5306,61930,5038,67236
61,666606988,1656292906,1379885613,852462275,10205,10.205,0.05,5.0,50,0.20833333333333334,0.20743792562074378,0.2084604433597722,0.25235471462730014,0.04389427126752793,1.210564031046278,1025,3892,12137,35958,4917,48095
61,666606988,1656292906,1379885613,852462275,10205,10.205,0.05,10.0,50,0.3448275862068966,0.34754652453475465,0.3503575076608784,0.3018090547452169,-0.04854845291566151,0.8614316752057358,1715,3180,12746,29486,4895,42232
61,666606988,1656292906,1379885613,852462275,10205,10.205,0.1,1.0,100,0.1,0.1004989950100499,0.10573770491803279,0.08937525248924692,-0.016362452428785867,0.8452543258672964,516,4364,3761,38320,4880,42081
61,666606988,1656292906,1379885613,852462275,10205,10.205,0.1,2.0,100,0.18181818181818182,0.18085819141808582,0.17161186848436247,0.2450733554188358,0.07346148693447332,1.4280676364826552,856,4132,12946,39879,4988,52825
61,666606988,1656292906,1379885613,852462275,10205,10.205,0.1,5.0,100,0.35714285714285715,0.35839641603583966,0.35255032245456325,0.32890411673652536,-0.023646205718037883,0.932928140432816,1804,3313,18911,38586,5117,57497
61,666606988,1656292906,1379885613,852462275,10205,10.205,0.1,10.0,100,0.5263157894736842,0.5260347396526035,0.5349574173103585,0.528463538442491,-0.006493878867867453,0.9878609424643233,2701,2348,21342,19043,5049,40385
62,1452183140,551211323,129187787,640863030,10140,10.14,0.0,1.0,0,0.0,0.0,0.0,0.0,0.0,nan,0,5059,0,64222,5059,64222
62,1452183140,551211323,129187787,640863030,10140,10.14,0.01,1.0,10,0.01,0.01059989400105999,0.012650721486459775,0.013686898570583288,0.001036177084123513,1.0819065604465758,64,4995,879,63343,5059,64222
62,1452183140,551211323,129187787,640863030,10140,10.14,0.01,2.0,10,0.019801980198019802,0.018879811201887982,0.021622693909938505,0.013067980724728432,-0.008554713185210073,0.6043641360858351,109,4932,480,36251,5041,36731
62,1452183140,551211323,129187787,640863030,10140,10.14,0.01,5.0,10,0.04807692307692308,0.04691953080469195,0.04825090470446321,0.05468153352680617,0.006430628822342965,1.133274782343058,240,4734,2148,37134,4974,39282
62,1452183140,551211323,129187787,640863030,10140,10.14,0.01,10.0,10,0.09174311926605505,0.0927890721092789,0.09278350515463918,0.05539153662308449,-0.03739196853155469,0.596997672493244,450,4400,3152,53752,4850,56904
62,1452183140,551211323,129187787,640863030,10140,10.14,0.05,1.0,50,0.05,0.05012949870501295,0.05416090136390591,0.06180125190744604,0.007640350543540134,1.1410676401451443,274,4785,3969,60253,5059,64222
62,1452183140,551211323,129187787,640863030,10140,10.14,0.05,2.0,50,0.09523809523809523,0.0948390516094839,0.09078240095560422,0.08042139624601231,-0.010361004709591906,0.8858698976835961,456,4567,3252,37185,5023,40437
62,1452183140,551211323,129187787,640863030,10140,10.14,0.05,5.0,50,0.20833333333333334,0.2078179218207818,0.21297037630104082,0.1945208986750304,-0.01844947762601043,0.9133706858838834,1064,3932,9117,37752,4996,46869
62,1452183140,551211323,129187787,640863030,10140,10.14,0.05,10.0,50,0.3448275862068966,0.34593654063459367,0.33665934943125125,0.2865853658536585,-0.05007398357759274,0.8512621625919874,1687,3324,16262,40482,5011,56744
62,1452183140,551211323,129187787,640863030,10140,10.14,0.1,1.0,100,0.1,0.1001989980100199,0.104763787309745,0.11787238018124631,0.013108592871501304,1.1251252289375946,530,4529,7570,56652,5059,64222
62,1452183140,551211323,129187787,640863030,10140,10.14,0.1,2.0,100,0.18181818181818182,0.18211817881821182,0.18533360048086556,0.19942662605267872,0.014093025571813161,1.0760413952745076,925,4066,7791,31276,4991,39067
62,1452183140,551211323,129187787,640863030,10140,10.14,0.1,5.0,100,0.35714285714285715,0.3573864261357386,0.35081967213114756,0.2835123841471349,-0.06730728798401264,0.8081427772418331,1712,3168,19608,49553,4880,69161
62,1452183140,551211323,129187787,640863030,10140,10.14,0.1,10.0,100,0.5263157894736842,0.5251547484525155,0.5160714285714286,0.5221386049646186,0.006067176393189988,1.011756466367427,2601,2439,23243,21272,5040,44515
63,1261504252,1353003070,66822872,1238465200,10019,10.019,0.0,1.0,0,0.0,0.0,0.0,0.0,0.0,nan,0,4930,0,36581,4930,36581
63,1261504252,1353003070,66822872,1238465200,10019,10.019,0.01,1.0,10,0.01,0.011009889901100989,0.00973630831643002,0.006123397392088789,-0.0036129109243412307,0.6289239404791194,48,4882,224,36357,4930,36581
63,1261504252,1353003070,66822872,1238465200,10019,10.019,0.01,2.0,10,0.019801980198019802,0.02005979940200598,0.024954351795496044,0.019758883583507005,-0.005195468211989039,0.7918011153098051,123,4806,749,37158,4929,37907
63,1261504252,1353003070,66822872,1238465200,10019,10.019,0.01,5.0,10,0.04807692307692308,0.04952950470495295,0.05266295707472178,0.03497156291596799,-0.017691394158753794,0.6640637909175506,265,4767,2023,55824,5032,57847
63,1261504252,1353003070,66822872,1238465200,10019,10.019,0.01,10.0,10,0.09174311926605505,0.0908190918090819,0.0931714115070675,0.08377910432333256,-0.009392307183734933,0.8991932500344005,468,4555,3242,35455,5023,38697
63,1261504252,1353003070,66822872,1238465200,10019,10.019,0.05,1.0,50,0.05,0.05141948580514195,0.04827586206896552,0.05043601869823132,0.0021601566292658025,1.0447461016062203,238,4692,1845,34736,4930,36581
63,1261504252,1353003070,66822872,1238465200,10019,10.019,0.05,2.0,50,0.09523809523809523,0.0951690483095169,0.09317637669592976,0.09231705667523332,-0.0008593200206964413,0.990777490484517,467,4545,4095,40263,5012,44358
63,1261504252,1353003070,66822872,1238465200,10019,10.019,0.05,5.0,50,0.20833333333333334,0.20921790782092178,0.20695165801038753,0.2807333563638158,0.07378169835342827,1.356516584900832,1036,3970,11377,29149,5006,40526
63,1261504252,1353003070,66822872,1238465200,10019,10.019,0.05,10.0,50,0.3448275862068966,0.34679653203467964,0.3531923546156974,0.3027892283391763,-0.050403126276521104,0.8572927029200168,1737,3181,15719,36195,4918,51914
63,1261504252,1353003070,66822872,1238465200,10019,10.019,0.1,1.0,100,0.1,0.1009889901100989,0.09269776876267749,0.09406522511686395,0.001367456354186461,1.0147517720484447,457,4473,3441,33140,4930,36581
63,1261504252,1353003070,66822872,1238465200,10019,10.019,0.1,2.0,100,0.18181818181818182,0.18209817901820982,0.18154643284176963,0.19548777730321834,0.013941344461448707,1.07679216960214,911,4107,7781,32022,5018,39803
63,1261504252,1353003070,66822872,1238465200,10019,10.019,0.1,5.0,100,0.35714285714285715,0.35907640923590767,0.36136453788179296,0.39444028453762636,0.033075746655833405,1.0915301397578003,1822,3220,21071,32349,5042,53420
63,1261504252,1353003070,66822872,1238465200,10019,10.019,0.1,10.0,100,0.5263157894736842,0.5258847411525884,0.5211778943122227,0.4883243841090319,-0.03285351020319083,0.9369629630079643,2584,2374,27374,28683,4958,56057
64,725963712,938137101,706191908,1242671089,10204,10.204,0.0,1.0,0,0.0,0.0,0.0,0.0,0.0,nan,0,4843,0,44292,4843,44292
64,725963712,938137101,706191908,1242671089,10204,10.204,0.01,1.0,10,0.01,0.010259897401025989,0.010943629981416477,0.012078930732412174,0.0011353007509956967,1.1037407837183426,53,4790,535,43757,4843,44292
64,725963712,938137101,706191908,1242671089,10204,10.204,0.01,2.0,10,0.019801980198019802,0.01955980440195598,0.018944795273986556,0.018674517557055056,-0.0002702777169314996,0.9857334052428308,93,4816,869,45665,4909,46534
64,725963712,938137101,706191908,1242671089,10204,10.204,0.01,5.0,10,0.04807692307692308,0.04807951920480795,0.054048663741523735,0.06551279869703673,0.011464134955512996,1.2121076482174988,271,4743,2695,38442,5014,41137
64,725963712,938137101,706191908,1242671089,10204,10.204,0.01,10.0,10,0.09174311926605505,0.09132908670913291,0.09540846750149076,0.047856362643364285,-0.04755210485812648,0.5015945009557619,480,4551,2804,55788,5031,58592
64,725963712,938137101,706191908,1242671089,10204,10.204,0.05,1.0,50,0.05,0.05126948730512695,0.055750567829857524,0.0757021584033234,0.01995159057346587,1.3578724190640563,270,4573,3353,40939,4843,44292
64,725963712,938137101,706191908,1242671089,10204,10.204,0.05,2.0,50,0.09523809523809523,0.09550904490955091,0.09475160256410256,0.06713438768749894,-0.027617214876603624,0.7085303664608767,473,4519,3952,54915,4992,58867
64,725963712,938137101,706191908,1242671089,10204,10.204,0.05,5.0,50,0.20833333333333334,0.2067379326206738,0.21558441558441557,0.2324171382376718,0.01683272265325622,1.0780794966446223,1079,3926,8050,26586,5005,34636
64,725963712,938137101,706191908,1242671089,10204,10.204,0.05,10.0,50,0.3448275862068966,0.34529654703452967,0.34162118455629675,0.35143341779574055,0.009812233239443802,1.0287225549322654,1690,3257,16782,30971,4947,47753
64,725963712,938137101,706191908,1242671089,10204,10.204,0.1,1.0,100,0.1,0.1022689773102269,0.11026223415238488,0.11094554321322135,0.0006833090608364678,1.0061971269318932,534,4309,4914,39378,4843,44292
64,725963712,938137101,706191908,1242671089,10204,10.204,0.1,2.0,100,0.18181818181818182,0.17921820781792183,0.18590130916414904,0.16481327031785747,-0.021088038846291568,0.8865632579936754,923,4042,7114,36050,4965,43164
64,725963712,938137101,706191908,1242671089,10204,10.204,0.1,5.0,100,0.35714285714285715,0.35712642873571265,0.36198019801980197,0.34218234103738415,-0.019797856982417816,0.9453067955354432,1828,3222,12851,24705,5050,37556
64,725963712,938137101,706191908,1242671089,10204,10.204,0.1,10.0,100,0.5263157894736842,0.5251147488525115,0.5297199274632279,0.5519207338099726,0.022200806346744706,1.0419104609733336,2629,2334,24008,19491,4963,43499
65,2100300384,1941532472,2063167695,1944305798,10114,10.114,0.0,1.0,0,0.0,0.0,0.0,0.0,0.0,nan,0,5013,0,40847,5013,40847
65,2100300384,1941532472,2063167695,1944305798,10114,10.114,0.01,1.0,10,0.01,0.01049989500104999,0.009375623379214043,0.011261536954978333,0.0018859135757642899,1.201150739474604,47,4966,460,40387,5013,40847
65,2100300384,1941532472,2063167695,1944305798,10114,10.114,0.01,2.0,10,0.019801980198019802,0.02046979530204698,0.01862123613312203,0.024486436434719983,0.0058652003015979524,1.3149737353453879,94,4954,714,28445,5048,29159
65,2100300384,1941532472,2063167695,1944305798,10114,10.114,0.01,5.0,10,0.04807692307692308,0.04867951320486795,0.047656098035401676,0.029637209661537274,-0.0180188883738644,0.6218975300814821,245,4896,1535,50258,5141,51793
65,2100300384,1941532472,2063167695,1944305798,10114,10.114,0.01,10.0,10,0.09174311926605505,0.09268907310926891,0.09947111472742066,0.08644545312255439,-0.013025661604866276,0.8690508129866613,489,4427,5523,58367,4916,63890
65,2100300384,1941532472,2063167695,1944305798,10114,10.114,0.05,1.0,50,0.05,0.050739492605073946,0.04608019150209455,0.05909858741156021,0.013018395909465658,1.2825160982430794,231,4782,2414,38433,5013,40847
65,2100300384,1941532472,2063167695,1944305798,10114,10.114,0.05,2.0,50,0.09523809523809523,0.0957290427095729,0.0913170731707317,0.10667725902387354,0.015360185853141833,1.1682071634558802,468,4657,5237,43855,5125,49092
65,2100300384,1941532472,2063167695,1944305798,10114,10.114,0.05,5.0,50,0.20833333333333334,0.2071779282207178,0.2135490394337715,0.1965629384007142,-0.016986101033057283,0.9204580780222839,1056,3889,6165,25199,4945,31364
65,2100300384,1941532472,2063167695,1944305798,10114,10.114,0.05,10.0,50,0.3448275862068966,0.34713652863471367,0.343965867533523,0.3386005145989484,-0.005365352934574574,0.9844014960756196,1693,3229,12107,23649,4922,35756
65,2100300384,1941532472,2063167695,1944305798,10114,10.114,0.1,1.0,100,0.1,0.1001889981100189,0.09395571514063435,0.09795088990623546,0.003995174765601114,1.0425218919319712,471,4542,4001,36846,5013,40847
65,2100300384,1941532472,2063167695,1944305798,10114,10.114,0.1,2.0,100,0.18181818181818182,0.1813781862181378,0.17572391907973026,0.16333489510125462,-0.012389023978475633,0.9294972247184264,886,4156,6275,32143,5042,38418
65,2100300384,1941532472,2063167695,1944305798,10114,10.114,0.1,5.0,100,0.35714285714285715,0.35729642703572967,0.35883905013192613,0.35213720749149624,-0.006701842640429889,0.9813235414652726,1768,3159,17185,31617,4927,48802
65,2100300384,1941532472,2063167695,1944305798,10114,10.114,0.1,10.0,100,0.5263157894736842,0.5256347436525635,0.5288385043754972,0.4968718718718719,-0.0319666325036253,0.9395531296621933,2659,2369,23826,24126,5028,47952
66,1390708644,1097138598,1721849170,848040038,10078,10.078,0.0,1.0,0,0.0,0.0,0.0,0.0,0.0,nan,0,4961,0,44996,4961,44996
66,1390708644,1097138598,1721849170,848040038,10078,10.078,0.01,1.0,10,0.01,0.00974990250097499,0.008466035073573876,0.009089696861943284,0.0006236617883694073,1.0736663364785863,42,4919,409,44587,4961,44996
66,1390708644,1097138598,1721849170,848040038,10078,10.078,0.01,2.0,10,0.019801980198019802,0.02030979690203098,0.023819055244195357,0.017623684290350956,-0.006195370953844401,0.7398985438201123,119,4877,581,32386,4996,32967
66,1390708644,1097138598,1721849170,848040038,10078,10.078,0.01,5.0,10,0.04807692307692308,0.047909520904790955,0.0497639653815893,0.03607064224481192,-0.013693323136777381,0.7248345658996987,253,4831,1540,41154,5084,42694
66,1390708644,1097138598,1721849170,848040038,10078,10.078,0.01,10.0,10,0.09174311926605505,0.09086909130908691,0.09764376996805112,0.05990381500585582,-0.037739954962195295,0.6134934673810347,489,4519,2404,37727,5008,40131
66,1390708644,1097138598,1721849170,848040038,10078,10.078,0.05,1.0,50,0.05,0.05066949330506695,0.052811933078008466,0.05889412392212641,0.006082190844117943,1.1151669800674393,262,4699,2650,42346,4961,44996
66,1390708644,1097138598,1721849170,848040038,10078,10.078,0.05,2.0,50,0.09523809523809523,0.09534904650953491,0.09985991594956974,0.08623633501119808,-0.013623580938371654,0.8635730782584305,499,4498,3889,41208,4997,45097
66,1390708644,1097138598,1721849170,848040038,10078,10.078,0.05,5.0,50,0.20833333333333334,0.2105178948210518,0.21564027370478983,0.25135527860057005,0.03571500489578022,1.1656230734740851,1103,4012,8995,26791,5115,35786
66,1390708644,1097138598,1721849170,848040038,10078,10.078,0.05,10.0,50,0.3448275862068966,0.3454065459345407,0.3448487326246934,0.34317343173431736,-0.0016753008903760414,0.9951419253374514,1687,3205,16554,31684,4892,48238
66,1390708644,1097138598,1721849170,848040038,10078,10.078,0.1,1.0,100,0.1,0.1003389966100339,0.09937512598266479,0.1851942394879545,0.0858191135052897,1.8635874687621545,493,4468,8333,36663,4961,44996
66,1390708644,1097138598,1721849170,848040038,10078,10.078,0.1,2.0,100,0.18181818181818182,0.18246817531824683,0.1823458767013611,0.2007626394337183,0.018416762732357206,1.10099906323914,911,4085,9161,36470,4996,45631
66,1390708644,1097138598,1721849170,848040038,10078,10.078,0.1,5.0,100,0.35714285714285715,0.35810641893581063,0.3519321766561514,0.3826662960904206,0.03073411943426918,1.0873296659779346,1785,3287,16522,26654,5072,43176
66,1390708644,1097138598,1721849170,848040038,10078,10.078,0.1,10.0,100,0.5263157894736842,0.5244547554524455,0.5216958598726115,0.5630148270181219,0.04131896714551042,1.0792012556043664,2621,2403,30074,23342,5024,53416
67,709739252,902232106,12753647,9191541,10333,10.333,0.0,1.0,0,0.0,0.0,0.0,0.0,0.0,nan,0,4998,0,42572,4998,42572
67,709739252,902232106,12753647,9191541,10333,10.333,0.01,1.0,10,0.01,0.00966990330096699,0.010604241696678672,0.009513295123555388,-0.0010909465731232838,0.8971216797647137,53,4945,405,42167,4998,42572
67,709739252,902232106,12753647,9191541,10333,10.333,0.01,2.0,10,0.019801980198019802,0.01975980240197598,0.022408963585434174,0.01871961613738241,-0.003689347448051765,0.83536287013069,112,4886,593,31085,4998,31678
67,709739252,902232106,12753647,9191541,10333,10.333,0.01,5.0,10,0.04807692307692308,0.04786952130478695,0.04709995886466475,0.05033606727267344,0.0032361084080086908,1.0687072448896866,229,4633,1700,32073,4862,33773
67,709739252,902232106,12753647,9191541,10333,10.333,0.01,10.0,10,0.09174311926605505,0.09122908770912291,0.08905343205923553,0.16227325529443304,0.0732198232351975,1.8222010263062516,445,4552,7264,37500,4997,44764
67,709739252,902232106,12753647,9191541,10333,10.333,0.05,1.0,50,0.05,0.05004949950500495,0.05582232893157263,0.05132481443202105,-0.004497514499551582,0.9194316219757749,279,4719,2185,40387,4998,42572
67,709739252,902232106,12753647,9191541,10333,10.333,0.05,2.0,50,0.09523809523809523,0.0945190548094519,0.1061034761519806,0.08036680106205134,-0.02573667508992926,0.7574379650572001,525,4423,3269,37407,4948,40676
67,709739252,902232106,12753647,9191541,10333,10.333,0.05,5.0,50,0.20833333333333334,0.2068879311206888,0.21446128635804998,0.19231516093014225,-0.022146125427907726,0.8967360225988104,1047,3835,7923,33275,4882,41198
67,709739252,902232106,12753647,9191541,10333,10.333,0.05,10.0,50,0.3448275862068966,0.3418165818341817,0.33110164333536213,0.3292278224459342,-0.0018738208894279462,0.9943406475710843,1632,3297,14782,30117,4929,44899
67,709739252,902232106,12753647,9191541,10333,10.333,0.1,1.0,100,0.1,0.0991690083099169,0.10484193677470989,0.11512261580381472,0.01028067902910483,1.0980588431058511,524,4474,4901,37671,4998,42572
67,709739252,902232106,12753647,9191541,10333,10.333,0.1,2.0,100,0.18181818181818182,0.1825581744182558,0.18724696356275303,0.1619296358887694,-0.02531732767398362,0.8647917851789415,925,4015,5270,27275,4940,32545
67,709739252,902232106,12753647,9191541,10333,10.333,0.1,5.0,100,0.35714285714285715,0.3580464195358046,0.3624300228073813,0.31316570041795877,-0.04926432238942252,0.8640721814163702,1748,3075,18582,40754,4823,59336
67,709739252,902232106,12753647,9191541,10333,10.333,0.1,10.0,100,0.5263157894736842,0.5242147578524214,0.5268753691671589,0.4950189973125753,-0.03185637185458362,0.9395371776347421,2676,2403,21367,21797,5079,43164
68,1233648267,1032836479,2074219073,50870773,10072,10.072,0.0,1.0,0,0.0,0.0,0.0,0.0,0.0,nan,0,5102,0,48249,5102,48249
68,1233648267,1032836479,2074219073,50870773,10072,10.072,0.01,1.0,10,0.01,0.00952990470095299,0.00862406899255194,0.0033783083587224606,-0.00524576063382948,0.39173021014095444,44,5058,163,48086,5102,48249
68,1233648267,1032836479,2074219073,50870773,10072,10.072,0.01,2.0,10,0.019801980198019802,0.01988980110198898,0.02401921537229784,0.01920780848904543,-0.004811406883252409,0.799685093427258,120,4876,1287,65717,4996,67004
68,1233648267,1032836479,2074219073,50870773,10072,10.072,0.01,5.0,10,0.04807692307692308,0.04895951040489595,0.05281332520820638,0.024836261247475056,-0.02797706396073132,0.4702650543127681,260,4663,1623,63725,4923,65348
68,1233648267,1032836479,2074219073,50870773,10072,10.072,0.01,10.0,10,0.09174311926605505,0.09045909540904591,0.09065716547901821,0.09248260272151057,0.0018254372424923587,1.0201356090591078,458,4594,4173,40949,5052,45122
68,1233648267,1032836479,2074219073,50870773,10072,10.072,0.05,1.0,50,0.05,0.05019949800501995,0.05017640141121129,0.03637381085618355,-0.013802590555027743,0.7249186835478455,256,4846,1755,46494,5102,48249
68,1233648267,1032836479,2074219073,50870773,10072,10.072,0.05,2.0,50,0.09523809523809523,0.09508904910950891,0.09269162210338681,0.1069222109338532,0.014230588830466392,1.153526160267147,468,4581,3894,32525,5049,36419
68,1233648267,1032836479,2074219073,50870773,10072,10.072,0.05,5.0,50,0.20833333333333334,0.2086879131208688,0.20701471477524694,0.1729603370324702,-0.034054377742776726,0.8354977916437046,1027,3934,6733,32195,4961,38928
68,1233648267,1032836479,2074219073,50870773,10072,10.072,0.05,10.0,50,0.3448275862068966,0.34455655443445565,0.343893205817892,0.28317600551468003,-0.06071720030321198,0.8234416985389218,1726,3293,20129,50954,5019,71083
68,1233648267,1032836479,2074219073,50870773,10072,10.072,0.1,1.0,100,0.1,0.1001289987100129,0.0999607996863975,0.08965988932413108,-0.010300910362266422,0.8969505006504249,510,4592,4326,43923,5102,48249
68,1233648267,1032836479,2074219073,50870773,10072,10.072,0.1,2.0,100,0.18181818181818182,0.1834781652183478,0.1861916264090177,0.2221493657720397,0.03595773936302199,1.193122215303236,925,4043,9825,34402,4968,44227
68,1233648267,1032836479,2074219073,50870773,10072,10.072,0.1,5.0,100,0.35714285714285715,0.3579064209357906,0.3527514613989115,0.26993410379153565,-0.08281735760737585,0.7652246222341762,1750,3211,13477,36450,4961,49927
68,1233648267,1032836479,2074219073,50870773,10072,10.072,0.1,10.0,100,0.5263157894736842,0.5286647133528665,0.5477073170731708,0.503212245520655,-0.04449507155251575,0.9187612248996639,2807,2318,29686,29307,5125,58993
69,1236102420,1726142062,1539978084,254329043,10198,10.198,0.0,1.0,0,0.0,0.0,0.0,0.0,0.0,nan,0,5018,0,45315,5018,45315
69,1236102420,1726142062,1539978084,254329043,10198,10.198,0.01,1.0,10,0.01,0.01011989880101199,0.010163411717815863,0.013924748979366656,0.003761337261550793,1.3700860858521937,51,4967,631,44684,5018,45315
69,1236102420,1726142062,1539978084,254329043,10198,10.198,0.01,2.0,10,0.019801980198019802,0.01970980290197098,0.019402098594337756,0.012576807425807295,-0.006825291168530461,0.64821892150768,98,4953,481,37764,5051,38245
69,1236102420,1726142062,1539978084,254329043,10198,10.198,0.01,5.0,10,0.04807692307692308,0.04843951560484395,0.04579549940781682,0.09119812583668005,0.04540262642886323,1.991421144347505,232,4834,2725,27155,5066,29880
69,1236102420,1726142062,1539978084,254329043,10198,10.198,0.01,10.0,10,0.09174311926605505,0.0912690873091269,0.09158615136876007,0.09159588455036835,9.733181608281849e-06,1.0001062735081976,455,4513,4389,43528,4968,47917
69,1236102420,1726142062,1539978084,254329043,10198,10.198,0.05,1.0,50,0.05,0.051399486005139945,0.05061777600637704,0.06618117621096767,0.015563400204590627,1.3074690638843929,254,4764,2999,42316,5018,45315
69,1236102420,1726142062,1539978084,254329043,10198,10.198,0.05,2.0,50,0.09523809523809523,0.09507904920950791,0.09579392231837391,0.119450451596489,0.023656529278115082,1.2469522982835164,476,4493,4695,34610,4969,39305
69,1236102420,1726142062,1539978084,254329043,10198,10.198,0.05,5.0,50,0.20833333333333334,0.2081479185208148,0.20352211326796077,0.24491476776399532,0.04139265449603455,1.2033816071943801,1017,3980,9813,30254,4997,40067
69,1236102420,1726142062,1539978084,254329043,10198,10.198,0.05,10.0,50,0.3448275862068966,0.34593654063459367,0.3431271830696528,0.30505501514909905,-0.038072167920553734,0.8890435681021946,1670,3197,9565,21790,4867,31355
69,1236102420,1726142062,1539978084,254329043,10198,10.198,0.1,1.0,100,0.1,0.1012589874101259,0.09665205261060184,0.13437051748869028,0.03771846487808844,1.3902500139345315,485,4533,6089,39226,5018,45315
69,1236102420,1726142062,1539978084,254329043,10198,10.198,0.1,2.0,100,0.18181818181818182,0.1831781682183178,0.18814694540288207,0.225820937412293,0.037673992009410934,1.2002370643261788,927,4000,12069,41376,4927,53445
69,1236102420,1726142062,1539978084,254329043,10198,10.198,0.1,5.0,100,0.35714285714285715,0.35833641663583365,0.3559870550161812,0.395322673305247,0.03933561828906579,1.110497327739285,1760,3184,16515,25261,4944,41776
69,1236102420,1726142062,1539978084,254329043,10198,10.198,0.1,10.0,100,0.5263157894736842,0.5242847571524285,0.5143033545997119,0.5194679408536191,0.005164586253907255,1.0100419066057365,2499,2360,24135,22326,4859,46461
70,1480124507,939835119,548355277,1544309904,10255,10.255,0.0,1.0,0,0.0,0.0,0.0,0.0,0.0,nan,0,5153,0,37614,5153,37614
70,1480124507,939835119,548355277,1544309904,10255,10.255,0.01,1.0,10,0.01,0.00985990140098599,0.00834465359984475,0.004891795608018291,-0.0034528579918264597,0.586219134142285,43,5110,184,37430,5153,37614
70,1480124507,939835119,548355277,1544309904,10255,10.255,0.01,2.0,10,0.019801980198019802,0.01989980100198998,0.019867549668874173,0.029111449054964152,0.00924389938608998,1.4652762690998622,99,4884,1072,35752,4983,36824
70,1480124507,939835119,548355277,1544309904,10255,10.255,0.01,5.0,10,0.04807692307692308,0.048509514904850955,0.05363217930758455,0.03926473154557617,-0.014367447762008378,0.7321114310941945,268,4729,1350,33032,4997,34382
70,1480124507,939835119,548355277,1544309904,10255,10.255,0.01,10.0,10,0.09174311926605505,0.09161908380916191,0.09542509326526605,0.13962158635473948,0.04419649308947343,1.4631537845775477,486,4607,7490,46155,5093,53645
70,1480124507,939835119,548355277,1544309904,10255,10.255,0.05,1.0,50,0.05,0.04993950060499395,0.052202600426935766,0.04966235975966395,-0.0025402406672718134,0.9513388098198823,269,4884,1868,35746,5153,37614
70,1480124507,939835119,548355277,1544309904,10255,10.255,0.05,2.0,50,0.09523809523809523,0.09553904460955391,0.0867992766726944,0.08267716535433071,-0.00412211131836368,0.9525098425196851,432,4545,3255,36115,4977,39370
70,1480124507,939835119,548355277,1544309904,10255,10.255,0.05,5.0,50,0.20833333333333334,0.2113478865211348,0.22182254196642687,0.23478292821841298,0.012960386251986117,1.0584268223467914,1110,3894,12779,41650,5004,54429
70,1480124507,939835119,548355277,1544309904,10255,10.255,0.05,10.0,50,0.3448275862068966,0.34802651973480264,0.3492822966507177,0.373474940753094,0.024192644102376315,1.069263871471187,1752,3264,17020,28552,5016,45572
70,1480124507,939835119,548355277,1544309904,10255,10.255,0.1,1.0,100,0.1,0.0996490035099649,0.09625460896565108,0.09488488328813739,-0.0013697256775136862,0.9857697652898628,496,4657,3569,34045,5153,37614
70,1480124507,939835119,548355277,1544309904,10255,10.255,0.1,2.0,100,0.18181818181818182,0.18273817261827383,0.18243243243243243,0.22925942183482786,0.046826989402395436,1.25668127524276,891,3993,7312,24582,4884,31894
70,1480124507,939835119,548355277,1544309904,10255,10.255,0.1,5.0,100,0.35714285714285715,0.3573764262357376,0.34884185303514376,0.345009978106291,-0.00383187492885273,0.9890154380974846,1747,3261,17807,33806,5008,51613
70,1480124507,939835119,548355277,1544309904,10255,10.255,0.1,10.0,100,0.5263157894736842,0.5266947330526695,0.5322869064176435,0.46757875628168516,-0.06470815013595838,0.8784336992779849,2679,2354,21121,24050,5033,45171
71,2045955917,919381770,1226312690,1565089176,10275,10.275,0.0,1.0,0,0.0,0.0,0.0,0.0,0.0,nan,0,4908,0,36681,4908,36681
71,2045955917,919381770,1226312690,1565089176,10275,10.275,0.01,1.0,10,0.01,0.00998990010099899,0.009372453137734311,0.00667920721899621,-0.0026932459187381007,0.7126423702355087,46,4862,245,36436,4908,36681
71,2045955917,919381770,1226312690,1565089176,10275,10.275,0.01,2.0,10,0.019801980198019802,0.01992980070199298,0.019867549668874173,0.016450784281576213,-0.0034167653872979598,0.828022808839336,99,4884,602,35992,4983,36594
71,2045955917,919381770,1226312690,1565089176,10275,10.275,0.01,5.0,10,0.04807692307692308,0.04860951390486095,0.05362462760675273,0.04239910602999957,-0.011225521576753161,0.7906648105964734,270,4765,1973,44561,5035,46534
71,2045955917,919381770,1226312690,1565089176,10275,10.275,0.01,10.0,10,0.09174311926605505,0.09146908530914691,0.08628628628628629,0.0670564181202479,-0.01922986816603839,0.7771387668460285,431,4564,4198,58406,4995,62604
71,2045955917,919381770,1226312690,1565089176,10275,10.275,0.05,1.0,50,0.05,0.051399486005139945,0.05093724531377343,0.06354788582644966,0.012610640512676227,1.2475720945448596,250,4658,2331,34350,4908,36681
71,2045955917,919381770,1226312690,1565089176,10275,10.275,0.05,2.0,50,0.09523809523809523,0.09551904480955191,0.094421446875616,0.0906339076255581,-0.0037875392500578975,0.9598868755416624,479,4594,3593,36050,5073,39643
71,2045955917,919381770,1226312690,1565089176,10275,10.275,0.05,5.0,50,0.20833333333333334,0.2081679183208168,0.21000396982929734,0.21227738273860003,0.002273412909302691,1.0108255711125396,1058,3980,6508,24150,5038,30658
71,2045955917,919381770,1226312690,1565089176,10275,10.275,0.05,10.0,50,0.3448275862068966,0.34313656863431363,0.3520458588653884,0.34510926481882287,-0.006936594046565547,0.9802963339238769,1781,3278,14829,28140,5059,42969
71,2045955917,919381770,1226312690,1565089176,10275,10.275,0.1,1.0,100,0.1,0.1007489925100749,0.10268948655256724,0.12856792344810664,0.025878436895539397,1.2520066831018004,504,4404,4716,31965,4908,36681
71,2045955917,919381770,1226312690,1565089176,10275,10.275,0.1,2.0,100,0.18181818181818182,0.1822481775182248,0.18767069840031214,0.15964587994941143,-0.028024818450900713,0.8506702501254501,962,4164,8205,43190,5126,51395
71,2045955917,919381770,1226312690,1565089176,10275,10.275,0.1,5.0,100,0.35714285714285715,0.3586364136358636,0.35130784708249496,0.32866337457692946,-0.022644472505565505,0.9355423663501371,1746,3224,11847,24199,4970,36046
71,2045955917,919381770,1226312690,1565089176,10275,10.275,0.1,10.0,100,0.5263157894736842,0.5295647043529564,0.5251711639146194,0.5058676190917946,-0.019303544822824814,0.9632433268442684,2608,2358,21812,21306,4966,43118
72,1330656287,26685229,1661733457,1191105186,10015,10.015,0.0,1.0,0,0.0,0.0,0.0,0.0,0.0,nan,0,5119,0,46932,5119,46932
72,1330656287,26685229,1661733457,1191105186,10015,10.015,0.01,1.0,10,0.01,0.01023989760102399,0.009181480757960539,0.020582971107133724,0.011401490349173185,2.241792108455692,47,5072,966,45966,5119,46932
72,1330656287,26685229,1661733457,1191105186,10015,10.015,0.01,2.0,10,0.019801980198019802,0.01991980080199198,0.021125330083282552,0.017420918200275068,-0.0037044118830074843,0.8246459644226362,104,4819,798,45009,4923,45807
72,1330656287,26685229,1661733457,1191105186,10015,10.015,0.01,5.0,10,0.04807692307692308,0.04786952130478695,0.04773413897280967,0.0499591870905628,0.002225048117753134,1.0466133498086259,237,4728,2387,45392,4965,47779
72,1330656287,26685229,1661733457,1191105186,10015,10.015,0.01,10.0,10,0.09174311926605505,0.09269907300926991,0.08553560621343555,0.057772682763726685,-0.027762923449708862,0.675422614291965,424,4533,2419,39452,4957,41871
72,1330656287,26685229,1661733457,1191105186,10015,10.015,0.05,1.0,50,0.05,0.04956950430495695,0.053330728657941,0.053460325577431175,0.00012959691949017416,1.0024300609189385,273,4846,2509,44423,5119,46932
72,1330656287,26685229,1661733457,1191105186,10015,10.015,0.05,2.0,50,0.09523809523809523,0.09433905660943391,0.09114376489277204,0.06476532779424464,-0.0263784370985274,0.7105842936205142,459,4577,2775,40072,5036,42847
72,1330656287,26685229,1661733457,1191105186,10015,10.015,0.05,5.0,50,0.20833333333333334,0.2080879191208088,0.21258572004840662,0.18178496020789345,-0.03080075984051317,0.8551136932739428,1054,3904,8954,40302,4958,49256
72,1330656287,26685229,1661733457,1191105186,10015,10.015,0.05,10.0,50,0.3448275862068966,0.34669653303466963,0.3469845150774246,0.328322768036975,-0.018661747040449594,0.9462173491047994,1703,3205,15486,31681,4908,47167
72,1330656287,26685229,1661733457,1191105186,10015,10.015,0.1,1.0,100,0.1,0.0993390066099339,0.10041023637429185,0.10027273502088127,-0.0001375013534105768,0.9986306042254693,514,4605,4706,42226,5119,46932
72,1330656287,26685229,1661733457,1191105186,10015,10.015,0.1,2.0,100,0.18181818181818182,0.18091819081809182,0.18142378229146125,0.1926574441327271,0.01123366184126584,1.0619194556489773,920,4151,7966,33382,5071,41348
72,1330656287,26685229,1661733457,1191105186,10015,10.015,0.1,5.0,100,0.35714285714285715,0.35831641683583165,0.35556879094699223,0.31835886782653855,-0.03720992312045368,0.8953509867349385,1791,3246,17164,36750,5037,53914
72,1330656287,26685229,1661733457,1191105186,10015,10.015,0.1,10.0,100,0.5263157894736842,0.5244047559524405,0.5297450424929179,0.4598859140675315,-0.06985912842538639,0.8681268859135755,2618,2324,29991,35223,4942,65214
73,1377866226,614223409,496501890,8922680,10231,10.231,0.0,1.0,0,0.0,0.0,0.0,0.0,0.0,nan,0,4988,0,58337,4988,58337
73,1377866226,614223409,496501890,8922680,10231,10.231,0.01,1.0,10,0.01,0.009869901300986991,0.009623095429029671,0.010525052710972453,0.0009019572819427817,1.0937283942152207,48,4940,614,57723,4988,58337
73,1377866226,614223409,496501890,8922680,10231,10.231,0.01,2.0,10,0.019801980198019802,0.01964980350196498,0.022001982160555007,0.023739886808219698,0.0017379046476646912,1.0789885490762916,111,4934,1250,51404,5045,52654
73,1377866226,614223409,496501890,8922680,10231,10.231,0.01,5.0,10,0.04807692307692308,0.04863951360486395,0.04940988197639528,0.040513201362390845,-0.008896680614004435,0.8199412696785094,247,4752,1582,37467,4999,39049
73,1377866226,614223409,496501890,8922680,10231,10.231,0.01,10.0,10,0.09174311926605505,0.09209907900920991,0.08980089394555059,0.12497336633176537,0.03517247238621478,1.391671740011197,442,4480,7625,53388,4922,61013
73,1377866226,614223409,496501890,8922680,10231,10.231,0.05,1.0,50,0.05,0.04898951010489895,0.049318364073777064,0.04821982618235425,-0.0010985378914228142,0.9777255812909879,246,4742,2813,55524,4988,58337
73,1377866226,614223409,496501890,8922680,10231,10.231,0.05,2.0,50,0.09523809523809523,0.0949890501094989,0.09145367412140575,0.1380377435064935,0.04658406938508776,1.5093734049793002,458,4550,5442,33982,5008,39424
73,1377866226,614223409,496501890,8922680,10231,10.231,0.05,5.0,50,0.20833333333333334,0.2075879241207588,0.2107676969092722,0.22196328355369543,0.011195586644423244,1.0531181334170128,1057,3958,9334,32718,5015,42052
73,1377866226,614223409,496501890,8922680,10231,10.231,0.05,10.0,50,0.3448275862068966,0.34578654213457866,0.3349683220927856,0.26858941967582695,-0.06637890241695865,0.8018352839986708,1639,3254,20730,56451,4893,77181
73,1377866226,614223409,496501890,8922680,10231,10.231,0.1,1.0,100,0.1,0.0984690153098469,0.09603047313552526,0.09585683185628333,-0.00017364127924193729,0.9981918106453888,479,4509,5592,52745,4988,58337
73,1377866226,614223409,496501890,8922680,10231,10.231,0.1,2.0,100,0.18181818181818182,0.1813281867181328,0.18178225647105314,0.1975588168700986,0.01577656039904546,1.0867882306299663,920,4141,9598,38985,5061,48583
73,1377866226,614223409,496501890,8922680,10231,10.231,0.1,5.0,100,0.35714285714285715,0.35712642873571265,0.360146252285192,0.3260945777500779,-0.034051674535114096,0.9054504265446325,1773,3150,16743,34601,4923,51344
73,1377866226,614223409,496501890,8922680,10231,10.231,0.1,10.0,100,0.5263157894736842,0.5265647343526565,0.5172619047619048,0.511226952052902,-0.006034952709002783,0.9883328877432397,2607,2433,27754,26535,5040,54289
74,377042939,1716439454,2098536086,1706854715,10181,10.181,0.0,1.0,0,0.0,0.0,0.0,0.0,0.0,nan,0,4956,0,55777,4956,55777
74,377042939,1716439454,2098536086,1706854715,10181,10.181,0.01,1.0,10,0.01,0.010259897401025989,0.00887812752219532,0.00415942054968894,-0.00471870697250638,0.4685020055513269,44,4912,232,55545,4956,55777
74,377042939,1716439454,2098536086,1706854715,10181,10.181,0.01,2.0,10,0.019801980198019802,0.02026979730202698,0.019353551476456503,0.013338824444596975,-0.006014727031859528,0.6892184341888664,97,4915,583,43124,5012,43707
74,377042939,1716439454,2098536086,1706854715,10181,10.181,0.01,5.0,10,0.04807692307692308,0.04794952050479495,0.043938161106590726,0.05692512509755314,0.012986963990962413,1.2955736804609779,216,4700,2480,41086,4916,43566
74,377042939,1716439454,2098536086,1706854715,10181,10.181,0.01,10.0,10,0.09174311926605505,0.0927990720092799,0.0884109916367981,0.09053575200056321,0.0021247603637651186,1.024032762492857,444,4578,3858,38755,5022,42613
74,377042939,1716439454,2098536086,1706854715,10181,10.181,0.05,1.0,50,0.05,0.04978950210497895,0.04539951573849879,0.04315398820302275,-0.0022455275354760426,0.9505385134852476,225,4731,2407,53370,4956,55777
74,377042939,1716439454,2098536086,1706854715,10181,10.181,0.05,2.0,50,0.09523809523809523,0.0966690333096669,0.09285277947464875,0.0809688581314879,-0.011883921343160853,0.8720132944818795,456,4455,2574,29216,4911,31790
74,377042939,1716439454,2098536086,1706854715,10181,10.181,0.05,5.0,50,0.20833333333333334,0.2095579044209558,0.210727969348659,0.16958871915393656,-0.04113925019472245,0.8047755581668625,1045,3914,7216,35334,4959,42550
74,377042939,1716439454,2098536086,1706854715,10181,10.181,0.05,10.0,50,0.3448275862068966,0.34578654213457866,0.3554850228129339,0.29323787921746525,-0.06224714359546868,0.8248951725085057,1792,3249,12411,29913,5041,42324
74,377042939,1716439454,2098536086,1706854715,10181,10.181,0.1,1.0,100,0.1,0.1002889971100289,0.09745762711864407,0.07976406045502626,-0.017693566663617807,0.8184486203211391,483,4473,4449,51328,4956,55777
74,377042939,1716439454,2098536086,1706854715,10181,10.181,0.1,2.0,100,0.18181818181818182,0.18060819391806082,0.18233674272226594,0.18003806301543668,-0.0022986797068292597,0.9873932172281338,927,4157,8514,38776,5084,47290
74,377042939,1716439454,2098536086,1706854715,10181,10.181,0.1,5.0,100,0.35714285714285715,0.3621963780362196,0.3604485219164118,0.31664224957907855,-0.04380627233733325,0.8784673270279301,1768,3137,14481,31252,4905,45733
74,377042939,1716439454,2098536086,1706854715,10181,10.181,0.1,10.0,100,0.5263157894736842,0.5243247567524325,0.5267588695129285,0.5075912077951507,-0.01916766171777784,0.9636120759855428,2628,2361,17920,17384,4989,35304
75,1352610295,269490611,475375024,733364371,10241,10.241,0.0,1.0,0,0.0,0.0,0.0,0.0,0.0,nan,0,4955,0,75125,4955,75125
75,1352610295,269490611,475375024,733364371,10241,10.241,0.01,1.0,10,0.01,0.00969990300096999,0.008476286579212917,0.009477537437603994,0.0010012508583910774,1.118123761983995,42,4913,712,74413,4955,75125
75,1352610295,269490611,475375024,733364371,10241,10.241,0.01,2.0,10,0.019801980198019802,0.01951980480195198,0.018492742095844103,0.01869333582577811,0.00020059372993400798,1.0108471598692272,93,4936,600,31497,5029,32097
75,1352610295,269490611,475375024,733364371,10241,10.241,0.01,5.0,10,0.04807692307692308,0.04900950990490095,0.051710578057412505,0.02783141354284573,-0.023879164514566776,0.53821509231526,263,4823,1254,43803,5086,45057
75,1352610295,269490611,475375024,733364371,10241,10.241,0.01,10.0,10,0.09174311926605505,0.0912790872091279,0.08826499697030903,0.10686729953544738,0.018602302565138354,1.2107551487414188,437,4514,5291,44219,4951,49510
75,1352610295,269490611,475375024,733364371,10241,10.241,0.05,1.0,50,0.05,0.04954950450495495,0.05126135216952573,0.05517470881863561,0.003913356649109877,1.0763412684895253,254,4701,4145,70980,4955,75125
75,1352610295,269490611,475375024,733364371,10241,10.241,0.05,2.0,50,0.09523809523809523,0.09567904320956791,0.09195859872611464,0.09725560538116591,0.00529700665505127,1.05760208102809,462,4562,2711,25164,5024,27875
75,1352610295,269490611,475375024,733364371,10241,10.241,0.05,5.0,50,0.20833333333333334,0.2069279307206928,0.2038912050823903,0.16178125639451607,-0.04210994868787424,0.7934685379349342,1027,4010,6325,32771,5037,39096
75,1352610295,269490611,475375024,733364371,10241,10.241,0.05,10.0,50,0.3448275862068966,0.34387656123438765,0.3418976330163868,0.33076148943307615,-0.011136143583310665,0.9674284273773346,1690,3253,12818,25935,4943,38753
75,1352610295,269490611,475375024,733364371,10241,10.241,0.1,1.0,100,0.1,0.0994490055099449,0.10332996972754793,0.11020299500831947,0.006873025280771536,1.0665153130199667,512,4443,8279,66846,4955,75125
75,1352610295,269490611,475375024,733364371,10241,10.241,0.1,2.0,100,0.18181818181818182,0.18148818511814882,0.18722642260246716,0.17661469933184856,-0.0106117232706186,0.9433214440402454,941,4085,7930,36970,5026,44900
75,1352610295,269490611,475375024,733364371,10241,10.241,0.1,5.0,100,0.35714285714285715,0.35908640913590867,0.36547714514835605,0.40030901208375613,0.03483186693540008,1.0953051850102993,1823,3165,17359,26005,4988,43364
75,1352610295,269490611,475375024,733364371,10241,10.241,0.1,10.0,100,0.5263157894736842,0.5252147478525214,0.5269978401727862,0.46161511226069074,-0.06538272791209543,0.8759335941668025,2684,2409,21773,25394,5093,47167
76,214899129,1974831382,715873258,1425347024,10255,10.255,0.0,1.0,0,0.0,0.0,0.0,0.0,0.0,nan,0,5097,0,58511,5097,58511
76,214899129,1974831382,715873258,1425347024,10255,10.255,0.01,1.0,10,0.01,0.01004989950100499,0.008828722778104767,0.00639196048606245,-0.002436762292042317,0.7239960577213402,45,5052,374,58137,5097,58511
76,214899129,1974831382,715873258,1425347024,10255,10.255,0.01,2.0,10,0.019801980198019802,0.01976980230197698,0.021237113402061854,0.025062240663900413,0.003825127261838559,1.1801152157273496,103,4747,755,29370,4850,30125
76,214899129,1974831382,715873258,1425347024,10255,10.255,0.01,5.0,10,0.04807692307692308,0.04788952110478895,0.05132814060315558,0.05610857531319802,0.004780434710042435,1.0931347727361185,257,4750,2311,38877,5007,41188
76,214899129,1974831382,715873258,1425347024,10255,10.255,0.01,10.0,10,0.09174311926605505,0.09326906730932691,0.0931190770498558,0.08031848023466964,-0.012800596815186152,0.8625351837590407,452,4402,2875,32920,4854,35795
76,214899129,1974831382,715873258,1425347024,10255,10.255,0.05,1.0,50,0.05,0.04899951000489995,0.04590935844614479,0.03635213891405035,-0.009557219532094444,0.7918241540380967,234,4863,2127,56384,5097,58511
76,214899129,1974831382,715873258,1425347024,10255,10.255,0.05,2.0,50,0.09523809523809523,0.0959990400095999,0.09972244250594767,0.10820389081586487,0.008481448309917206,1.0850505472668437,503,4541,4305,35481,5044,39786
76,214899129,1974831382,715873258,1425347024,10255,10.255,0.05,5.0,50,0.20833333333333334,0.2098979010209898,0.20570264765784113,0.23341125136356553,0.027708603705724394,1.1347022219753533,1010,3900,7489,24596,4910,32085
76,214899129,1974831382,715873258,1425347024,10255,10.255,0.05,10.0,50,0.3448275862068966,0.3448765512344877,0.334212127357534,0.29164735134223946,-0.042564776015294514,0.8726414377843342,1648,3283,13841,33617,4931,47458
76,214899129,1974831382,715873258,1425347024,10255,10.255,0.1,1.0,100,0.1,0.0995990040099599,0.096919756719639,0.0694912067816308,-0.027428549938008195,0.716997329890632,494,4603,4066,54445,5097,58511
76,214899129,1974831382,715873258,1425347024,10255,10.255,0.1,2.0,100,0.18181818181818182,0.1822981770182298,0.186008566183969,0.2200977573317999,0.034089191147830905,1.1832667809186568,912,3991,7655,27125,4903,34780
76,214899129,1974831382,715873258,1425347024,10255,10.255,0.1,5.0,100,0.35714285714285715,0.35544644553554466,0.35275080906148865,0.36541526960919035,0.012664460547701706,1.0359020028370627,1744,3200,19944,34635,4944,54579
76,214899129,1974831382,715873258,1425347024,10255,10.255,0.1,10.0,100,0.5263157894736842,0.5257447425525745,0.5142045454545454,0.49962812837008663,-0.014576417084458781,0.971652492741826,2534,2394,26871,26911,4928,53782
77,891497154,1882254038,1651993432,1142732496,10147,10.147,0.0,1.0,0,0.0,0.0,0.0,0.0,0.0,nan,0,4990,0,38619,4990,38619
77,891497154,1882254038,1651993432,1142732496,10147,10.147,0.01,1.0,10,0.01,0.010259897401025989,0.011422845691382766,0.006395815531215205,-0.0050270301601675615,0.5599143772063837,57,4933,247,38372,4990,38619
77,891497154,1882254038,1651993432,1142732496,10147,10.147,0.01,2.0,10,0.019801980198019802,0.019739802601973982,0.01858736059479554,0.014757889009793253,-0.003829471585002287,0.793974428726877,95,5016,651,43461,5111,44112
77,891497154,1882254038,1651993432,1142732496,10147,10.147,0.01,5.0,10,0.04807692307692308,0.048049519504804954,0.04832564668137156,0.08099571331879371,0.03267006663742215,1.6760399266424244,241,4746,3231,36660,4987,39891
77,891497154,1882254038,1651993432,1142732496,10147,10.147,0.01,10.0,10,0.09174311926605505,0.0923190768092319,0.08759976640062293,0.11506849315068493,0.027468726750061997,1.3135707762557078,450,4687,5166,39729,5137,44895
77,891497154,1882254038,1651993432,1142732496,10147,10.147,0.05,1.0,50,0.05,0.05085949140508595,0.05190380761523046,0.042258991688029206,-0.009644815927201254,0.8141790290473581,259,4731,1632,36987,4990,38619
77,891497154,1882254038,1651993432,1142732496,10147,10.147,0.05,2.0,50,0.09523809523809523,0.0960190398096019,0.10084033613445378,0.10546053042771725,0.004620194293263463,1.0458169267415294,504,4494,5062,42937,4998,47999
77,891497154,1882254038,1651993432,1142732496,10147,10.147,0.05,5.0,50,0.20833333333333334,0.2091379086209138,0.20920674064940403,0.2128351735015773,0.0036284328521732634,1.0173437664623528,1018,3848,6477,23955,4866,30432
77,891497154,1882254038,1651993432,1142732496,10147,10.147,0.05,10.0,50,0.3448275862068966,0.34558654413455864,0.3504446240905416,0.3985723812581816,0.048127757167640006,1.137333415493358,1734,3214,16137,24350,4948,40487
77,891497154,1882254038,1651993432,1142732496,10147,10.147,0.1,1.0,100,0.1,0.1015389846101539,0.09939879759519038,0.07778554597477925,-0.021613251620411125,0.7825602306736864,496,4494,3004,35615,4990,38619
77,891497154,1882254038,1651993432,1142732496,10147,10.147,0.1,2.0,100,0.18181818181818182,0.1822381776182238,0.1780250347705146,0.23477816966771858,0.05675313489720399,1.318792999930388,896,4137,10118,32978,5033,43096
77,891497154,1882254038,1651993432,1142732496,10147,10.147,0.1,5.0,100,0.35714285714285715,0.35659643403565966,0.36770036246476034,0.36303329535384227,-0.004667067110918077,0.987307417703823,1826,3140,14338,25157,4966,39495
77,891497154,1882254038,1651993432,1142732496,10147,10.147,0.1,10.0,100,0.5263157894736842,0.5271847281527184,0.525509175236943,0.5553205210886109,0.029811345851667892,1.0567284973439834,2606,2353,21527,17238,4959,38765
78,1279078117,1981224746,373269261,51727827,9998,9.998,0.0,1.0,0,0.0,0.0,0.0,0.0,0.0,nan,0,5019,0,38342,5019,38342
78,1279078117,1981224746,373269261,51727827,9998,9.998,0.01,1.0,10,0.01,0.01011989880101199,0.010759115361625823,0.010823639872724427,6.452451109860424e-05,1.0059971948371091,54,4965,415,37927,5019,38342
78,1279078117,1981224746,373269261,51727827,9998,9.998,0.01,2.0,10,0.019801980198019802,0.02065979340206598,0.02184907950637265,0.03203525573117505,0.0101861762248024,1.4662061951777616,108,4835,1512,45686,4943,47198
78,1279078117,1981224746,373269261,51727827,9998,9.998,0.01,5.0,10,0.04807692307692308,0.047309526904730954,0.04812414064034571,0.05345940132640258,0.005335260686056872,1.110864539398839,245,4846,2386,42246,5091,44632
78,1279078117,1981224746,373269261,51727827,9998,9.998,0.01,10.0,10,0.09174311926605505,0.09135908640913591,0.0887906789875452,0.1016837614595625,0.0128930824720173,1.1452076120943486,442,4536,4481,39587,4978,44068
78,1279078117,1981224746,373269261,51727827,9998,9.998,0.05,1.0,50,0.05,0.05012949870501295,0.05100617652918908,0.04848469041781858,-0.0025214861113704995,0.9505650828399667,256,4763,1859,36483,5019,38342
78,1279078117,1981224746,373269261,51727827,9998,9.998,0.05,2.0,50,0.09523809523809523,0.0968290317096829,0.09867096254530809,0.08002876515307171,-0.01864219739223638,0.8110670362248044,490,4476,3895,44775,4966,48670
78,1279078117,1981224746,373269261,51727827,9998,9.998,0.05,5.0,50,0.20833333333333334,0.2084179158208418,0.21000396982929734,0.19190325972660358,-0.018100710102693762,0.9138077717416151,1058,3980,7665,32277,5038,39942
78,1279078117,1981224746,373269261,51727827,9998,9.998,0.05,10.0,50,0.3448275862068966,0.34554654453455463,0.35095679621227066,0.31257252171731426,-0.038384274494956405,0.8906296304581597,1779,3290,9967,21920,5069,31887
78,1279078117,1981224746,373269261,51727827,9998,9.998,0.1,1.0,100,0.1,0.1000489995100049,0.09962143853357243,0.10270721402117781,0.0030857754876053856,1.0309750143445828,500,4519,3938,34404,5019,38342
78,1279078117,1981224746,373269261,51727827,9998,9.998,0.1,2.0,100,0.18181818181818182,0.17976820231797683,0.17222222222222222,0.21606244737261326,0.04384022515039104,1.2545561460345287,868,4172,9494,34447,5040,43941
78,1279078117,1981224746,373269261,51727827,9998,9.998,0.1,5.0,100,0.35714285714285715,0.35883641163588365,0.3675937122128174,0.3743623498436729,0.006768637630855501,1.0184133661865706,1824,3138,13650,22812,4962,36462
78,1279078117,1981224746,373269261,51727827,9998,9.998,0.1,10.0,100,0.5263157894736842,0.5267247327526725,0.5166502463054187,0.5169602087410307,0.0003099624356119879,1.0005999463618347,2622,2453,23775,22215,5075,45990
79,1427906900,571605316,313610571,1919568862,10254,10.254,0.0,1.0,0,0.0,0.0,0.0,0.0,0.0,nan,0,4994,0,48622,4994,48622
79,1427906900,571605316,313610571,1919568862,10254,10.254,0.01,1.0,10,0.01,0.01031989680103199,0.010812975570684821,0.012813129858911605,0.0020001542882267832,1.184977231766751,54,4940,623,47999,4994,48622
79,1427906900,571605316,313610571,1919568862,10254,10.254,0.01,2.0,10,0.019801980198019802,0.02018979810201898,0.021044427123928292,0.013011379858873434,-0.008033047265054858,0.6182814947753562,108,5024,638,48396,5132,49034
79,1427906900,571605316,313610571,1919568862,10254,10.254,0.01,5.0,10,0.04807692307692308,0.047979520204797954,0.05226550079491256,0.0553094344740292,0.0030439336791166435,1.0582398261342774,263,4769,2447,41795,5032,44242
79,1427906900,571605316,313610571,1919568862,10254,10.254,0.01,10.0,10,0.09174311926605505,0.0931890681093189,0.09600489196901753,0.06524112397949497,-0.03076376798952256,0.6795604124063743,471,4435,2749,39387,4906,42136
79,1427906900,571605316,313610571,1919568862,10254,10.254,0.05,1.0,50,0.05,0.05068949310506895,0.05326391670004005,0.047673892476656654,-0.005590024223383394,0.8950504474752756,266,4728,2318,46304,4994,48622
79,1427906900,571605316,313610571,1919568862,10254,10.254,0.05,2.0,50,0.09523809523809523,0.0964390356096439,0.09847715736040609,0.10823548531263966,0.009758327952233567,1.0990922993087635,485,4440,5328,43898,4925,49226
79,1427906900,571605316,313610571,1919568862,10254,10.254,0.05,5.0,50,0.20833333333333334,0.2120178798212018,0.2110869994081673,0.31022386631800497,0.09913686690983767,1.4696493255756702,1070,3999,14592,32445,5069,47037
79,1427906900,571605316,313610571,1919568862,10254,10.254,0.05,10.0,50,0.3448275862068966,0.34271657283427165,0.3398576512455516,0.29258068664009257,-0.04727696460545905,0.8608918633074975,1719,3339,11377,27508,5058,38885
79,1427906900,571605316,313610571,1919568862,10254,10.254,0.1,1.0,100,0.1,0.09968900310996891,0.10492591109331198,0.1245115379869195,0.019585626893607516,1.1866614898982366,524,4470,6054,42568,4994,48622
79,1427906900,571605316,313610571,1919568862,10254,10.254,0.1,2.0,100,0.18181818181818182,0.1816781832181678,0.18030818491094658,0.15867250887159923,-0.02163567603934735,0.8800072439859947,901,4096,9524,50499,4997,60023
79,1427906900,571605316,313610571,1919568862,10254,10.254,0.1,5.0,100,0.35714285714285715,0.35541644583554166,0.3558221872541306,0.3487710745480398,-0.007051112706090823,0.980183605860826,1809,3275,13736,25648,5084,39384
79,1427906900,571605316,313610571,1919568862,10254,10.254,0.1,10.0,100,0.5263157894736842,0.5267147328526715,0.5244409261824658,0.486096238789988,-0.03834468739247787,0.9268846394738903,2650,2403,29053,30715,5053,59768
80,1057075717,719044195,696572064,881935079,10240,10.24,0.0,1.0,0,0.0,0.0,0.0,0.0,0.0,nan,0,5029,0,41087,5029,41087
80,1057075717,719044195,696572064,881935079,10240,10.24,0.01,1.0,10,0.01,0.00975990240097599,0.007953867568104992,0.013605276608172902,0.00565140904006791,1.710523401562538,40,4989,559,40528,5029,41087
80,1057075717,719044195,696572064,881935079,10240,10.24,0.01,2.0,10,0.019801980198019802,0.01967980320196798,0.020879341497691228,0.015180317184444927,-0.005699024313246301,0.7270496143819247,104,4877,559,36265,4981,36824
80,1057075717,719044195,696572064,881935079,10240,10.24,0.01,5.0,10,0.04807692307692308,0.047469525304746955,0.0507796881247501,0.06038873535390448,0.009609047229154379,1.189230134804056,254,4748,2644,41139,5002,43783
80,1057075717,719044195,696572064,881935079,10240,10.24,0.01,10.0,10,0.09174311926605505,0.0909990900090999,0.09428007889546351,0.1538831976184222,0.05960311872295869,1.6321920751577417,478,4592,7030,38654,5070,45684
80,1057075717,719044195,696572064,881935079,10240,10.24,0.05,1.0,50,0.05,0.04936950630493695,0.04831974547623782,0.05164650619417334,0.0033267607179355216,1.068848887450608,243,4786,2122,38965,5029,41087
80,1057075717,719044195,696572064,881935079,10240,10.24,0.05,2.0,50,0.09523809523809523,0.09579904200957991,0.08955223880597014,0.11847032001464446,0.028918081208674312,1.3229185734968631,444,4514,7119,52972,4958,60091
80,1057075717,719044195,696572064,881935079,10240,10.24,0.05,5.0,50,0.20833333333333334,0.2088179118208818,0.22020933977455717,0.24010312089437544,0.019893781119818266,1.0903403149938364,1094,3874,9686,30655,4968,40341
80,1057075717,719044195,696572064,881935079,10240,10.24,0.05,10.0,50,0.3448275862068966,0.3418065819341807,0.3557233704292528,0.39671712302352485,0.04099375259427207,1.115240538019205,1790,3242,16459,25029,5032,41488
80,1057075717,719044195,696572064,881935079,10240,10.24,0.1,1.0,100,0.1,0.1002389976100239,0.09882680453370452,0.11368559398349844,0.014858789449793922,1.1503518151770897,497,4532,4671,36416,5029,41087
80,1057075717,719044195,696572064,881935079,10240,10.24,0.1,2.0,100,0.18181818181818182,0.18146818531814682,0.1763423816128393,0.17597555746140653,-0.0003668241514327708,0.9979198185479986,890,4157,6566,30746,5047,37312
80,1057075717,719044195,696572064,881935079,10240,10.24,0.1,5.0,100,0.35714285714285715,0.35952640473595265,0.37312836893591533,0.366322940676938,-0.006805428258977342,0.981761160968851,1869,3140,15098,26117,5009,41215
80,1057075717,719044195,696572064,881935079,10240,10.24,0.1,10.0,100,0.5263157894736842,0.5253047469525305,0.5307385229540919,0.47930294717591615,-0.0514355757781757,0.9030867865179917,2659,2351,27257,29611,5010,56868
81,2052143238,1310987054,1339360786,572894871,10313,10.313,0.0,1.0,0,0.0,0.0,0.0,0.0,0.0,nan,0,4826,0,34460,4826,34460
81,2052143238,1310987054,1339360786,572894871,10313,10.313,0.01,1.0,10,0.01,0.00959990400095999,0.00849564857024451,0.0055426581543818925,-0.002952990415862617,0.6524114208060247,41,4785,191,34269,4826,34460
81,2052143238,1310987054,1339360786,572894871,10313,10.313,0.01,2.0,10,0.019801980198019802,0.01980980190198098,0.01905139908712046,0.015290651411858319,-0.0037607476752621414,0.8025999215036882,96,4943,711,45788,5039,46499
81,2052143238,1310987054,1339360786,572894871,10313,10.313,0.01,5.0,10,0.04807692307692308,0.048349516504834954,0.047474747474747475,0.02120539982408505,-0.026269347650662425,0.4466669324647702,235,4715,1109,51189,4950,52298
81,2052143238,1310987054,1339360786,572894871,10313,10.313,0.01,10.0,10,0.09174311926605505,0.0926390736092639,0.08613364233294708,0.101869199599146,0.01573555726619892,1.1826877029694574,446,4732,4676,41226,5178,45902
81,2052143238,1310987054,1339360786,572894871,10313,10.313,0.05,1.0,50,0.05,0.04955950440495595,0.048901782014090345,0.08212420197330238,0.03322241995921203,1.6793703335727004,236,4590,2830,31630,4826,34460
81,2052143238,1310987054,1339360786,572894871,10313,10.313,0.05,2.0,50,0.09523809523809523,0.0953090469095309,0.09631271408422325,0.07318872317373966,-0.02312399091048359,0.7599071822411505,478,4485,3175,40206,4963,43381
81,2052143238,1310987054,1339360786,572894871,10313,10.313,0.05,5.0,50,0.20833333333333334,0.20945790542094578,0.20312817387771684,0.17546843386212357,-0.027659740015593265,0.8638310999032344,1000,3923,5984,28119,4923,34103
81,2052143238,1310987054,1339360786,572894871,10313,10.313,0.05,10.0,50,0.3448275862068966,0.34758652413475866,0.3448480063166206,0.32713339640491956,-0.01771460991170104,0.9486306732612035,1747,3319,17289,35561,5066,52850
81,2052143238,1310987054,1339360786,572894871,10313,10.313,0.1,1.0,100,0.1,0.0993090069099309,0.09573145462080399,0.18192106790481719,0.0861896132840132,1.9003269993693672,462,4364,6269,28191,4826,34460
81,2052143238,1310987054,1339360786,572894871,10313,10.313,0.1,2.0,100,0.18181818181818182,0.18173818261817382,0.1762814070351759,0.17541000100613743,-0.0008714060290384573,0.9950567331876097,877,4098,8717,40978,4975,49695
81,2052143238,1310987054,1339360786,572894871,10313,10.313,0.1,5.0,100,0.35714285714285715,0.35933640663593364,0.36616875252321357,0.3483047201908412,-0.01786403233237238,0.9512136625277989,1814,3140,17813,33329,4954,51142
81,2052143238,1310987054,1339360786,572894871,10313,10.313,0.1,10.0,100,0.5263157894736842,0.5275147248527515,0.5426452410383189,0.505287081800497,-0.03735815923782193,0.9311554650947655,2634,2220,26234,25685,4854,51919
82,94205027,294791076,706657983,1751050969,10100,10.1,0.0,1.0,0,0.0,0.0,0.0,0.0,0.0,nan,0,4970,0,55035,4970,55035
82,94205027,294791076,706657983,1751050969,10100,10.1,0.01,1.0,10,0.01,0.00998990010099899,0.011066398390342052,0.028309257745071318,0.017242859354729266,2.558127472600081,55,4915,1558,53477,4970,55035
82,94205027,294791076,706657983,1751050969,10100,10.1,0.01,2.0,10,0.019801980198019802,0.02047979520204798,0.021550855991943604,0.023158758111596265,0.0016079021196526606,1.0746096637764062,107,4858,960,40493,4965,41453
82,94205027,294791076,706657983,1751050969,10100,10.1,0.01,5.0,10,0.04807692307692308,0.04854951450485495,0.0504334121355398,0.055380393530682546,0.004946981395142748,1.0980893654755648,256,4820,1897,32357,5076,34254
82,94205027,294791076,706657983,1751050969,10100,10.1,0.01,10.0,10,0.09174311926605505,0.08916910830891692,0.08748748748748748,0.11070850857327726,0.023221021085789773,1.265421053371899,437,4558,5133,41232,4995,46365
82,94205027,294791076,706657983,1751050969,10100,10.1,0.05,1.0,50,0.05,0.05006949930500695,0.053722334004024146,0.0816934677932225,0.027971133789198348,1.520661179521782,267,4703,4496,50539,4970,55035
82,94205027,294791076,706657983,1751050969,10100,10.1,0.05,2.0,50,0.09523809523809523,0.0965090349096509,0.09893638370459562,0.0839626239511823,-0.014973759753413321,0.8486526473605303,493,4490,4403,48037,4983,52440
82,94205027,294791076,706657983,1751050969,10100,10.1,0.05,5.0,50,0.20833333333333334,0.2087979120208798,0.2086677367576244,0.19479476067585333,-0.013872976081771071,0.9335164300081279,1040,3944,8001,33073,4984,41074
82,94205027,294791076,706657983,1751050969,10100,10.1,0.05,10.0,50,0.3448275862068966,0.34512654873451265,0.3422501966955153,0.3430741323977914,0.0008239357022760685,1.0024074075346963,1740,3344,17211,32956,5084,50167
82,94205027,294791076,706657983,1751050969,10100,10.1,0.1,1.0,100,0.1,0.0991090089099109,0.09839034205231388,0.11358226583083492,0.015191923778521035,1.154404624088445,489,4481,6251,48784,4970,55035
82,94205027,294791076,706657983,1751050969,10100,10.1,0.1,2.0,100,0.18181818181818182,0.18098819011809883,0.1796214256947241,0.1592137434049672,-0.020407682289756923,0.8863850333509721,892,4074,9898,52270,4966,62168
82,94205027,294791076,706657983,1751050969,10100,10.1,0.1,5.0,100,0.35714285714285715,0.35691643083569163,0.34495967741935485,0.3324399239456624,-0.012519753473692441,0.9637066176332469,1711,3249,14512,29141,4960,43653
82,94205027,294791076,706657983,1751050969,10100,10.1,0.1,10.0,100,0.5263157894736842,0.5255647443525565,0.5272048713415832,0.5484157190557358,0.021210847714152603,1.040232647433961,2684,2407,23487,19340,5091,42827
83,735596747,2085766956,2025258723,1284650224,10109,10.109,0.0,1.0,0,0.0,0.0,0.0,0.0,0.0,nan,0,4994,0,40887,4994,40887
83,735596747,2085766956,2025258723,1284650224,10109,10.109,0.01,1.0,10,0.01,0.00968990310096899,0.010412494993992792,0.00606549759092132,-0.004346997403071472,0.5825210570973283,52,4942,248,40639,4994,40887
83,735596747,2085766956,2025258723,1284650224,10109,10.109,0.01,2.0,10,0.019801980198019802,0.01982980170198298,0.01919967663702506,0.01838879159369527,-0.0008108850433297884,0.9577656926905705,95,4853,651,34751,4948,35402
83,735596747,2085766956,2025258723,1284650224,10109,10.109,0.01,5.0,10,0.04807692307692308,0.047389526104738955,0.049228364915022464,0.060912110602388006,0.011683745687365542,1.2373376752921597,252,4867,2714,41842,5119,44556
83,735596747,2085766956,2025258723,1284650224,10109,10.109,0.01,10.0,10,0.09174311926605505,0.09102908970910291,0.090998815633636,0.08636675444225621,-0.004632061191379794,0.9490975661702168,461,4605,3903,41288,5066,45191
83,735596747,2085766956,2025258723,1284650224,10109,10.109,0.05,1.0,50,0.05,0.05049949500504995,0.05366439727673208,0.031110132805048058,-0.02255426447168402,0.5797164299567538,268,4726,1272,39615,4994,40887
83,735596747,2085766956,2025258723,1284650224,10109,10.109,0.05,2.0,50,0.09523809523809523,0.09430905690943091,0.09409368635437881,0.07593226249373407,-0.018161423860644746,0.8069857334290785,462,4448,3484,42399,4910,45883
83,735596747,2085766956,2025258723,1284650224,10109,10.109,0.05,5.0,50,0.20833333333333334,0.20679793202067978,0.21232057416267944,0.19486457966936335,-0.017455994493316085,0.9177847245272549,1065,3951,8310,34335,5016,42645
83,735596747,2085766956,2025258723,1284650224,10109,10.109,0.05,10.0,50,0.3448275862068966,0.3466765332346676,0.35625887603976464,0.32790647398267175,-0.028352402057092885,0.9204162928591054,1756,3173,19718,40415,4929,60133
83,735596747,2085766956,2025258723,1284650224,10109,10.109,0.1,1.0,100,0.1,0.1006489935100649,0.09951942330796956,0.10010516790177808,0.0005857445938085154,1.0058857313913072,497,4497,4093,36794,4994,40887
83,735596747,2085766956,2025258723,1284650224,10109,10.109,0.1,2.0,100,0.18181818181818182,0.18155818441815583,0.17935833011209895,0.19238794590907268,0.013029615796973731,1.0726457242818341,928,4246,9589,40253,5174,49842
83,735596747,2085766956,2025258723,1284650224,10109,10.109,0.1,5.0,100,0.35714285714285715,0.3562464375356246,0.36245163917735695,0.34749323125758563,-0.014958407919771322,0.95872992062135,1780,3131,14888,27956,4911,42844
83,735596747,2085766956,2025258723,1284650224,10109,10.109,0.1,10.0,100,0.5263157894736842,0.5254947450525495,0.5222762251923856,0.4809491430045253,-0.0413270821878603,0.9208712168113012,2579,2359,20512,22137,4938,42649
84,1280679357,1509720672,1760644402,1286868126,10138,10.138,0.0,1.0,0,0.0,0.0,0.0,0.0,0.0,nan,0,5105,0,41648,5105,41648
84,1280679357,1509720672,1760644402,1286868126,10138,10.138,0.01,1.0,10,0.01,0.00952990470095299,0.00920666013712047,0.00573857087975413,-0.0034680892573663398,0.6233064753435071,47,5058,239,41409,5105,41648
84,1280679357,1509720672,1760644402,1286868126,10138,10.138,0.01,2.0,10,0.019801980198019802,0.01979980200197998,0.020391681809004643,0.0360502945572848,0.015658612748280155,1.7678921677448673,101,4852,1640,43852,4953,45492
84,1280679357,1509720672,1760644402,1286868126,10138,10.138,0.01,5.0,10,0.04807692307692308,0.04815951840481595,0.0502736671396716,0.05307898712485062,0.0028053199851790153,1.055800981801968,248,4685,2354,41995,4933,44349
84,1280679357,1509720672,1760644402,1286868126,10138,10.138,0.01,10.0,10,0.09174311926605505,0.0912890871091289,0.09096409842678499,0.10784095338865067,0.01687685496186568,1.1855331416872064,451,4507,3873,32041,4958,35914
84,1280679357,1509720672,1760644402,1286868126,10138,10.138,0.05,1.0,50,0.05,0.05007949920500795,0.05230166503428012,0.04074625432193623,-0.011555410712343887,0.7790622783276572,267,4838,1697,39951,5105,41648
84,1280679357,1509720672,1760644402,1286868126,10138,10.138,0.05,2.0,50,0.09523809523809523,0.0948290517094829,0.08926464805348014,0.07246241260785184,-0.016802235445628297,0.8117705518139526,454,4632,3099,39668,5086,42767
84,1280679357,1509720672,1760644402,1286868126,10138,10.138,0.05,5.0,50,0.20833333333333334,0.2083679163208368,0.20430950048971597,0.19989424856394356,-0.004415251925772412,0.9783893949366557,1043,4062,8317,33290,5105,41607
84,1280679357,1509720672,1760644402,1286868126,10138,10.138,0.05,10.0,50,0.3448275862068966,0.3454365456345437,0.34115523465703973,0.28522391492825167,-0.055931319728788065,0.8360531686256688,1701,3285,16120,40397,4986,56517
84,1280679357,1509720672,1760644402,1286868126,10138,10.138,0.1,1.0,100,0.1,0.1001689983100169,0.10714985308521058,0.06783038801383019,-0.039319465071380386,0.6330422866738631,547,4558,2825,38823,5105,41648
84,1280679357,1509720672,1760644402,1286868126,10138,10.138,0.1,2.0,100,0.18181818181818182,0.1810681893181068,0.1793870778840523,0.16570763419133797,-0.013679443692714344,0.9237434275976326,919,4204,7545,37987,5123,45532
84,1280679357,1509720672,1760644402,1286868126,10138,10.138,0.1,5.0,100,0.35714285714285715,0.3562364376356236,0.35348837209302325,0.36732355637030245,0.0138351842772792,1.0391390081528293,1748,3197,11221,19327,4945,30548
84,1280679357,1509720672,1760644402,1286868126,10138,10.138,0.1,10.0,100,0.5263157894736842,0.5255147448525515,0.5249707374170893,0.4802083744425589,-0.0447623629745304,0.914733603639003,2691,2435,24336,26342,5126,50678
85,1613406066,1598780261,473139980,2033502625,10135,10.135,0.0,1.0,0,0.0,0.0,0.0,0.0,0.0,nan,0,4919,0,44263,4919,44263
85,1613406066,1598780261,473139980,2033502625,10135,10.135,0.01,1.0,10,0.01,0.00994990050099499,0.010164667615368977,0.036328310326909606,0.02616364271154063,3.573979169961367,50,4869,1608,42655,4919,44263
85,1613406066,1598780261,473139980,2033502625,10135,10.135,0.01,2.0,10,0.019801980198019802,0.01929980700192998,0.01779935275080906,0.01654017857142857,-0.0012591741793804914,0.9292573051948051,88,4856,741,44059,4944,44800
85,1613406066,1598780261,473139980,2033502625,10135,10.135,0.01,5.0,10,0.04807692307692308,0.04734952650473495,0.052859107879740616,0.04188842893751232,-0.010970678942228293,0.7924543303457257,269,4820,1700,38884,5089,40584
85,1613406066,1598780261,473139980,2033502625,10135,10.135,0.01,10.0,10,0.09174311926605505,0.0931890681093189,0.089576220124523,0.10106532457910737,0.01148910445458437,1.12826065264434,446,4533,3956,35187,4979,39143
85,1613406066,1598780261,473139980,2033502625,10135,10.135,0.05,1.0,50,0.05,0.04986950130498695,0.04858711120146371,0.05614169848406118,0.007554587282597468,1.1554854177535436,239,4680,2485,41778,4919,44263
85,1613406066,1598780261,473139980,2033502625,10135,10.135,0.05,2.0,50,0.09523809523809523,0.0949790502094979,0.09335507541785569,0.09795549304264832,0.00460041762479263,1.0492787093171019,458,4448,3900,35914,4906,39814
85,1613406066,1598780261,473139980,2033502625,10135,10.135,0.05,5.0,50,0.20833333333333334,0.2082479175208248,0.2089962679237871,0.23764073841229924,0.028644470488512153,1.1370573301287739,1064,4027,8316,26678,5091,34994
85,1613406066,1598780261,473139980,2033502625,10135,10.135,0.05,10.0,50,0.3448275862068966,0.3466265337346627,0.3392226148409894,0.3511829779437026,0.0119603631027132,1.0352581537298733,1728,3366,15333,28328,5094,43661
85,1613406066,1598780261,473139980,2033502625,10135,10.135,0.1,1.0,100,0.1,0.0989090109098909,0.09778410245984956,0.11237376589928383,0.01458966343943427,1.1492028159221979,481,4438,4974,39289,4919,44263
85,1613406066,1598780261,473139980,2033502625,10135,10.135,0.1,2.0,100,0.18181818181818182,0.18277817221827783,0.1795281887245102,0.22279891351360703,0.043270724789096826,1.241024683067998,898,4104,12878,44923,5002,57801
85,1613406066,1598780261,473139980,2033502625,10135,10.135,0.1,5.0,100,0.35714285714285715,0.35639643603563964,0.3509538950715421,0.2618367501706312,-0.08911714490091094,0.7460716460128064,1766,3266,10358,29201,5032,39559
85,1613406066,1598780261,473139980,2033502625,10135,10.135,0.1,10.0,100,0.5263157894736842,0.5250247497525025,0.5243340676947726,0.5815921314991371,0.05725806380436449,1.109201494490142,2618,2375,34710,24971,4993,59681
86,382994125,741491909,733744586,1271529684,10277,10.277,0.0,1.0,0,0.0,0.0,0.0,0.0,0.0,nan,0,5102,0,39281,5102,39281
86,382994125,741491909,733744586,1271529684,10277,10.277,0.01,1.0,10,0.01,0.00978990210097899,0.00960407683261466,0.006058908887248288,-0.003545167945366373,0.6308684314845054,49,5053,238,39043,5102,39281
86,382994125,741491909,733744586,1271529684,10277,10.277,0.01,2.0,10,0.019801980198019802,0.01979980200197998,0.018785841407949377,0.030148996826421387,0.01136315541847201,1.60487870474961,95,4962,1121,36061,5057,37182
86,382994125,741491909,733744586,1271529684,10277,10.277,0.01,5.0,10,0.04807692307692308,0.04906950930490695,0.04779116465863454,0.03307045301765834,-0.0147207116409762,0.6919783866720106,238,4742,2017,58974,4980,60991
86,382994125,741491909,733744586,1271529684,10277,10.277,0.01,10.0,10,0.09174311926605505,0.09032909670903291,0.08856163001815615,0.0950498726655348,0.006488242647378656,1.0732624574101504,439,4518,3583,34113,4957,37696
86,382994125,741491909,733744586,1271529684,10277,10.277,0.05,1.0,50,0.05,0.04920950790492095,0.05429243433947471,0.07049209541508618,0.016199661075611466,1.2983778729522373,277,4825,2769,36512,5102,39281
86,382994125,741491909,733744586,1271529684,10277,10.277,0.05,2.0,50,0.09523809523809523,0.0968290317096829,0.09976798143851508,0.13716297827911642,0.03739499684060134,1.3748196194953297,516,4656,6700,42147,5172,48847
86,382994125,741491909,733744586,1271529684,10277,10.277,0.05,5.0,50,0.20833333333333334,0.20803791962080379,0.20923750746565797,0.23362640335452456,0.024388895888866585,1.1165608221215764,1051,3972,8636,28329,5023,36965
86,382994125,741491909,733744586,1271529684,10277,10.277,0.05,10.0,50,0.3448275862068966,0.34942650573494266,0.3512810248198559,0.4185593003328934,0.0672782755130375,1.1915226578137523,1755,3241,21249,29518,4996,50767
86,382994125,741491909,733744586,1271529684,10277,10.277,0.1,1.0,100,0.1,0.0982490175098249,0.10388083104664837,0.15182912858633946,0.047948297539691084,1.4615702151839696,530,4572,5964,33317,5102,39281
86,382994125,741491909,733744586,1271529684,10277,10.277,0.1,2.0,100,0.18181818181818182,0.18056819431805682,0.17350597609561752,0.18353070635086985,0.010024730255252329,1.0577774349958287,871,4149,7005,31163,5020,38168
86,382994125,741491909,733744586,1271529684,10277,10.277,0.1,5.0,100,0.35714285714285715,0.35780642193578066,0.3654863654863655,0.5103519951863906,0.14486562970002514,1.396363977920893,1796,3118,18660,17903,4914,36563
86,382994125,741491909,733744586,1271529684,10277,10.277,0.1,10.0,100,0.5263157894736842,0.5266947330526695,0.5268542199488491,0.6018122977346279,0.07495807778577879,1.1422747981273762,2678,2405,23245,15380,5083,38625
87,1252974983,89902410,1021617003,2144681633,10160,10.16,0.0,1.0,0,0.0,0.0,0.0,0.0,0.0,nan,0,5119,0,40791,5119,40791
87,1252974983,89902410,1021617003,2144681633,10160,10.16,0.01,1.0,10,0.01,0.00998990010099899,0.009376831412385232,0.0068887744845676745,-0.002488056927817558,0.7346590955521234,48,5071,281,40510,5119,40791
87,1252974983,89902410,1021617003,2144681633,10160,10.16,0.01,2.0,10,0.019801980198019802,0.01984980150198498,0.020919676337083085,0.025981006987994982,0.005061330650911897,1.2419411547940622,106,4961,1015,38052,5067,39067
87,1252974983,89902410,1021617003,2144681633,10160,10.16,0.01,5.0,10,0.04807692307692308,0.04897951020489795,0.046987951807228916,0.0672384476895379,0.02025049588230899,1.4309720918542683,234,4746,2689,37303,4980,39992
87,1252974983,89902410,1021617003,2144681633,10160,10.16,0.01,10.0,10,0.09174311926605505,0.09210907890921091,0.08957915831663327,0.0885478158205431,-0.0010313424960901735,0.9884868030078524,447,4543,4575,47092,4990,51667
87,1252974983,89902410,1021617003,2144681633,10160,10.16,0.05,1.0,50,0.05,0.04982950170498295,0.05137722211369408,0.04295065087887034,-0.008426571234823745,0.8359862427716246,263,4856,1752,39039,5119,40791
87,1252974983,89902410,1021617003,2144681633,10160,10.16,0.05,2.0,50,0.09523809523809523,0.0966790332096679,0.09509326845093269,0.08358952056746097,-0.011503747883471721,0.8790266853703997,469,4463,5574,61109,4932,66683
87,1252974983,89902410,1021617003,2144681633,10160,10.16,0.05,5.0,50,0.20833333333333334,0.2072279277207228,0.20262891809908998,0.19254818539289628,-0.010080732706193696,0.9502502762154413,1002,3943,8961,37578,4945,46539
87,1252974983,89902410,1021617003,2144681633,10160,10.16,0.05,10.0,50,0.3448275862068966,0.34442655573444264,0.3410945273631841,0.34083415759973623,-0.000260369763447843,0.9992366639082115,1714,3311,20675,39985,5025,60660
87,1252974983,89902410,1021617003,2144681633,10160,10.16,0.1,1.0,100,0.1,0.1005089949100509,0.09884743113889431,0.09009340295653454,-0.008754028182359777,0.9114389915701587,506,4613,3675,37116,5119,40791
87,1252974983,89902410,1021617003,2144681633,10160,10.16,0.1,2.0,100,0.18181818181818182,0.18150818491815082,0.18498279700465492,0.16859615600764302,-0.016386640997011898,0.9114153247634181,914,4027,7500,36985,4941,44485
87,1252974983,89902410,1021617003,2144681633,10160,10.16,0.1,5.0,100,0.35714285714285715,0.35845641543584567,0.3574029126213592,0.36353361363533615,0.006130701013976947,1.0171534724465772,1767,3177,16082,28156,4944,44238
87,1252974983,89902410,1021617003,2144681633,10160,10.16,0.1,10.0,100,0.5263157894736842,0.5269047309526905,0.5414129110840439,0.5134513451345134,-0.027961565949530476,0.9483544529931057,2667,2259,20536,19460,4926,39996
88,1439456811,1587032944,1947004189,767671929,10268,10.268,0.0,1.0,0,0.0,0.0,0.0,0.0,0.0,nan,0,4868,0,37435,4868,37435
88,1439456811,1587032944,1947004189,767671929,10268,10.268,0.01,1.0,10,0.01,0.00976990230097699,0.009038619556285949,0.011379724856417792,0.0023411053001318426,1.2590113772964047,44,4824,426,37009,4868,37435
88,1439456811,1587032944,1947004189,767671929,10268,10.268,0.01,2.0,10,0.019801980198019802,0.02037979620203798,0.020905216155875785,0.0228512137445104,0.0019459975886346147,1.0930867001864344,103,4824,947,40495,4927,41442
88,1439456811,1587032944,1947004189,767671929,10268,10.268,0.01,5.0,10,0.04807692307692308,0.04905950940490595,0.04760039177277179,0.060435867895545316,0.012835476122773526,1.2696506403570322,243,4862,2518,39146,5105,41664
88,1439456811,1587032944,1947004189,767671929,10268,10.268,0.01,10.0,10,0.09174311926605505,0.0936390636093639,0.08653652646407728,0.08363483823606523,-0.002901688228012053,0.9664686306860654,430,4539,3190,34952,4969,38142
88,1439456811,1587032944,1947004189,767671929,10268,10.268,0.05,1.0,50,0.05,0.05057949420505795,0.04991783073130649,0.05607052223854681,0.006152691507240321,1.1232563878899007,243,4625,2099,35336,4868,37435
88,1439456811,1587032944,1947004189,767671929,10268,10.268,0.05,2.0,50,0.09523809523809523,0.0950190498095019,0.10172174945576885,0.1123232524042643,0.010601502948495448,1.104220611670715,514,4539,4520,35721,5053,40241
88,1439456811,1587032944,1947004189,767671929,10268,10.268,0.05,5.0,50,0.20833333333333334,0.2086579134208658,0.21544960772480387,0.2758750281863052,0.060425420461501345,1.2804619655594054,1071,3900,11011,28902,4971,39913
88,1439456811,1587032944,1947004189,767671929,10268,10.268,0.05,10.0,50,0.3448275862068966,0.34847651523484763,0.35434311601339374,0.32184843552179415,-0.03249468049159959,0.9082960017477203,1799,3278,14236,29996,5077,44232
88,1439456811,1587032944,1947004189,767671929,10268,10.268,0.1,1.0,100,0.1,0.0994590054099459,0.09778142974527526,0.14633364498464005,0.04855221523936479,1.4965382012294701,476,4392,5478,31957,4868,37435
88,1439456811,1587032944,1947004189,767671929,10268,10.268,0.1,2.0,100,0.18181818181818182,0.1802181978180218,0.1834008097165992,0.1511614557422219,-0.0322393539743773,0.8242136770050509,906,4034,7900,44362,4940,52262
88,1439456811,1587032944,1947004189,767671929,10268,10.268,0.1,5.0,100,0.35714285714285715,0.35571644283557163,0.35866746459206067,0.4364954919639357,0.07782802737187505,1.2169921586291488,1798,3215,15589,20125,5013,35714
88,1439456811,1587032944,1947004189,767671929,10268,10.268,0.1,10.0,100,0.5263157894736842,0.5236547634523655,0.5203960396039604,0.5056582661546678,-0.014737773449292613,0.9716796971389164,2628,2422,19884,19439,5050,39323
89,1262306871,1759988972,1062271297,1810307812,10248,10.248,0.0,1.0,0,0.0,0.0,0.0,0.0,0.0,nan,0,5030,0,38156,5030,38156
89,1262306871,1759988972,1062271297,1810307812,10248,10.248,0.01,1.0,10,0.01,0.01019989800101999,0.011530815109343936,0.010037739805011008,-0.0014930753043329286,0.8705143313656099,58,4972,383,37773,5030,38156
89,1262306871,1759988972,1062271297,1810307812,10248,10.248,0.01,2.0,10,0.019801980198019802,0.01882981170188298,0.014934289127837515,0.011465770684586308,-0.003468518443251207,0.7677480050398992,75,4947,546,47074,5022,47620
89,1262306871,1759988972,1062271297,1810307812,10248,10.248,0.01,5.0,10,0.04807692307692308,0.047609523904760954,0.04261586802827966,0.03363319842349905,-0.008982669604780606,0.7892177252186966,217,4875,1903,54678,5092,56581
89,1262306871,1759988972,1062271297,1810307812,10248,10.248,0.01,10.0,10,0.09174311926605505,0.09227907720922791,0.08785529715762273,0.09924454590383847,0.011389248746215733,1.1296364489642792,442,4589,4217,38274,5031,42491
89,1262306871,1759988972,1062271297,1810307812,10248,10.248,0.05,1.0,50,0.05,0.04954950450495495,0.05168986083499006,0.04326973477303701,-0.008420126061953054,0.8371029458014467,260,4770,1651,36505,5030,38156
89,1262306871,1759988972,1062271297,1810307812,10248,10.248,0.05,2.0,50,0.09523809523809523,0.0926290737092629,0.08909706996212877,0.10784770403785335,0.01875063407572458,1.2104517475568461,447,4570,4399,36390,5017,40789
89,1262306871,1759988972,1062271297,1810307812,10248,10.248,0.05,5.0,50,0.20833333333333334,0.20860791392086078,0.20365997638724911,0.22834270070721946,0.024682724319970345,1.1211957536174775,1035,4047,11010,37207,5082,48217
89,1262306871,1759988972,1062271297,1810307812,10248,10.248,0.05,10.0,50,0.3448275862068966,0.34457655423445765,0.34298750247966675,0.3237046142208775,-0.019282888258789266,0.9437796184427086,1729,3312,13694,28610,5041,42304
89,1262306871,1759988972,1062271297,1810307812,10248,10.248,0.1,1.0,100,0.1,0.0993690063099369,0.1025844930417495,0.09047069923472062,-0.012113793807028886,0.8819139867260556,516,4514,3452,34704,5030,38156
89,1262306871,1759988972,1062271297,1810307812,10248,10.248,0.1,2.0,100,0.18181818181818182,0.18327816721832782,0.19026984439629702,0.17441760950310664,-0.015852234893190376,0.9166855108149818,966,4111,10190,48233,5077,58423
89,1262306871,1759988972,1062271297,1810307812,10248,10.248,0.1,5.0,100,0.35714285714285715,0.35656643433565666,0.3630069238377844,0.3608738080156135,-0.0021331158221709057,0.994123759955818,1835,3220,21079,37332,5055,58411
89,1262306871,1759988972,1062271297,1810307812,10248,10.248,0.1,10.0,100,0.5263157894736842,0.5265747342526574,0.5280392156862745,0.5454606425074333,0.01742142682115877,1.032992676118793,2693,2407,24399,20332,5100,44731
90,1591164733,1304254351,745090288,575375459,10218,10.218,0.0,1.0,0,0.0,0.0,0.0,0.0,0.0,nan,0,4989,0,49562,4989,49562
90,1591164733,1304254351,745090288,575375459,10218,10.218,0.01,1.0,10,0.01,0.00994990050099499,0.012427340148326319,0.008070699326096607,-0.0043566408222297116,0.6494309506112254,62,4927,400,49162,4989,49562
90,1591164733,1304254351,745090288,575375459,10218,10.218,0.01,2.0,10,0.019801980198019802,0.02005979940200598,0.026682838083687082,0.020966320824267706,-0.005716517259419376,0.7857605236185784,132,4815,1166,54447,4947,55613
90,1591164733,1304254351,745090288,575375459,10218,10.218,0.01,5.0,10,0.04807692307692308,0.04703952960470395,0.04778156996587031,0.050022071977881555,0.0022405020120112445,1.0468905063942353,238,4743,2153,40888,4981,43041
90,1591164733,1304254351,745090288,575375459,10218,10.218,0.01,10.0,10,0.09174311926605505,0.0930590694093059,0.09648776637726914,0.09848394127368093,0.0019961748964117954,1.020688372955041,489,4579,4112,37641,5068,41753
90,1591164733,1304254351,745090288,575375459,10218,10.218,0.05,1.0,50,0.05,0.04995950040499595,0.0573261174584085,0.05552641136354465,-0.001799706094863851,0.9686058261983366,286,4703,2752,46810,4989,49562
90,1591164733,1304254351,745090288,575375459,10218,10.218,0.05,2.0,50,0.09523809523809523,0.0938190618093819,0.09225239616613419,0.12477213327183677,0.03251973710570258,1.3525083191025076,462,4546,5681,39850,5008,45531
90,1591164733,1304254351,745090288,575375459,10218,10.218,0.05,5.0,50,0.20833333333333334,0.21124788752112478,0.21640316205533597,0.22172622955124333,0.005323067495907358,1.0245979192048322,1095,3965,8444,29639,5060,38083
90,1591164733,1304254351,745090288,575375459,10218,10.218,0.05,10.0,50,0.3448275862068966,0.34568654313456865,0.33346814964610716,0.35271378030891365,0.01924563066280649,1.0577135498044743,1649,3296,20438,37507,4945,57945
90,1591164733,1304254351,745090288,575375459,10218,10.218,0.1,1.0,100,0.1,0.1007189928100719,0.11164562036480256,0.14660425325854484,0.03495863289374228,1.3131213994737527,557,4432,7266,42296,4989,49562
90,1591164733,1304254351,745090288,575375459,10218,10.218,0.1,2.0,100,0.18181818181818182,0.18483815161848383,0.18092958308398166,0.20082213963917206,0.0198925565551904,1.1099464013353577,907,4106,9673,38494,5013,48167
90,1591164733,1304254351,745090288,575375459,10218,10.218,0.1,5.0,100,0.35714285714285715,0.35452645473545263,0.3497624703087886,0.3822481555250091,0.03248568521622053,1.0928792765774455,1767,3285,13626,22021,5052,35647
90,1591164733,1304254351,745090288,575375459,10218,10.218,0.1,10.0,100,0.5263157894736842,0.5258247417525824,0.5353876739562624,0.49484520289832873,-0.04054247105793368,0.9242745527584826,2693,2337,32303,32976,5030,65279
91,681316370,1231662270,1622524527,514537177,10164,10.164,0.0,1.0,0,0.0,0.0,0.0,0.0,0.0,nan,0,5035,0,57534,5035,57534
91,681316370,1231662270,1622524527,514537177,10164,10.164,0.01,1.0,10,0.01,0.00992990070099299,0.009533267130089375,0.004797163416414642,-0.004736103713674733,0.5032024542009942,48,4987,276,57258,5035,57534
91,681316370,1231662270,1622524527,514537177,10164,10.164,0.01,2.0,10,0.019801980198019802,0.01948980510194898,0.0191699604743083,0.031192918364479415,0.012022957890171115,1.6271769786006787,97,4963,1332,41370,5060,42702
91,681316370,1231662270,1622524527,514537177,10164,10.164,0.01,5.0,10,0.04807692307692308,0.04703952960470395,0.04785348562426152,0.02533009970358394,-0.02252338592067758,0.5293261164395031,243,4835,1316,50638,5078,51954
91,681316370,1231662270,1622524527,514537177,10164,10.164,0.01,10.0,10,0.09174311926605505,0.09139908600913992,0.09341531138437129,0.05072218221864543,-0.04269312916572585,0.5429750376781535,471,4571,2395,44823,5042,47218
91,681316370,1231662270,1622524527,514537177,10164,10.164,0.05,1.0,50,0.05,0.05024949750502495,0.04965243296921549,0.061285500747384154,0.011633067778168665,1.234289985052317,250,4785,3526,54008,5035,57534
91,681316370,1231662270,1622524527,514537177,10164,10.164,0.05,2.0,50,0.09523809523809523,0.0945590544094559,0.0986908358509567,0.07416867070237997,-0.024522165148576733,0.7515254082394215,490,4475,4472,55823,4965,60295
91,681316370,1231662270,1622524527,514537177,10164,10.164,0.05,5.0,50,0.20833333333333334,0.2080979190208098,0.2144573488185823,0.1867528542646071,-0.027704494553975195,0.8708158302497179,1071,3923,11123,48437,4994,59560
91,681316370,1231662270,1622524527,514537177,10164,10.164,0.05,10.0,50,0.3448275862068966,0.3448165518344817,0.34901185770750986,0.2806155024901034,-0.06839635521740645,0.8040285631936146,1766,3294,13185,33801,5060,46986
91,681316370,1231662270,1622524527,514537177,10164,10.164,0.1,1.0,100,0.1,0.1010489895101049,0.09374379344587885,0.09217158549727118,-0.0015722079486076707,0.9832286715651702,472,4563,5303,52231,5035,57534
91,681316370,1231662270,1622524527,514537177,10164,10.164,0.1,2.0,100,0.18181818181818182,0.18176818231817682,0.18566176470588236,0.18945952471286173,0.0037977600069793727,1.02045526181977,909,3987,10986,47000,4896,57986
91,681316370,1231662270,1622524527,514537177,10164,10.164,0.1,5.0,100,0.35714285714285715,0.35839641603583966,0.34775736020549297,0.31530517941093744,-0.03245218079455553,0.906681541476565,1760,3301,15694,34080,5061,49774
91,681316370,1231662270,1622524527,514537177,10164,10.164,0.1,10.0,100,0.5263157894736842,0.5265347346526534,0.5338983050847458,0.49521079334743934,-0.038687511737306446,0.9275376764285371,2646,2310,21766,22187,4956,43953
92,186910270,208002429,526029968,1395405912,10144,10.144,0.0,1.0,0,0.0,0.0,0.0,0.0,0.0,nan,0,4947,0,31990,4947,31990
92,186910270,208002429,526029968,1395405912,10144,10.144,0.01,1.0,10,0.01,0.010669893301066989,0.006872852233676976,0.005376680212566427,-0.0014961720211105487,0.7823069709284152,34,4913,172,31818,4947,31990
92,186910270,208002429,526029968,1395405912,10144,10.144,0.01,2.0,10,0.019801980198019802,0.02002979970200298,0.015028432168968318,0.0057262622104120664,-0.00930216995855625,0.3810285827576894,74,4850,306,53132,4924,53438
92,186910270,208002429,526029968,1395405912,10144,10.144,0.01,5.0,10,0.04807692307692308,0.048429515704842954,0.04552715654952077,0.044918272995983125,-0.0006088835535376438,0.9866259261573836,228,4780,1778,37805,5008,39583
92,186910270,208002429,526029968,1395405912,10144,10.144,0.01,10.0,10,0.09174311926605505,0.09122908770912291,0.10061276932200039,0.10054540662192575,-6.736270007463852e-05,0.9993304756391402,509,4550,4959,44362,5059,49321
92,186910270,208002429,526029968,1395405912,10144,10.144,0.05,1.0,50,0.05,0.05066949330506695,0.04851425106124924,0.05220381369177868,0.0036895626305294346,1.076051109721788,240,4707,1670,30320,4947,31990
92,186910270,208002429,526029968,1395405912,10144,10.144,0.05,2.0,50,0.09523809523809523,0.0935390646093539,0.09610491289880603,0.1004768262445165,0.004371913345710465,1.04549104945669,491,4618,5268,47162,5109,52430
92,186910270,208002429,526029968,1395405912,10144,10.144,0.05,5.0,50,0.20833333333333334,0.2078879211207888,0.200363196125908,0.2738894297279295,0.07352623360202151,1.3669647671013279,993,3963,10691,28343,4956,39034
92,186910270,208002429,526029968,1395405912,10144,10.144,0.05,10.0,50,0.3448275862068966,0.34450655493445065,0.3436308926780341,0.32465872677767693,-0.018972165900357163,0.9447891144113949,1713,3272,17528,36461,4985,53989
92,186910270,208002429,526029968,1395405912,10144,10.144,0.1,1.0,100,0.1,0.1015489845101549,0.10046492823933698,0.11341044076273836,0.012945512523401384,1.128856037129309,497,4450,3628,28362,4947,31990
92,186910270,208002429,526029968,1395405912,10144,10.144,0.1,2.0,100,0.18181818181818182,0.18120818791812082,0.17639975918121614,0.23767002161430473,0.061270262433088585,1.3473375628032769,879,4104,10886,34917,4983,45803
92,186910270,208002429,526029968,1395405912,10144,10.144,0.1,5.0,100,0.35714285714285715,0.35826641733582665,0.3663878932696137,0.35391300078554594,-0.012474892484067746,0.9659516793179412,1840,3182,14417,26319,5022,40736
92,186910270,208002429,526029968,1395405912,10144,10.144,0.1,10.0,100,0.5263157894736842,0.5261047389526105,0.5270700636942676,0.49661160525201187,-0.030458458442255698,0.9422117465204333,2648,2376,25795,26147,5024,51942
93,1816216186,1444962540,303654737,600253024,10286,10.286,0.0,1.0,0,0.0,0.0,0.0,0.0,0.0,nan,0,5014,0,48054,5014,48054
93,1816216186,1444962540,303654737,600253024,10286,10.286,0.01,1.0,10,0.01,0.010149898501014989,0.009573195053849222,0.013776168477129895,0.004202973423280673,1.4390355988401937,48,4966,662,47392,5014,48054
93,1816216186,1444962540,303654737,600253024,10286,10.286,0.01,2.0,10,0.019801980198019802,0.01883981160188398,0.01767275615567911,0.0074542299656503415,-0.010218526190028769,0.4217921585057879,89,4947,421,56057,5036,56478
93,1816216186,1444962540,303654737,600253024,10286,10.286,0.01,5.0,10,0.04807692307692308,0.04749952500474995,0.04814522494080505,0.031285644451686495,-0.016859580489118557,0.6498182216440457,244,4824,1536,47560,5068,49096
93,1816216186,1444962540,303654737,600253024,10286,10.286,0.01,10.0,10,0.09174311926605505,0.09031909680903191,0.09222714458316553,0.05353931665849272,-0.038687827924672805,0.5805158221093337,458,4508,3275,57895,4966,61170
93,1816216186,1444962540,303654737,600253024,10286,10.286,0.05,1.0,50,0.05,0.05141948580514195,0.052253689668927,0.0555208723519374,0.0032671826830103987,1.0625253968420387,262,4752,2668,45386,5014,48054
93,1816216186,1444962540,303654737,600253024,10286,10.286,0.05,2.0,50,0.09523809523809523,0.0955690443095569,0.0953779866823345,0.10488988428518103,0.009511897602846528,1.0997284377004812,487,4619,4215,35970,5106,40185
93,1816216186,1444962540,303654737,600253024,10286,10.286,0.05,5.0,50,0.20833333333333334,0.2084579154208458,0.20845396641574984,0.22122458733762354,0.012770620921873699,1.0612635064779885,1080,4101,12960,45623,5181,58583
93,1816216186,1444962540,303654737,600253024,10286,10.286,0.05,10.0,50,0.3448275862068966,0.34641653583464166,0.35184442662389737,0.33859830145249625,-0.013246125171401113,0.9623523234444736,1755,3233,17064,33332,4988,50396
93,1816216186,1444962540,303654737,600253024,10286,10.286,0.1,1.0,100,0.1,0.1017489825101749,0.09892301555644196,0.09605860074083324,-0.002864414815608729,0.9710440002309231,496,4518,4616,43438,5014,48054
93,1816216186,1444962540,303654737,600253024,10286,10.286,0.1,2.0,100,0.18181818181818182,0.18241817581824182,0.1836693950888401,0.1917175417175417,0.008048146628701625,1.043818659199094,920,4089,9421,39719,5009,49140
93,1816216186,1444962540,303654737,600253024,10286,10.286,0.1,5.0,100,0.35714285714285715,0.3604063959360406,0.3568414707655214,0.3737965774545112,0.016955106688989807,1.0475143952652604,1776,3201,15880,26603,4977,42483
93,1816216186,1444962540,303654737,600253024,10286,10.286,0.1,10.0,100,0.5263157894736842,0.5237147628523715,0.5276663993584603,0.577874638243806,0.05020823888534576,1.0951514800760276,2632,2356,32747,23921,4988,56668
94,1379170177,1797317351,1827811023,1821679746,10101,10.101,0.0,1.0,0,0.0,0.0,0.0,0.0,0.0,nan,0,4970,0,46159,4970,46159
94,1379170177,1797317351,1827811023,1821679746,10101,10.101,0.01,1.0,10,0.01,0.009629903700962991,0.01006036217303823,0.004917784180766481,-0.005142577992271748,0.48882774756818825,50,4920,227,45932,4970,46159
94,1379170177,1797317351,1827811023,1821679746,10101,10.101,0.01,2.0,10,0.019801980198019802,0.02098979010209898,0.024033647105948328,0.016350131017606167,-0.007683516088342161,0.68030170142423,120,4873,755,45422,4993,46177
94,1379170177,1797317351,1827811023,1821679746,10101,10.101,0.01,5.0,10,0.04807692307692308,0.04821951780482195,0.05243069505825633,0.058064101740638446,0.005633406682382117,1.1074448217045907,261,4717,2712,43995,4978,46707
94,1379170177,1797317351,1827811023,1821679746,10101,10.101,0.01,10.0,10,0.09174311926605505,0.09176908230917691,0.08723448133635801,0.08720595097581729,-2.853036054072111e-05,0.9996729462925249,423,4426,3177,33254,4849,36431
94,1379170177,1797317351,1827811023,1821679746,10101,10.101,0.05,1.0,50,0.05,0.04934950650493495,0.05070422535211268,0.0459931974262874,-0.004711027925825277,0.9070880603517792,252,4718,2123,44036,4970,46159
94,1379170177,1797317351,1827811023,1821679746,10101,10.101,0.05,2.0,50,0.09523809523809523,0.09447905520944791,0.0863323500491642,0.0980198833292252,0.011687533280061002,1.1353783752371531,439,4646,3579,32934,5085,36513
94,1379170177,1797317351,1827811023,1821679746,10101,10.101,0.05,5.0,50,0.20833333333333334,0.2090379096209038,0.1997242466023242,0.2103118262607141,0.010587579658389884,1.0530109880923526,1014,4063,7999,30035,5077,38034
94,1379170177,1797317351,1827811023,1821679746,10101,10.101,0.05,10.0,50,0.3448275862068966,0.34464655353446466,0.33695652173913043,0.30896015629871343,-0.027996365440417004,0.9169140122413431,1705,3355,14865,33248,5060,48113
94,1379170177,1797317351,1827811023,1821679746,10101,10.101,0.1,1.0,100,0.1,0.0985590144098559,0.10181086519114688,0.08704694642431596,-0.014763918766830919,0.8549868057882417,506,4464,4018,42141,4970,46159
94,1379170177,1797317351,1827811023,1821679746,10101,10.101,0.1,2.0,100,0.18181818181818182,0.1825381746182538,0.18600953895071543,0.15511731391585762,-0.030892225034857806,0.8339212859237132,936,4096,7669,41771,5032,49440
94,1379170177,1797317351,1827811023,1821679746,10101,10.101,0.1,5.0,100,0.35714285714285715,0.35808641913580863,0.35888294711824126,0.376616126655204,0.01773317953696274,1.0494121542395833,1812,3237,16866,27917,5049,44783
94,1379170177,1797317351,1827811023,1821679746,10101,10.101,0.1,10.0,100,0.5263157894736842,0.5256847431525685,0.5279387417218543,0.544877458959215,0.016938717237360734,1.0320846262998538,2551,2281,23433,19573,4832,43006
95,1407486841,723207488,1243275275,8801997,10304,10.304,0.0,1.0,0,0.0,0.0,0.0,0.0,0.0,nan,0,5054,0,47695,5054,47695
95,1407486841,723207488,1243275275,8801997,10304,10.304,0.01,1.0,10,0.01,0.010389896101038989,0.007123070834982192,0.006688332110284097,-0.0004347387246980954,0.9389675134826618,36,5018,319,47376,5054,47695
95,1407486841,723207488,1243275275,8801997,10304,10.304,0.01,2.0,10,0.019801980198019802,0.02003979960200398,0.020796197266785502,0.025532354765350422,0.00473615749856492,1.227741516288136,105,4944,1235,47135,5049,48370
95,1407486841,723207488,1243275275,8801997,10304,10.304,0.01,5.0,10,0.04807692307692308,0.04779952200477995,0.047735120861263455,0.05148202603933602,0.0037469051780725654,1.0784936774112819,235,4688,2416,44513,4923,46929
95,1407486841,723207488,1243275275,8801997,10304,10.304,0.01,10.0,10,0.09174311926605505,0.09221907780922191,0.09325595357214328,0.08029179506933744,-0.012964158502805842,0.8609830471276377,466,4531,3335,38201,4997,41536
95,1407486841,723207488,1243275275,8801997,10304,10.304,0.05,1.0,50,0.05,0.04948950510494895,0.04788286505738029,0.04908271307264912,0.0011998480152688312,1.0250579829304491,242,4812,2341,45354,5054,47695
95,1407486841,723207488,1243275275,8801997,10304,10.304,0.05,2.0,50,0.09523809523809523,0.0950290497095029,0.09868807519091444,0.08346949348423863,-0.01521858170667581,0.84579107782541,504,4603,4189,45997,5107,50186
95,1407486841,723207488,1243275275,8801997,10304,10.304,0.05,5.0,50,0.20833333333333334,0.20767792322076778,0.21251523770824868,0.21068236224276898,-0.0018328754654796942,0.9913753221404483,1046,3876,9593,35940,4922,45533
95,1407486841,723207488,1243275275,8801997,10304,10.304,0.05,10.0,50,0.3448275862068966,0.34627653723462765,0.34852439269223046,0.3834000181867782,0.03487562549454776,1.1000665268366028,1736,3245,16865,27123,4981,43988
95,1407486841,723207488,1243275275,8801997,10304,10.304,0.1,1.0,100,0.1,0.0994390056099439,0.09932726553225169,0.08912883950099591,-0.010198426031255772,0.8973250096375166,502,4552,4251,43444,5054,47695
95,1407486841,723207488,1243275275,8801997,10304,10.304,0.1,2.0,100,0.18181818181818182,0.18113818861811382,0.17850710426255753,0.17194513086892935,-0.006561973393628184,0.9632397073453363,892,4105,6819,32839,4997,39658
95,1407486841,723207488,1243275275,8801997,10304,10.304,0.1,5.0,100,0.35714285714285715,0.36126638733612665,0.3622589531680441,0.3780560656680753,0.01579711250003124,1.043607238308071,1841,3241,17087,28110,5082,45197
95,1407486841,723207488,1243275275,8801997,10304,10.304,0.1,10.0,100,0.5263157894736842,0.5257047429525705,0.5257793764988009,0.5414618309989797,0.0156824545001788,1.0298270628350037,2631,2373,23350,19774,5004,43124
96,1473575146,707272091,2065029947,2051533775,10103,10.103,0.0,1.0,0,0.0,0.0,0.0,0.0,0.0,nan,0,4966,0,41161,4966,41161
96,1473575146,707272091,2065029947,2051533775,10103,10.103,0.01,1.0,10,0.01,0.01009989900100999,0.010068465565847765,0.00604941570904497,-0.004019049856802795,0.6008279682223464,50,4916,249,40912,4966,41161
96,1473575146,707272091,2065029947,2051533775,10103,10.103,0.01,2.0,10,0.019801980198019802,0.019629803701962982,0.020404080816163232,0.020305968724140127,-9.811209202310531e-05,0.9951915456076127,102,4897,957,46172,4999,47129
96,1473575146,707272091,2065029947,2051533775,10103,10.103,0.01,5.0,10,0.04807692307692308,0.04836951630483695,0.05258833196384552,0.04818423383525244,-0.004404098128593083,0.9162533215234722,256,4612,1632,32238,4868,33870
96,1473575146,707272091,2065029947,2051533775,10103,10.103,0.01,10.0,10,0.09174311926605505,0.09135908640913591,0.08672461477676807,0.05822426123330185,-0.028500353543466223,0.6713694996878679,439,4623,2589,41877,5062,44466
96,1473575146,707272091,2065029947,2051533775,10103,10.103,0.05,1.0,50,0.05,0.04928950710492895,0.052960128876359244,0.06202473214936469,0.009064603273005449,1.1711590108507417,263,4703,2553,38608,4966,41161
96,1473575146,707272091,2065029947,2051533775,10103,10.103,0.05,2.0,50,0.09523809523809523,0.09375906240937591,0.09450038729666925,0.086375,-0.008125387296669256,0.9140174180327868,488,4676,4146,43854,5164,48000
96,1473575146,707272091,2065029947,2051533775,10103,10.103,0.05,5.0,50,0.20833333333333334,0.2087679123208768,0.20929764540148924,0.1703982873199233,-0.03889935808156594,0.8141433554737488,1040,3929,7641,37201,4969,44842
96,1473575146,707272091,2065029947,2051533775,10103,10.103,0.05,10.0,50,0.3448275862068966,0.34677653223467764,0.35302279484638255,0.3516909224165009,-0.001331872429881642,0.9962272339086171,1781,3264,16795,30960,5045,47755
96,1473575146,707272091,2065029947,2051533775,10103,10.103,0.1,1.0,100,0.1,0.0989790102098979,0.10289971808296415,0.14248924953232428,0.03958953144936013,1.3847389690362475,511,4455,5865,35296,4966,41161
96,1473575146,707272091,2065029947,2051533775,10103,10.103,0.1,2.0,100,0.18181818181818182,0.1834681653183468,0.18771060455896926,0.21262811835234965,0.02491751379338039,1.1327443052667414,947,4098,8796,32572,5045,41368
96,1473575146,707272091,2065029947,2051533775,10103,10.103,0.1,5.0,100,0.35714285714285715,0.35591644083559165,0.3550635506355064,0.3168655771530399,-0.03819797348246645,0.892419333344416,1732,3146,13514,29135,4878,42649
96,1473575146,707272091,2065029947,2051533775,10103,10.103,0.1,10.0,100,0.5263157894736842,0.5270747292527075,0.5392649126330589,0.5249563191613279,-0.014308593471730968,0.9734664853274679,2685,2294,18027,16313,4979,34340
97,1227958697,862268710,1124574916,67371877,10067,10.067,0.0,1.0,0,0.0,0.0,0.0,0.0,0.0,nan,0,5012,0,42971,5012,42971
97,1227958697,862268710,1124574916,67371877,10067,10.067,0.01,1.0,10,0.01,0.00981990180098199,0.008978451715881883,0.003513997812478183,-0.0054644539034037,0.3913812674697923,45,4967,151,42820,5012,42971
97,1227958697,862268710,1124574916,67371877,10067,10.067,0.01,2.0,10,0.019801980198019802,0.02033979660203398,0.018577706751897724,0.019261407371605536,0.0006837006197078117,1.0368022075511538,93,4913,1076,54787,5006,55863
97,1227958697,862268710,1124574916,67371877,10067,10.067,0.01,5.0,10,0.04807692307692308,0.04740952590474095,0.04042037186742118,0.03852204791657302,-0.0018983239508481575,0.9530354654560166,200,4748,1714,42780,4948,44494
97,1227958697,862268710,1124574916,67371877,10067,10.067,0.01,10.0,10,0.09174311926605505,0.09071909280907191,0.09851155503329416,0.07436290578407528,-0.024148649249218876,0.7548648050367562,503,4603,2813,35015,5106,37828
97,1227958697,862268710,1124574916,67371877,10067,10.067,0.05,1.0,50,0.05,0.04984950150498495,0.04908220271348763,0.06031975052942682,0.011237547815939192,1.2289536164775903,246,4766,2592,40379,5012,42971
97,1227958697,862268710,1124574916,67371877,10067,10.067,0.05,2.0,50,0.09523809523809523,0.0954590454095459,0.09880542619963556,0.09718426237844022,-0.0016211638211953427,0.9835923604244184,488,4451,4587,42612,4939,47199
97,1227958697,862268710,1124574916,67371877,10067,10.067,0.05,5.0,50,0.20833333333333334,0.21069789302106978,0.21404212637913742,0.24209289356277883,0.028050767183641412,1.1310525533368814,1067,3918,12155,38053,4985,50208
97,1227958697,862268710,1124574916,67371877,10067,10.067,0.05,10.0,50,0.3448275862068966,0.34709652903470967,0.34851524879614765,0.4177283694500192,0.06921312065387153,1.1985942391127782,1737,3247,18525,25822,4984,44347
97,1227958697,862268710,1124574916,67371877,10067,10.067,0.1,1.0,100,0.1,0.1000289997100029,0.09517158818834796,0.10448907402666915,0.00931748583832119,1.09790196859888,477,4535,4490,38481,5012,42971
97,1227958697,862268710,1124574916,67371877,10067,10.067,0.1,2.0,100,0.18181818181818182,0.1805181948180518,0.180311299777643,0.16231872397771385,-0.01799257579992916,0.9002138200871642,892,4055,8070,41647,4947,49717
97,1227958697,862268710,1124574916,67371877,10067,10.067,0.1,5.0,100,0.35714285714285715,0.35842641573584266,0.3596669374492283,0.346157277309425,-0.013509660139803259,0.962438415286058,1771,3153,15521,29317,4924,44838
97,1227958697,862268710,1124574916,67371877,10067,10.067,0.1,10.0,100,0.5263157894736842,0.5267547324526755,0.5262202501008472,0.541364479676168,0.0151442295753208,1.028779260342829,2609,2349,25678,21754,4958,47432
98,457398646,1637362505,1530986775,678268343,10028,10.028,0.0,1.0,0,0.0,0.0,0.0,0.0,0.0,nan,0,4899,0,52682,4899,52682
98,457398646,1637362505,1530986775,678268343,10028,10.028,0.01,1.0,10,0.01,0.01035989640103599,0.01224739742804654,0.010079343988459057,-0.0021680534395874824,0.822978436657682,60,4839,531,52151,4899,52682
98,457398646,1637362505,1530986775,678268343,10028,10.028,0.01,2.0,10,0.019801980198019802,0.01940980590194098,0.01925777331995988,0.025641697223677318,0.006383923903717437,1.331498548541994,96,4889,979,37201,4985,38180
98,457398646,1637362505,1530986775,678268343,10028,10.028,0.01,5.0,10,0.04807692307692308,0.048279517204827954,0.04473837774751994,0.055618709623755785,0.010880331876235848,1.2431990703292544,230,4911,2006,34061,5141,36067
98,457398646,1637362505,1530986775,678268343,10028,10.028,0.01,10.0,10,0.09174311926605505,0.09091909080909191,0.09270704573547589,0.07862943157060805,-0.014077614164867844,0.8481494685416255,450,4404,3176,37216,4854,40392
98,457398646,1637362505,1530986775,678268343,10028,10.028,0.05,1.0,50,0.05,0.05014949850501495,0.05388854868340478,0.04248130291181049,-0.011407245771594292,0.7883178142612105,264,4635,2238,50444,4899,52682
98,457398646,1637362505,1530986775,678268343,10028,10.028,0.05,2.0,50,0.09523809523809523,0.0965390346096539,0.09366336633663366,0.1015648066135223,0.007901440276888633,1.0843599860428914,473,4577,4816,42602,5050,47418
98,457398646,1637362505,1530986775,678268343,10028,10.028,0.05,5.0,50,0.20833333333333334,0.20892791072089278,0.21744397334948515,0.2643106433262799,0.046866669976794756,1.2155344627623625,1077,3876,9618,26771,4953,36389
98,457398646,1637362505,1530986775,678268343,10028,10.028,0.05,10.0,50,0.3448275862068966,0.34434655653443463,0.34533227848101267,0.39655369950276115,0.05122142102174848,1.1483250313207103,1746,3310,17306,26335,5056,43641
98,457398646,1637362505,1530986775,678268343,10028,10.028,0.1,1.0,100,0.1,0.1006089939100609,0.10757297407634211,0.08995482327929843,-0.01761815079704368,0.8362214027424725,527,4372,4739,47943,4899,52682
98,457398646,1637362505,1530986775,678268343,10028,10.028,0.1,2.0,100,0.18181818181818182,0.18247817521824783,0.1820662768031189,0.13814180929095354,-0.04392446751216536,0.7587446270477427,934,4196,7571,47235,5130,54806
98,457398646,1637362505,1530986775,678268343,10028,10.028,0.1,5.0,100,0.35714285714285715,0.35897641023589766,0.35962646532882975,0.3313345946732644,-0.02829187065556532,0.9213298425362098,1810,3223,11383,22972,5033,34355
98,457398646,1637362505,1530986775,678268343,10028,10.028,0.1,10.0,100,0.5263157894736842,0.5249947500524995,0.5294235790319342,0.4482791047583224,-0.08114447427361177,0.8467305245036749,2636,2343,23835,29335,4979,53170
99,1383888509,905945390,421827964,1997473392,10079,10.079,0.0,1.0,0,0.0,0.0,0.0,0.0,0.0,nan,0,5004,0,59321,5004,59321
99,1383888509,905945390,421827964,1997473392,10079,10.079,0.01,1.0,10,0.01,0.00976990230097699,0.008992805755395683,0.009912172755010874,0.0009193669996151906,1.1022336103572092,45,4959,588,58733,5004,59321
99,1383888509,905945390,421827964,1997473392,10079,10.079,0.01,2.0,10,0.019801980198019802,0.020519794802051978,0.02328849628588637,0.030890173410404623,0.0076016771245182545,1.3264133944588399,116,4865,1336,41914,4981,43250
99,1383888509,905945390,421827964,1997473392,10079,10.079,0.01,5.0,10,0.04807692307692308,0.04893951060489395,0.05024019215372298,0.030536890426452,-0.019703301727270982,0.6078179464962318,251,4745,1377,43716,4996,45093
99,1383888509,905945390,421827964,1997473392,10079,10.079,0.01,10.0,10,0.09174311926605505,0.09138908610913891,0.09172482552342971,0.04436794389326035,-0.047356881630169365,0.4837070404884797,460,4555,2075,44693,5015,46768
99,1383888509,905945390,421827964,1997473392,10079,10.079,0.05,1.0,50,0.05,0.05053949460505395,0.04716227018385292,0.03754151143777077,-0.009620758746082148,0.7960073018415463,236,4768,2227,57094,5004,59321
99,1383888509,905945390,421827964,1997473392,10079,10.079,0.05,2.0,50,0.09523809523809523,0.09372906270937291,0.08918595371109338,0.07226281127804075,-0.016923142433052624,0.8102487922271594,447,4565,2809,36063,5012,38872
99,1383888509,905945390,421827964,1997473392,10079,10.079,0.05,5.0,50,0.20833333333333334,0.20650793492065078,0.20336943441636582,0.23048731248252943,0.027117878066163614,1.1333429388933844,1014,3972,7421,24776,4986,32197
99,1383888509,905945390,421827964,1997473392,10079,10.079,0.05,10.0,50,0.3448275862068966,0.34488655113448863,0.34035785288270376,0.30154253281799503,-0.038815320064708725,0.8859573248098803,1712,3318,17320,40118,5030,57438
99,1383888509,905945390,421827964,1997473392,10079,10.079,0.1,1.0,100,0.1,0.0996190038099619,0.09392486011191047,0.10594898939667234,0.012024129284761875,1.128018602002018,470,4534,6285,53036,5004,59321
99,1383888509,905945390,421827964,1997473392,10079,10.079,0.1,2.0,100,0.18181818181818182,0.18189818101818983,0.17747372595677177,0.18650309682664945,0.009029370869877679,1.0508772260299364,895,4148,7799,34018,5043,41817
99,1383888509,905945390,421827964,1997473392,10079,10.079,0.1,5.0,100,0.35714285714285715,0.35710642893571065,0.3527093596059113,0.3047819770415993,-0.047927382564312004,0.864116499154255,1790,3285,14895,33976,5075,48871
99,1383888509,905945390,421827964,1997473392,10079,10.079,0.1,10.0,100,0.5263157894736842,0.5271747282527175,0.5341024084193483,0.43781025923883066,-0.09629214918051765,0.8197121981428808,2639,2302,22225,28539,4941,50764
